train/learning_rate,train/loss,_step,run_id,run_name,stage,eval/loss
2.0000000000000003e-06,0.6772,0,7o2bifgt,qwen3-8b-narrated-dpo,Baseline,
4.5e-06,0.3525,1,7o2bifgt,qwen3-8b-narrated-dpo,Baseline,
4.849231551964771e-06,0.0333,2,7o2bifgt,qwen3-8b-narrated-dpo,Baseline,
4.267766952966369e-06,0.0025,3,7o2bifgt,qwen3-8b-narrated-dpo,Baseline,
3.3550503583141726e-06,0.0004,4,7o2bifgt,qwen3-8b-narrated-dpo,Baseline,
2.2821106431308546e-06,0.0004,5,7o2bifgt,qwen3-8b-narrated-dpo,Baseline,
1.2500000000000007e-06,0.0002,6,7o2bifgt,qwen3-8b-narrated-dpo,Baseline,
4.5211988927752026e-07,0.0001,7,7o2bifgt,qwen3-8b-narrated-dpo,Baseline,
3.798061746947995e-08,0.0001,8,7o2bifgt,qwen3-8b-narrated-dpo,Baseline,
,,9,7o2bifgt,qwen3-8b-narrated-dpo,Baseline,
1.2413793103448277e-05,0.8008453369140625,0,irh8tzab,qwen2.5-coder-7b-manim-sft-manim,AOS-Qwen-SFT,
1.2413793103448277e-05,0.8008166313171386,0,8qme3ko3,qwen2.5-coder-7b-manim-sft-manim,AOS-Qwen-SFT,
2.620689655172414e-05,0.8368865013122558,1,8qme3ko3,qwen2.5-coder-7b-manim-sft-manim,AOS-Qwen-SFT,
4e-05,0.6942196369171143,2,8qme3ko3,qwen2.5-coder-7b-manim-sft-manim,AOS-Qwen-SFT,
5.379310344827586e-05,0.6445207118988037,3,8qme3ko3,qwen2.5-coder-7b-manim-sft-manim,AOS-Qwen-SFT,
6.758620689655173e-05,0.6098268508911133,4,8qme3ko3,qwen2.5-coder-7b-manim-sft-manim,AOS-Qwen-SFT,
8.137931034482759e-05,0.5517848491668701,5,8qme3ko3,qwen2.5-coder-7b-manim-sft-manim,AOS-Qwen-SFT,
9.517241379310345e-05,0.681928014755249,6,8qme3ko3,qwen2.5-coder-7b-manim-sft-manim,AOS-Qwen-SFT,
0.00010896551724137931,0.5671521663665772,7,8qme3ko3,qwen2.5-coder-7b-manim-sft-manim,AOS-Qwen-SFT,
0.00012275862068965518,0.5615998268127441,8,8qme3ko3,qwen2.5-coder-7b-manim-sft-manim,AOS-Qwen-SFT,
0.00013655172413793104,0.5907763957977294,9,8qme3ko3,qwen2.5-coder-7b-manim-sft-manim,AOS-Qwen-SFT,
0.0001503448275862069,0.6175389766693116,10,8qme3ko3,qwen2.5-coder-7b-manim-sft-manim,AOS-Qwen-SFT,
0.00016413793103448276,0.5182455062866211,11,8qme3ko3,qwen2.5-coder-7b-manim-sft-manim,AOS-Qwen-SFT,
0.00017793103448275862,0.5524367332458496,12,8qme3ko3,qwen2.5-coder-7b-manim-sft-manim,AOS-Qwen-SFT,
0.0001917241379310345,0.5002412319183349,13,8qme3ko3,qwen2.5-coder-7b-manim-sft-manim,AOS-Qwen-SFT,
0.00019999963593662318,0.5324110507965087,14,8qme3ko3,qwen2.5-coder-7b-manim-sft-manim,AOS-Qwen-SFT,
0.00019999554025407733,0.505470085144043,15,8qme3ko3,qwen2.5-coder-7b-manim-sft-manim,AOS-Qwen-SFT,
0.00019998689399677123,0.46117539405822755,16,8qme3ko3,qwen2.5-coder-7b-manim-sft-manim,AOS-Qwen-SFT,
0.00019997369755817687,0.5915730953216553,17,8qme3ko3,qwen2.5-coder-7b-manim-sft-manim,AOS-Qwen-SFT,
0.00019995595153883487,0.5196581840515136,18,8qme3ko3,qwen2.5-coder-7b-manim-sft-manim,AOS-Qwen-SFT,
0.00019993365674632712,0.622819185256958,19,8qme3ko3,qwen2.5-coder-7b-manim-sft-manim,AOS-Qwen-SFT,
0.00019990681419524003,0.6269690990447998,20,8qme3ko3,qwen2.5-coder-7b-manim-sft-manim,AOS-Qwen-SFT,
0.00019987542510711842,0.5416362762451172,21,8qme3ko3,qwen2.5-coder-7b-manim-sft-manim,AOS-Qwen-SFT,
0.00019983949091041,0.45185317993164065,22,8qme3ko3,qwen2.5-coder-7b-manim-sft-manim,AOS-Qwen-SFT,
0.00019979901324040014,0.4898990631103516,23,8qme3ko3,qwen2.5-coder-7b-manim-sft-manim,AOS-Qwen-SFT,
0.00019975399393913756,0.5063512802124024,24,8qme3ko3,qwen2.5-coder-7b-manim-sft-manim,AOS-Qwen-SFT,
0.0001997044350553507,0.5163060188293457,25,8qme3ko3,qwen2.5-coder-7b-manim-sft-manim,AOS-Qwen-SFT,
0.0001996503388443541,0.48030738830566405,26,8qme3ko3,qwen2.5-coder-7b-manim-sft-manim,AOS-Qwen-SFT,
0.00019959170776794616,0.5454916954040527,27,8qme3ko3,qwen2.5-coder-7b-manim-sft-manim,AOS-Qwen-SFT,
0.0001995285444942968,0.5272775650024414,28,8qme3ko3,qwen2.5-coder-7b-manim-sft-manim,AOS-Qwen-SFT,
0.00019946085189782617,0.4642471790313721,29,8qme3ko3,qwen2.5-coder-7b-manim-sft-manim,AOS-Qwen-SFT,
0.0001993886330590739,0.5880890846252441,30,8qme3ko3,qwen2.5-coder-7b-manim-sft-manim,AOS-Qwen-SFT,
0.0001993118912645588,0.5019361019134522,31,8qme3ko3,qwen2.5-coder-7b-manim-sft-manim,AOS-Qwen-SFT,
0.00019923063000662939,0.49979681968688966,32,8qme3ko3,qwen2.5-coder-7b-manim-sft-manim,AOS-Qwen-SFT,
0.00019914485298330481,0.49546146392822266,33,8qme3ko3,qwen2.5-coder-7b-manim-sft-manim,AOS-Qwen-SFT,
0.00019905456409810676,0.5206610679626464,34,8qme3ko3,qwen2.5-coder-7b-manim-sft-manim,AOS-Qwen-SFT,
0.00019895976745988171,0.4202856540679932,35,8qme3ko3,qwen2.5-coder-7b-manim-sft-manim,AOS-Qwen-SFT,
0.00019886046738261395,0.547857666015625,36,8qme3ko3,qwen2.5-coder-7b-manim-sft-manim,AOS-Qwen-SFT,
0.00019875666838522924,0.44986701011657715,37,8qme3ko3,qwen2.5-coder-7b-manim-sft-manim,AOS-Qwen-SFT,
0.00019864837519138924,0.6164367198944092,38,8qme3ko3,qwen2.5-coder-7b-manim-sft-manim,AOS-Qwen-SFT,
0.00019853559272927648,0.443204402923584,39,8qme3ko3,qwen2.5-coder-7b-manim-sft-manim,AOS-Qwen-SFT,
0.00019841832613137008,0.4457667350769043,40,8qme3ko3,qwen2.5-coder-7b-manim-sft-manim,AOS-Qwen-SFT,
0.00019829658073421228,0.48558917045593264,41,8qme3ko3,qwen2.5-coder-7b-manim-sft-manim,AOS-Qwen-SFT,
0.00019817036207816547,0.44679980278015136,42,8qme3ko3,qwen2.5-coder-7b-manim-sft-manim,AOS-Qwen-SFT,
0.00019803967590716016,0.4892078399658203,43,8qme3ko3,qwen2.5-coder-7b-manim-sft-manim,AOS-Qwen-SFT,
0.00019790452816843338,0.5068545818328858,44,8qme3ko3,qwen2.5-coder-7b-manim-sft-manim,AOS-Qwen-SFT,
0.00019776492501225843,0.4674836158752441,45,8qme3ko3,qwen2.5-coder-7b-manim-sft-manim,AOS-Qwen-SFT,
0.00019762087279166454,0.4906031131744385,46,8qme3ko3,qwen2.5-coder-7b-manim-sft-manim,AOS-Qwen-SFT,
0.00019747237806214813,0.47154960632324217,47,8qme3ko3,qwen2.5-coder-7b-manim-sft-manim,AOS-Qwen-SFT,
0.00019731944758137422,0.5151449680328369,48,8qme3ko3,qwen2.5-coder-7b-manim-sft-manim,AOS-Qwen-SFT,
0.000197162088308869,0.5229923725128174,49,8qme3ko3,qwen2.5-coder-7b-manim-sft-manim,AOS-Qwen-SFT,
0.0001970003074057033,0.5649372100830078,50,8qme3ko3,qwen2.5-coder-7b-manim-sft-manim,AOS-Qwen-SFT,
0.00019683411223416622,0.41866130828857423,51,8qme3ko3,qwen2.5-coder-7b-manim-sft-manim,AOS-Qwen-SFT,
0.00019666351035743077,0.3824883699417114,52,8qme3ko3,qwen2.5-coder-7b-manim-sft-manim,AOS-Qwen-SFT,
0.00019648850953920906,0.457274055480957,53,8qme3ko3,qwen2.5-coder-7b-manim-sft-manim,AOS-Qwen-SFT,
0.0001963091177433993,0.49710559844970703,54,8qme3ko3,qwen2.5-coder-7b-manim-sft-manim,AOS-Qwen-SFT,
0.00019612534313372338,0.5622233390808106,55,8qme3ko3,qwen2.5-coder-7b-manim-sft-manim,AOS-Qwen-SFT,
0.00019593719407335524,0.4376365661621094,56,8qme3ko3,qwen2.5-coder-7b-manim-sft-manim,AOS-Qwen-SFT,
0.00019574467912454046,0.48816418647766113,57,8qme3ko3,qwen2.5-coder-7b-manim-sft-manim,AOS-Qwen-SFT,
0.00019554780704820638,0.48004732131958006,58,8qme3ko3,qwen2.5-coder-7b-manim-sft-manim,AOS-Qwen-SFT,
0.00019534658680356358,0.3981076955795288,59,8qme3ko3,qwen2.5-coder-7b-manim-sft-manim,AOS-Qwen-SFT,
0.0001951410275476981,0.602494192123413,60,8qme3ko3,qwen2.5-coder-7b-manim-sft-manim,AOS-Qwen-SFT,
0.0001949311386351548,0.5067622184753418,61,8qme3ko3,qwen2.5-coder-7b-manim-sft-manim,AOS-Qwen-SFT,
0.00019471692961751144,0.47440299987792967,62,8qme3ko3,qwen2.5-coder-7b-manim-sft-manim,AOS-Qwen-SFT,
0.0001944984102429443,0.5752595901489258,63,8qme3ko3,qwen2.5-coder-7b-manim-sft-manim,AOS-Qwen-SFT,
0.0001942755904557844,0.45565118789672854,64,8qme3ko3,qwen2.5-coder-7b-manim-sft-manim,AOS-Qwen-SFT,
0.00019404848039606494,0.49209275245666506,65,8qme3ko3,qwen2.5-coder-7b-manim-sft-manim,AOS-Qwen-SFT,
0.0001938170903990599,0.4171450614929199,66,8qme3ko3,qwen2.5-coder-7b-manim-sft-manim,AOS-Qwen-SFT,
0.00019358143099481364,0.4375776290893555,67,8qme3ko3,qwen2.5-coder-7b-manim-sft-manim,AOS-Qwen-SFT,
0.0001933415129076619,0.4898828983306885,68,8qme3ko3,qwen2.5-coder-7b-manim-sft-manim,AOS-Qwen-SFT,
0.00019309734705574348,0.5533959865570068,69,8qme3ko3,qwen2.5-coder-7b-manim-sft-manim,AOS-Qwen-SFT,
0.00019284894455050356,0.46845288276672364,70,8qme3ko3,qwen2.5-coder-7b-manim-sft-manim,AOS-Qwen-SFT,
0.00019259631669618795,0.513484001159668,71,8qme3ko3,qwen2.5-coder-7b-manim-sft-manim,AOS-Qwen-SFT,
0.00019233947498932877,0.5140818119049072,72,8qme3ko3,qwen2.5-coder-7b-manim-sft-manim,AOS-Qwen-SFT,
0.00019207843111822121,0.45288839340209963,73,8qme3ko3,qwen2.5-coder-7b-manim-sft-manim,AOS-Qwen-SFT,
0.00019181319696239153,0.4222300052642822,74,8qme3ko3,qwen2.5-coder-7b-manim-sft-manim,AOS-Qwen-SFT,
0.0001915437845920566,0.4428732872009277,75,8qme3ko3,qwen2.5-coder-7b-manim-sft-manim,AOS-Qwen-SFT,
0.0001912702062675745,0.3517256021499634,76,8qme3ko3,qwen2.5-coder-7b-manim-sft-manim,AOS-Qwen-SFT,
0.00019099247443888669,0.524141502380371,77,8qme3ko3,qwen2.5-coder-7b-manim-sft-manim,AOS-Qwen-SFT,
0.00019071060174495133,0.41823105812072753,78,8qme3ko3,qwen2.5-coder-7b-manim-sft-manim,AOS-Qwen-SFT,
0.0001904246010131681,0.41547346115112305,79,8qme3ko3,qwen2.5-coder-7b-manim-sft-manim,AOS-Qwen-SFT,
0.00019013448525879463,0.4960479736328125,80,8qme3ko3,qwen2.5-coder-7b-manim-sft-manim,AOS-Qwen-SFT,
0.00018984026768435397,0.4490164279937744,81,8qme3ko3,qwen2.5-coder-7b-manim-sft-manim,AOS-Qwen-SFT,
0.00018954196167903393,0.3999420166015625,82,8qme3ko3,qwen2.5-coder-7b-manim-sft-manim,AOS-Qwen-SFT,
0.00018923958081807775,0.5835687637329101,83,8qme3ko3,qwen2.5-coder-7b-manim-sft-manim,AOS-Qwen-SFT,
0.00018893313886216625,0.4491508960723877,84,8qme3ko3,qwen2.5-coder-7b-manim-sft-manim,AOS-Qwen-SFT,
0.0001886226497567916,0.48820481300354,85,8qme3ko3,qwen2.5-coder-7b-manim-sft-manim,AOS-Qwen-SFT,
0.00018830812763162292,0.6963384628295899,86,8qme3ko3,qwen2.5-coder-7b-manim-sft-manim,AOS-Qwen-SFT,
0.00018798958679986288,0.4970424175262451,87,8qme3ko3,qwen2.5-coder-7b-manim-sft-manim,AOS-Qwen-SFT,
0.00018766704175759676,0.4084636688232422,88,8qme3ko3,qwen2.5-coder-7b-manim-sft-manim,AOS-Qwen-SFT,
0.00018734050718313236,0.4296452522277832,89,8qme3ko3,qwen2.5-coder-7b-manim-sft-manim,AOS-Qwen-SFT,
0.0001870099979363324,0.6528080463409424,90,8qme3ko3,qwen2.5-coder-7b-manim-sft-manim,AOS-Qwen-SFT,
0.00018667552905793795,0.4636082172393799,91,8qme3ko3,qwen2.5-coder-7b-manim-sft-manim,AOS-Qwen-SFT,
0.00018633711576888424,0.4257970809936523,92,8qme3ko3,qwen2.5-coder-7b-manim-sft-manim,AOS-Qwen-SFT,
0.00018599477346960782,0.4263948440551758,93,8qme3ko3,qwen2.5-coder-7b-manim-sft-manim,AOS-Qwen-SFT,
0.0001999904234053922,0.7402788162231445,0,mwq2puj8,qwen2.5-coder-7b-manim-sft-manim,AOS-Qwen-SFT,
0.00019884344980542338,0.538056755065918,1,mwq2puj8,qwen2.5-coder-7b-manim-sft-manim,AOS-Qwen-SFT,
9.473684210526316e-05,0.8556742668151855,0,6ar66uy9,qwen2.5-coder-7b-manim-sft-manim,AOS-Qwen-SFT,
0.0002,0.6220818519592285,1,6ar66uy9,qwen2.5-coder-7b-manim-sft-manim,AOS-Qwen-SFT,
0.00019986520883988232,0.592787504196167,2,6ar66uy9,qwen2.5-coder-7b-manim-sft-manim,AOS-Qwen-SFT,
0.00019946119873266613,0.7362766265869141,3,6ar66uy9,qwen2.5-coder-7b-manim-sft-manim,AOS-Qwen-SFT,
0.00019878905881817252,0.6076572895050049,4,6ar66uy9,qwen2.5-coder-7b-manim-sft-manim,AOS-Qwen-SFT,
0.00019785060106677818,0.6327905178070068,5,6ar66uy9,qwen2.5-coder-7b-manim-sft-manim,AOS-Qwen-SFT,
0.0001966483553946637,0.5670470237731934,6,6ar66uy9,qwen2.5-coder-7b-manim-sft-manim,AOS-Qwen-SFT,
0.00019518556284360696,0.5255940437316895,7,6ar66uy9,qwen2.5-coder-7b-manim-sft-manim,AOS-Qwen-SFT,
0.0001934661668437073,0.543147611618042,8,6ar66uy9,qwen2.5-coder-7b-manim-sft-manim,AOS-Qwen-SFT,
0.00019149480258259533,0.5779228687286377,9,6ar66uy9,qwen2.5-coder-7b-manim-sft-manim,AOS-Qwen-SFT,
0.0001892767845097864,0.4613929271697998,10,6ar66uy9,qwen2.5-coder-7b-manim-sft-manim,AOS-Qwen-SFT,
0.0001868180920098644,0.5549463748931884,11,6ar66uy9,qwen2.5-coder-7b-manim-sft-manim,AOS-Qwen-SFT,
0.00018412535328311814,0.569306468963623,12,6ar66uy9,qwen2.5-coder-7b-manim-sft-manim,AOS-Qwen-SFT,
0.00018120582747708502,0.5821253776550293,13,6ar66uy9,qwen2.5-coder-7b-manim-sft-manim,AOS-Qwen-SFT,
0.0001780673851171728,0.5316959857940674,14,6ar66uy9,qwen2.5-coder-7b-manim-sft-manim,AOS-Qwen-SFT,
0.00017471848688911464,0.4893980026245117,15,6ar66uy9,qwen2.5-coder-7b-manim-sft-manim,AOS-Qwen-SFT,
0.00017116816083045602,0.6156208515167236,16,6ar66uy9,qwen2.5-coder-7b-manim-sft-manim,AOS-Qwen-SFT,
0.00016742597799256182,0.49480624198913575,17,6ar66uy9,qwen2.5-coder-7b-manim-sft-manim,AOS-Qwen-SFT,
0.00016350202663875386,0.4323883056640625,18,6ar66uy9,qwen2.5-coder-7b-manim-sft-manim,AOS-Qwen-SFT,
0.00015940688504813662,0.49517207145690917,19,6ar66uy9,qwen2.5-coder-7b-manim-sft-manim,AOS-Qwen-SFT,
0.00015515159299842707,0.4920694351196289,20,6ar66uy9,qwen2.5-coder-7b-manim-sft-manim,AOS-Qwen-SFT,
0.00015074762200466556,0.45705595016479494,21,6ar66uy9,qwen2.5-coder-7b-manim-sft-manim,AOS-Qwen-SFT,
0.00014620684439403962,0.5545511245727539,22,6ar66uy9,qwen2.5-coder-7b-manim-sft-manim,AOS-Qwen-SFT,
0.00014154150130018866,0.45386767387390137,23,6ar66uy9,qwen2.5-coder-7b-manim-sft-manim,AOS-Qwen-SFT,
0.000136764169663272,0.452122163772583,24,6ar66uy9,qwen2.5-coder-7b-manim-sft-manim,AOS-Qwen-SFT,
0.00013188772832476188,0.4738250732421875,25,6ar66uy9,qwen2.5-coder-7b-manim-sft-manim,AOS-Qwen-SFT,
0.00012692532330836346,0.4431605815887451,26,6ar66uy9,qwen2.5-coder-7b-manim-sft-manim,AOS-Qwen-SFT,
0.0001218903323806595,0.5595337867736816,27,6ar66uy9,qwen2.5-coder-7b-manim-sft-manim,AOS-Qwen-SFT,
0.00011679632898701649,0.4872931957244873,28,6ar66uy9,qwen2.5-coder-7b-manim-sft-manim,AOS-Qwen-SFT,
0.00011165704565997593,0.4253871917724609,29,6ar66uy9,qwen2.5-coder-7b-manim-sft-manim,AOS-Qwen-SFT,
0.0001064863369987743,0.6228414058685303,30,6ar66uy9,qwen2.5-coder-7b-manim-sft-manim,AOS-Qwen-SFT,
0.0001012981423197931,0.47080202102661134,31,6ar66uy9,qwen2.5-coder-7b-manim-sft-manim,AOS-Qwen-SFT,
9.610644807862625e-05,0.5011624336242676,32,6ar66uy9,qwen2.5-coder-7b-manim-sft-manim,AOS-Qwen-SFT,
9.092525016506858e-05,0.5073732852935791,33,6ar66uy9,qwen2.5-coder-7b-manim-sft-manim,AOS-Qwen-SFT,
8.57685161726715e-05,0.5075580596923828,34,6ar66uy9,qwen2.5-coder-7b-manim-sft-manim,AOS-Qwen-SFT,
8.065014774458003e-05,0.5652923583984375,35,6ar66uy9,qwen2.5-coder-7b-manim-sft-manim,AOS-Qwen-SFT,
7.558394309716088e-05,0.5291969776153564,36,6ar66uy9,qwen2.5-coder-7b-manim-sft-manim,AOS-Qwen-SFT,
7.058355982245037e-05,0.6071077823638916,37,6ar66uy9,qwen2.5-coder-7b-manim-sft-manim,AOS-Qwen-SFT,
6.566247806970119e-05,0.4355813980102539,38,6ar66uy9,qwen2.5-coder-7b-manim-sft-manim,AOS-Qwen-SFT,
6.083396420528298e-05,0.4547995090484619,39,6ar66uy9,qwen2.5-coder-7b-manim-sft-manim,AOS-Qwen-SFT,
5.611103504890444e-05,0.544422721862793,40,6ar66uy9,qwen2.5-coder-7b-manim-sft-manim,AOS-Qwen-SFT,
5.1506422782568345e-05,0.4789572715759277,41,6ar66uy9,qwen2.5-coder-7b-manim-sft-manim,AOS-Qwen-SFT,
4.703254062686017e-05,0.4749605655670166,42,6ar66uy9,qwen2.5-coder-7b-manim-sft-manim,AOS-Qwen-SFT,
4.270144937709981e-05,0.49417505264282224,43,6ar66uy9,qwen2.5-coder-7b-manim-sft-manim,AOS-Qwen-SFT,
3.852482488956992e-05,0.5043060302734375,44,6ar66uy9,qwen2.5-coder-7b-manim-sft-manim,AOS-Qwen-SFT,
3.45139266054715e-05,0.5336722373962403,45,6ar66uy9,qwen2.5-coder-7b-manim-sft-manim,AOS-Qwen-SFT,
3.0679567197461134e-05,0.41706504821777346,46,6ar66uy9,qwen2.5-coder-7b-manim-sft-manim,AOS-Qwen-SFT,
2.7032083420597e-05,0.579282808303833,47,6ar66uy9,qwen2.5-coder-7b-manim-sft-manim,AOS-Qwen-SFT,
2.3581308246275103e-05,0.42753233909606936,48,6ar66uy9,qwen2.5-coder-7b-manim-sft-manim,AOS-Qwen-SFT,
2.03365443542764e-05,0.4208191394805908,49,6ar66uy9,qwen2.5-coder-7b-manim-sft-manim,AOS-Qwen-SFT,
1.730653905438714e-05,0.5364802837371826,50,6ar66uy9,qwen2.5-coder-7b-manim-sft-manim,AOS-Qwen-SFT,
1.4499460705197998e-05,0.39339189529418944,51,6ar66uy9,qwen2.5-coder-7b-manim-sft-manim,AOS-Qwen-SFT,
1.1922876693653585e-05,0.5367461681365967,52,6ar66uy9,qwen2.5-coder-7b-manim-sft-manim,AOS-Qwen-SFT,
9.583733034714981e-06,0.5336514949798584,53,6ar66uy9,qwen2.5-coder-7b-manim-sft-manim,AOS-Qwen-SFT,
7.488335646131628e-06,0.4166849613189697,54,6ar66uy9,qwen2.5-coder-7b-manim-sft-manim,AOS-Qwen-SFT,
5.6423333488018095e-06,0.45444717407226565,55,6ar66uy9,qwen2.5-coder-7b-manim-sft-manim,AOS-Qwen-SFT,
4.050702638550275e-06,0.6892553806304932,56,6ar66uy9,qwen2.5-coder-7b-manim-sft-manim,AOS-Qwen-SFT,
2.717734270375272e-06,0.449284029006958,57,6ar66uy9,qwen2.5-coder-7b-manim-sft-manim,AOS-Qwen-SFT,
1.6470216913317626e-06,0.5577617645263672,58,6ar66uy9,qwen2.5-coder-7b-manim-sft-manim,AOS-Qwen-SFT,
8.41451353233369e-07,0.5269218444824219,59,6ar66uy9,qwen2.5-coder-7b-manim-sft-manim,AOS-Qwen-SFT,
3.0319493128866396e-07,0.42452754974365237,60,6ar66uy9,qwen2.5-coder-7b-manim-sft-manim,AOS-Qwen-SFT,
3.370346964876036e-08,0.4241727352142334,61,6ar66uy9,qwen2.5-coder-7b-manim-sft-manim,AOS-Qwen-SFT,
,,62,6ar66uy9,qwen2.5-coder-7b-manim-sft-manim,AOS-Qwen-SFT,
9.473684210526316e-05,0.8559785842895508,0,cmtl39rl,qwen2.5-coder-7b-manim-sft-manim,AOS-Qwen-SFT,
0.0002,0.6218185424804688,1,cmtl39rl,qwen2.5-coder-7b-manim-sft-manim,AOS-Qwen-SFT,
0.00019986520883988232,0.5925374507904053,2,cmtl39rl,qwen2.5-coder-7b-manim-sft-manim,AOS-Qwen-SFT,
0.00019946119873266613,0.7362225532531739,3,cmtl39rl,qwen2.5-coder-7b-manim-sft-manim,AOS-Qwen-SFT,
0.00019878905881817252,0.6074773788452148,4,cmtl39rl,qwen2.5-coder-7b-manim-sft-manim,AOS-Qwen-SFT,
0.00019785060106677818,0.6322348117828369,5,cmtl39rl,qwen2.5-coder-7b-manim-sft-manim,AOS-Qwen-SFT,
0.0001966483553946637,0.5662257194519043,6,cmtl39rl,qwen2.5-coder-7b-manim-sft-manim,AOS-Qwen-SFT,
0.00019518556284360696,0.5253395080566406,7,cmtl39rl,qwen2.5-coder-7b-manim-sft-manim,AOS-Qwen-SFT,
0.0001934661668437073,0.5427351951599121,8,cmtl39rl,qwen2.5-coder-7b-manim-sft-manim,AOS-Qwen-SFT,
0.00019149480258259533,0.5778869152069092,9,cmtl39rl,qwen2.5-coder-7b-manim-sft-manim,AOS-Qwen-SFT,
0.0001892767845097864,0.46141915321350097,10,cmtl39rl,qwen2.5-coder-7b-manim-sft-manim,AOS-Qwen-SFT,
0.0001868180920098644,0.5545283317565918,11,cmtl39rl,qwen2.5-coder-7b-manim-sft-manim,AOS-Qwen-SFT,
0.00018412535328311814,0.5698635101318359,12,cmtl39rl,qwen2.5-coder-7b-manim-sft-manim,AOS-Qwen-SFT,
0.00018120582747708502,0.5818058490753174,13,cmtl39rl,qwen2.5-coder-7b-manim-sft-manim,AOS-Qwen-SFT,
0.0001780673851171728,0.5314958095550537,14,cmtl39rl,qwen2.5-coder-7b-manim-sft-manim,AOS-Qwen-SFT,
0.00017471848688911464,0.4887701988220215,15,cmtl39rl,qwen2.5-coder-7b-manim-sft-manim,AOS-Qwen-SFT,
0.00017116816083045602,0.6156489372253418,16,cmtl39rl,qwen2.5-coder-7b-manim-sft-manim,AOS-Qwen-SFT,
0.00016742597799256182,0.49474058151245115,17,cmtl39rl,qwen2.5-coder-7b-manim-sft-manim,AOS-Qwen-SFT,
0.00016350202663875386,0.43288164138793944,18,cmtl39rl,qwen2.5-coder-7b-manim-sft-manim,AOS-Qwen-SFT,
0.00015940688504813662,0.49489593505859375,19,cmtl39rl,qwen2.5-coder-7b-manim-sft-manim,AOS-Qwen-SFT,
0.00015515159299842707,0.4914210796356201,20,cmtl39rl,qwen2.5-coder-7b-manim-sft-manim,AOS-Qwen-SFT,
0.00015074762200466556,0.4574737071990967,21,cmtl39rl,qwen2.5-coder-7b-manim-sft-manim,AOS-Qwen-SFT,
0.00014620684439403962,0.5539413452148437,22,cmtl39rl,qwen2.5-coder-7b-manim-sft-manim,AOS-Qwen-SFT,
0.00014154150130018866,0.4535571575164795,23,cmtl39rl,qwen2.5-coder-7b-manim-sft-manim,AOS-Qwen-SFT,
0.000136764169663272,0.4520136833190918,24,cmtl39rl,qwen2.5-coder-7b-manim-sft-manim,AOS-Qwen-SFT,
0.00013188772832476188,0.4739232063293457,25,cmtl39rl,qwen2.5-coder-7b-manim-sft-manim,AOS-Qwen-SFT,
0.00012692532330836346,0.44243574142456055,26,cmtl39rl,qwen2.5-coder-7b-manim-sft-manim,AOS-Qwen-SFT,
0.0001218903323806595,0.5580440521240234,27,cmtl39rl,qwen2.5-coder-7b-manim-sft-manim,AOS-Qwen-SFT,
0.00011679632898701649,0.4882601261138916,28,cmtl39rl,qwen2.5-coder-7b-manim-sft-manim,AOS-Qwen-SFT,
0.00011165704565997593,0.4245694637298584,29,cmtl39rl,qwen2.5-coder-7b-manim-sft-manim,AOS-Qwen-SFT,
0.0001064863369987743,0.6222958087921142,30,cmtl39rl,qwen2.5-coder-7b-manim-sft-manim,AOS-Qwen-SFT,
0.0001012981423197931,0.47100133895874025,31,cmtl39rl,qwen2.5-coder-7b-manim-sft-manim,AOS-Qwen-SFT,
9.610644807862625e-05,0.5013454914093017,32,cmtl39rl,qwen2.5-coder-7b-manim-sft-manim,AOS-Qwen-SFT,
9.092525016506858e-05,0.5067752361297607,33,cmtl39rl,qwen2.5-coder-7b-manim-sft-manim,AOS-Qwen-SFT,
8.57685161726715e-05,0.5072988033294678,34,cmtl39rl,qwen2.5-coder-7b-manim-sft-manim,AOS-Qwen-SFT,
8.065014774458003e-05,0.5648942947387695,35,cmtl39rl,qwen2.5-coder-7b-manim-sft-manim,AOS-Qwen-SFT,
7.558394309716088e-05,0.5287690162658691,36,cmtl39rl,qwen2.5-coder-7b-manim-sft-manim,AOS-Qwen-SFT,
7.058355982245037e-05,0.6060331344604493,37,cmtl39rl,qwen2.5-coder-7b-manim-sft-manim,AOS-Qwen-SFT,
6.566247806970119e-05,0.43475704193115233,38,cmtl39rl,qwen2.5-coder-7b-manim-sft-manim,AOS-Qwen-SFT,
6.083396420528298e-05,0.45447936058044436,39,cmtl39rl,qwen2.5-coder-7b-manim-sft-manim,AOS-Qwen-SFT,
5.611103504890444e-05,0.5437479019165039,40,cmtl39rl,qwen2.5-coder-7b-manim-sft-manim,AOS-Qwen-SFT,
5.1506422782568345e-05,0.47875051498413085,41,cmtl39rl,qwen2.5-coder-7b-manim-sft-manim,AOS-Qwen-SFT,
4.703254062686017e-05,0.474652099609375,42,cmtl39rl,qwen2.5-coder-7b-manim-sft-manim,AOS-Qwen-SFT,
4.270144937709981e-05,0.4936525821685791,43,cmtl39rl,qwen2.5-coder-7b-manim-sft-manim,AOS-Qwen-SFT,
3.852482488956992e-05,0.5037851333618164,44,cmtl39rl,qwen2.5-coder-7b-manim-sft-manim,AOS-Qwen-SFT,
3.45139266054715e-05,0.5334917545318604,45,cmtl39rl,qwen2.5-coder-7b-manim-sft-manim,AOS-Qwen-SFT,
3.0679567197461134e-05,0.4179545879364014,46,cmtl39rl,qwen2.5-coder-7b-manim-sft-manim,AOS-Qwen-SFT,
2.7032083420597e-05,0.5791875839233398,47,cmtl39rl,qwen2.5-coder-7b-manim-sft-manim,AOS-Qwen-SFT,
2.3581308246275103e-05,0.427400541305542,48,cmtl39rl,qwen2.5-coder-7b-manim-sft-manim,AOS-Qwen-SFT,
2.03365443542764e-05,0.42055187225341795,49,cmtl39rl,qwen2.5-coder-7b-manim-sft-manim,AOS-Qwen-SFT,
1.730653905438714e-05,0.5361471176147461,50,cmtl39rl,qwen2.5-coder-7b-manim-sft-manim,AOS-Qwen-SFT,
1.4499460705197998e-05,0.3932675361633301,51,cmtl39rl,qwen2.5-coder-7b-manim-sft-manim,AOS-Qwen-SFT,
1.1922876693653585e-05,0.5372494220733642,52,cmtl39rl,qwen2.5-coder-7b-manim-sft-manim,AOS-Qwen-SFT,
9.583733034714981e-06,0.5327895641326904,53,cmtl39rl,qwen2.5-coder-7b-manim-sft-manim,AOS-Qwen-SFT,
7.488335646131628e-06,0.41618800163269043,54,cmtl39rl,qwen2.5-coder-7b-manim-sft-manim,AOS-Qwen-SFT,
5.6423333488018095e-06,0.4537106990814209,55,cmtl39rl,qwen2.5-coder-7b-manim-sft-manim,AOS-Qwen-SFT,
4.050702638550275e-06,0.6899858951568604,56,cmtl39rl,qwen2.5-coder-7b-manim-sft-manim,AOS-Qwen-SFT,
2.717734270375272e-06,0.44857230186462405,57,cmtl39rl,qwen2.5-coder-7b-manim-sft-manim,AOS-Qwen-SFT,
1.6470216913317626e-06,0.5578658103942871,58,cmtl39rl,qwen2.5-coder-7b-manim-sft-manim,AOS-Qwen-SFT,
8.41451353233369e-07,0.5271774291992187,59,cmtl39rl,qwen2.5-coder-7b-manim-sft-manim,AOS-Qwen-SFT,
3.0319493128866396e-07,0.4242666244506836,60,cmtl39rl,qwen2.5-coder-7b-manim-sft-manim,AOS-Qwen-SFT,
3.370346964876036e-08,0.42353191375732424,61,cmtl39rl,qwen2.5-coder-7b-manim-sft-manim,AOS-Qwen-SFT,
,,62,cmtl39rl,qwen2.5-coder-7b-manim-sft-manim,AOS-Qwen-SFT,
0.00018,0.5720338344573974,0,ruvsp20i,qwen2.5-coder-7b-manim-sft-manim,AOS-Qwen-SFT,
0.00019997392077978585,0.4236799716949463,1,ruvsp20i,qwen2.5-coder-7b-manim-sft-manim,AOS-Qwen-SFT,
0.00019988378785235823,0.3862923145294189,2,ruvsp20i,qwen2.5-coder-7b-manim-sft-manim,AOS-Qwen-SFT,
0.00019972933727703998,0.4185825824737549,3,ruvsp20i,qwen2.5-coder-7b-manim-sft-manim,AOS-Qwen-SFT,
0.00019951066850838655,0.3843752145767212,4,ruvsp20i,qwen2.5-coder-7b-manim-sft-manim,AOS-Qwen-SFT,
0.00019922792235264062,0.3638632774353027,5,ruvsp20i,qwen2.5-coder-7b-manim-sft-manim,AOS-Qwen-SFT,
0.00019888128087706334,0.37391018867492676,6,ruvsp20i,qwen2.5-coder-7b-manim-sft-manim,AOS-Qwen-SFT,
0.00019847096729269672,0.34986512660980223,7,ruvsp20i,qwen2.5-coder-7b-manim-sft-manim,AOS-Qwen-SFT,
0.00019799724581063259,0.3085414171218872,8,ruvsp20i,qwen2.5-coder-7b-manim-sft-manim,AOS-Qwen-SFT,
0.00019746042147188053,0.3421672821044922,9,ruvsp20i,qwen2.5-coder-7b-manim-sft-manim,AOS-Qwen-SFT,
0.00019686083995094423,0.3743983507156372,10,ruvsp20i,qwen2.5-coder-7b-manim-sft-manim,AOS-Qwen-SFT,
0.0001961988873332333,0.3152832746505737,11,ruvsp20i,qwen2.5-coder-7b-manim-sft-manim,AOS-Qwen-SFT,
0.00019547498986645324,0.3379040718078613,12,ruvsp20i,qwen2.5-coder-7b-manim-sft-manim,AOS-Qwen-SFT,
0.0001946896136861339,0.31148035526275636,13,ruvsp20i,qwen2.5-coder-7b-manim-sft-manim,AOS-Qwen-SFT,
0.00019384326451547338,0.30105431079864503,14,ruvsp20i,qwen2.5-coder-7b-manim-sft-manim,AOS-Qwen-SFT,
0.00019293648733969022,0.37240450382232665,15,ruvsp20i,qwen2.5-coder-7b-manim-sft-manim,AOS-Qwen-SFT,
0.00019196986605509388,0.2888207912445068,16,ruvsp20i,qwen2.5-coder-7b-manim-sft-manim,AOS-Qwen-SFT,
0.00019094402309309958,0.34932904243469237,17,ruvsp20i,qwen2.5-coder-7b-manim-sft-manim,AOS-Qwen-SFT,
0.00018985961901942915,0.3255686044692993,18,ruvsp20i,qwen2.5-coder-7b-manim-sft-manim,AOS-Qwen-SFT,
0.00018871735210875635,0.33066914081573484,19,ruvsp20i,qwen2.5-coder-7b-manim-sft-manim,AOS-Qwen-SFT,
0.00018751795789507066,0.2886086702346802,20,ruvsp20i,qwen2.5-coder-7b-manim-sft-manim,AOS-Qwen-SFT,
0.0001862622086980485,0.3447781801223755,21,ruvsp20i,qwen2.5-coder-7b-manim-sft-manim,AOS-Qwen-SFT,
0.00018495091312573762,0.2995774269104004,22,ruvsp20i,qwen2.5-coder-7b-manim-sft-manim,AOS-Qwen-SFT,
0.00018358491555387415,0.2969199657440186,23,ruvsp20i,qwen2.5-coder-7b-manim-sft-manim,AOS-Qwen-SFT,
0.00018216509558216832,0.30973248481750487,24,ruvsp20i,qwen2.5-coder-7b-manim-sft-manim,AOS-Qwen-SFT,
0.0001806923674679082,0.3301703929901123,25,ruvsp20i,qwen2.5-coder-7b-manim-sft-manim,AOS-Qwen-SFT,
0.0001791676795372469,0.3524360179901123,26,ruvsp20i,qwen2.5-coder-7b-manim-sft-manim,AOS-Qwen-SFT,
0.00017759201357455185,0.3435386657714844,27,ruvsp20i,qwen2.5-coder-7b-manim-sft-manim,AOS-Qwen-SFT,
0.0001759663841902093,0.30502820014953613,28,ruvsp20i,qwen2.5-coder-7b-manim-sft-manim,AOS-Qwen-SFT,
0.00018,0.5721176624298095,0,qr7qfb7d,qwen2.5-coder-7b-manim-sft-manim,AOS-Qwen-SFT,
0.00019997392077978585,0.4238927364349365,1,qr7qfb7d,qwen2.5-coder-7b-manim-sft-manim,AOS-Qwen-SFT,
0.00018,0.6654390335083008,0,mnq8n38h,qwen2.5-coder-7b-manim-sft,AOS-Qwen-SFT,
0.00019969001450766794,0.23394954204559326,1,mnq8n38h,qwen2.5-coder-7b-manim-sft,AOS-Qwen-SFT,
0.00019862092681316776,0.04095732271671295,2,mnq8n38h,qwen2.5-coder-7b-manim-sft,AOS-Qwen-SFT,
0.0001967970897459286,0.03510762155056,3,mnq8n38h,qwen2.5-coder-7b-manim-sft,AOS-Qwen-SFT,
0.00019423246119427043,0.036258193850517276,4,mnq8n38h,qwen2.5-coder-7b-manim-sft,AOS-Qwen-SFT,
0.00019094666834943179,0.029158085584640503,5,mnq8n38h,qwen2.5-coder-7b-manim-sft,AOS-Qwen-SFT,
0.0001869648574979942,0.027754852175712587,6,mnq8n38h,qwen2.5-coder-7b-manim-sft,AOS-Qwen-SFT,
0.0001823175015764795,0.028494325280189515,7,mnq8n38h,qwen2.5-coder-7b-manim-sft,AOS-Qwen-SFT,
0.00017704016696090937,0.029520690441131592,8,mnq8n38h,qwen2.5-coder-7b-manim-sft,AOS-Qwen-SFT,
0.00017117324127609686,0.027099853754043578,9,mnq8n38h,qwen2.5-coder-7b-manim-sft,AOS-Qwen-SFT,
0.00016476162430775277,0.027317172288894652,10,mnq8n38h,qwen2.5-coder-7b-manim-sft,AOS-Qwen-SFT,
0.00015785438438286893,0.02971072793006897,11,mnq8n38h,qwen2.5-coder-7b-manim-sft,AOS-Qwen-SFT,
0.00015050438284811002,0.028419023752212523,12,mnq8n38h,qwen2.5-coder-7b-manim-sft,AOS-Qwen-SFT,
0.00014276786952009451,0.026728472113609313,13,mnq8n38h,qwen2.5-coder-7b-manim-sft,AOS-Qwen-SFT,
0.00013470405220359773,0.028552401065826415,14,mnq8n38h,qwen2.5-coder-7b-manim-sft,AOS-Qwen-SFT,
0.00012637464357216846,0.02851753830909729,15,mnq8n38h,qwen2.5-coder-7b-manim-sft,AOS-Qwen-SFT,
0.00011784338887889858,0.026891610026359557,16,mnq8n38h,qwen2.5-coder-7b-manim-sft,AOS-Qwen-SFT,
0.00010917557811179056,0.027370959520339966,17,mnq8n38h,qwen2.5-coder-7b-manim-sft,AOS-Qwen-SFT,
0.00010043754632721518,0.02717782258987427,18,mnq8n38h,qwen2.5-coder-7b-manim-sft,AOS-Qwen-SFT,
9.169616598542503e-05,0.026388129591941832,19,mnq8n38h,qwen2.5-coder-7b-manim-sft,AOS-Qwen-SFT,
8.301833517329714e-05,0.028865113854408264,20,mnq8n38h,qwen2.5-coder-7b-manim-sft,AOS-Qwen-SFT,
7.447046563095424e-05,0.026173034310340883,21,mnq8n38h,qwen2.5-coder-7b-manim-sft,AOS-Qwen-SFT,
6.611797450041495e-05,0.027422845363616943,22,mnq8n38h,qwen2.5-coder-7b-manim-sft,AOS-Qwen-SFT,
5.80247836859372e-05,0.028930345177650453,23,mnq8n38h,qwen2.5-coder-7b-manim-sft,AOS-Qwen-SFT,
5.0252830657468556e-05,0.026498261094093322,24,mnq8n38h,qwen2.5-coder-7b-manim-sft,AOS-Qwen-SFT,
4.286159444104068e-05,0.02622266411781311,25,mnq8n38h,qwen2.5-coder-7b-manim-sft,AOS-Qwen-SFT,
3.590764042372079e-05,0.02877372205257416,26,mnq8n38h,qwen2.5-coder-7b-manim-sft,AOS-Qwen-SFT,
2.9444187456742855e-05,0.02550717294216156,27,mnq8n38h,qwen2.5-coder-7b-manim-sft,AOS-Qwen-SFT,
2.352070056979375e-05,0.027451285719871522,28,mnq8n38h,qwen2.5-coder-7b-manim-sft,AOS-Qwen-SFT,
1.8182512413425625e-05,0.026885637640953065,29,mnq8n38h,qwen2.5-coder-7b-manim-sft,AOS-Qwen-SFT,
1.3470476326709336e-05,0.027416297793388368,30,mnq8n38h,qwen2.5-coder-7b-manim-sft,AOS-Qwen-SFT,
9.420653685213855e-06,0.026036709547042847,31,mnq8n38h,qwen2.5-coder-7b-manim-sft,AOS-Qwen-SFT,
6.0640379220486595e-06,0.026377913355827332,32,mnq8n38h,qwen2.5-coder-7b-manim-sft,AOS-Qwen-SFT,
3.4263173340452257e-06,0.027389153838157654,33,mnq8n38h,qwen2.5-coder-7b-manim-sft,AOS-Qwen-SFT,
1.5276784883307082e-06,0.026392710208892823,34,mnq8n38h,qwen2.5-coder-7b-manim-sft,AOS-Qwen-SFT,
3.8265173382968644e-07,0.03061569929122925,35,mnq8n38h,qwen2.5-coder-7b-manim-sft,AOS-Qwen-SFT,
,,36,mnq8n38h,qwen2.5-coder-7b-manim-sft,AOS-Qwen-SFT,
0.00018,0.8574477195739746,0,971gxum9,qwen3-8b-manim-sft,AOS-Qwen-SFT,
0.00018,0.9005874633789063,0,buxhhdvd,qwen3-8b-manim-sft,AOS-Qwen-SFT,
0.00018,0.8727024078369141,0,118z5nbv,qwen3-8b-manim-sft,AOS-Qwen-SFT,
0.00019998911180530975,0.31534063816070557,1,118z5nbv,qwen3-8b-manim-sft,AOS-Qwen-SFT,
0.00019995147664550957,0.11161165237426758,2,118z5nbv,qwen3-8b-manim-sft,AOS-Qwen-SFT,
0.00019988697021398912,0.08630282878875732,3,118z5nbv,qwen3-8b-manim-sft,AOS-Qwen-SFT,
0.00019979560985286182,0.05347832441329956,4,118z5nbv,qwen3-8b-manim-sft,AOS-Qwen-SFT,
0.00019967742012373676,0.051504713296890256,5,118z5nbv,qwen3-8b-manim-sft,AOS-Qwen-SFT,
0.00019953243280111516,0.05103211402893067,6,118z5nbv,qwen3-8b-manim-sft,AOS-Qwen-SFT,
0.0001993606868638483,0.03938665986061096,7,118z5nbv,qwen3-8b-manim-sft,AOS-Qwen-SFT,
0.0001991622284846583,0.03510492146015167,8,118z5nbv,qwen3-8b-manim-sft,AOS-Qwen-SFT,
0.00019893711101772458,0.041691330075263974,9,118z5nbv,qwen3-8b-manim-sft,AOS-Qwen-SFT,
0.00019868539498434044,0.03319835364818573,10,118z5nbv,qwen3-8b-manim-sft,AOS-Qwen-SFT,
0.00019840714805664192,0.035342741012573245,11,118z5nbv,qwen3-8b-manim-sft,AOS-Qwen-SFT,
0.00019810244503941485,0.03779169321060181,12,118z5nbv,qwen3-8b-manim-sft,AOS-Qwen-SFT,
0.00019777136784998389,0.04699469208717346,13,118z5nbv,qwen3-8b-manim-sft,AOS-Qwen-SFT,
0.00019741400549618985,0.04383746981620788,14,118z5nbv,qwen3-8b-manim-sft,AOS-Qwen-SFT,
0.00019703045405246037,0.04076760709285736,15,118z5nbv,qwen3-8b-manim-sft,AOS-Qwen-SFT,
0.00019662081663398103,0.03477359712123871,16,118z5nbv,qwen3-8b-manim-sft,AOS-Qwen-SFT,
0.00019618520336897355,0.03744300901889801,17,118z5nbv,qwen3-8b-manim-sft,AOS-Qwen-SFT,
0.00019572373136908847,0.03397684395313263,18,118z5nbv,qwen3-8b-manim-sft,AOS-Qwen-SFT,
0.00019523652469792064,0.03356634080410004,19,118z5nbv,qwen3-8b-manim-sft,AOS-Qwen-SFT,
,,20,118z5nbv,qwen3-8b-manim-sft,AOS-Qwen-SFT,0.035316772758960724
0.00019472371433765546,0.034716808795928956,21,118z5nbv,qwen3-8b-manim-sft,AOS-Qwen-SFT,
0.00019418543815385522,0.03969818651676178,22,118z5nbv,qwen3-8b-manim-sft,AOS-Qwen-SFT,
0.00019362184085839495,0.034890615940093996,23,118z5nbv,qwen3-8b-manim-sft,AOS-Qwen-SFT,
0.0001930330739705576,0.02951541543006897,24,118z5nbv,qwen3-8b-manim-sft,AOS-Qwen-SFT,
0.000192419295776299,0.03585971295833588,25,118z5nbv,qwen3-8b-manim-sft,AOS-Qwen-SFT,
0.0001917806712856939,0.035502889752388,26,118z5nbv,qwen3-8b-manim-sft,AOS-Qwen-SFT,
0.00019111737218857418,0.043117836117744446,27,118z5nbv,qwen3-8b-manim-sft,AOS-Qwen-SFT,
0.00019042957680837094,0.036630621552467345,28,118z5nbv,qwen3-8b-manim-sft,AOS-Qwen-SFT,
0.00018971747005417392,0.03237212300300598,29,118z5nbv,qwen3-8b-manim-sft,AOS-Qwen-SFT,
0.0001889812433710194,0.034583479166030884,30,118z5nbv,qwen3-8b-manim-sft,AOS-Qwen-SFT,
0.00018822109468842198,0.032574430108070374,31,118z5nbv,qwen3-8b-manim-sft,AOS-Qwen-SFT,
0.00018743722836716235,0.029641559720039366,32,118z5nbv,qwen3-8b-manim-sft,AOS-Qwen-SFT,
0.00018662985514434634,0.03273439705371857,33,118z5nbv,qwen3-8b-manim-sft,AOS-Qwen-SFT,
0.00018579919207674966,0.03040618896484375,34,118z5nbv,qwen3-8b-manim-sft,AOS-Qwen-SFT,
0.00018494546248246367,0.03197640776634216,35,118z5nbv,qwen3-8b-manim-sft,AOS-Qwen-SFT,
0.000184068895880858,0.03739941120147705,36,118z5nbv,qwen3-8b-manim-sft,AOS-Qwen-SFT,
0.00018316972793087555,0.0377964049577713,37,118z5nbv,qwen3-8b-manim-sft,AOS-Qwen-SFT,
0.00018224820036767737,0.030142882466316225,38,118z5nbv,qwen3-8b-manim-sft,AOS-Qwen-SFT,
0.00018130456093765385,0.03294672966003418,39,118z5nbv,qwen3-8b-manim-sft,AOS-Qwen-SFT,
0.00018033906333181964,0.03860715925693512,40,118z5nbv,qwen3-8b-manim-sft,AOS-Qwen-SFT,
,,41,118z5nbv,qwen3-8b-manim-sft,AOS-Qwen-SFT,0.037381988018751144
0.0001793519671176107,0.03578944206237793,42,118z5nbv,qwen3-8b-manim-sft,AOS-Qwen-SFT,
0.00017834353766910132,0.03029537796974182,43,118z5nbv,qwen3-8b-manim-sft,AOS-Qwen-SFT,
0.00017731404609566003,0.040056931972503665,44,118z5nbv,qwen3-8b-manim-sft,AOS-Qwen-SFT,
0.00017626376916906385,0.030272158980369567,45,118z5nbv,qwen3-8b-manim-sft,AOS-Qwen-SFT,
0.00017519298924908996,0.03432380259037018,46,118z5nbv,qwen3-8b-manim-sft,AOS-Qwen-SFT,
0.00017410199420760529,0.0317220002412796,47,118z5nbv,qwen3-8b-manim-sft,AOS-Qwen-SFT,
0.00017299107735117405,0.04111628830432892,48,118z5nbv,qwen3-8b-manim-sft,AOS-Qwen-SFT,
0.00017186053734220434,0.038937872648239134,49,118z5nbv,qwen3-8b-manim-sft,AOS-Qwen-SFT,
0.00017071067811865476,0.032175850868225095,50,118z5nbv,qwen3-8b-manim-sft,AOS-Qwen-SFT,
0.00016954180881232283,0.036779972910881045,51,118z5nbv,qwen3-8b-manim-sft,AOS-Qwen-SFT,
0.0001683542436657369,0.036073288321495055,52,118z5nbv,qwen3-8b-manim-sft,AOS-Qwen-SFT,
0.00016714830194767427,0.04224271774291992,53,118z5nbv,qwen3-8b-manim-sft,AOS-Qwen-SFT,
0.000165924307867328,0.03382986485958099,54,118z5nbv,qwen3-8b-manim-sft,AOS-Qwen-SFT,
0.00016468259048714535,0.03371900618076325,55,118z5nbv,qwen3-8b-manim-sft,AOS-Qwen-SFT,
0.00016342348363436178,0.03456996977329254,56,118z5nbv,qwen3-8b-manim-sft,AOS-Qwen-SFT,
0.0001621473258112536,0.03782753646373749,57,118z5nbv,qwen3-8b-manim-sft,AOS-Qwen-SFT,
0.00016085446010413395,0.03195895254611969,58,118z5nbv,qwen3-8b-manim-sft,AOS-Qwen-SFT,
0.00015954523409111659,0.032686513662338254,59,118z5nbv,qwen3-8b-manim-sft,AOS-Qwen-SFT,
0.0001582199997486717,0.0423829197883606,60,118z5nbv,qwen3-8b-manim-sft,AOS-Qwen-SFT,
0.00015687911335699947,0.03242374062538147,61,118z5nbv,qwen3-8b-manim-sft,AOS-Qwen-SFT,
,,62,118z5nbv,qwen3-8b-manim-sft,AOS-Qwen-SFT,0.033584319055080414
0.00015552293540424663,0.02943294048309326,63,118z5nbv,qwen3-8b-manim-sft,AOS-Qwen-SFT,
0.00015415183048959156,0.03399679958820343,64,118z5nbv,qwen3-8b-manim-sft,AOS-Qwen-SFT,
0.0001527661672252245,0.03408989012241363,65,118z5nbv,qwen3-8b-manim-sft,AOS-Qwen-SFT,
0.0001513663181372485,0.03324250876903534,66,118z5nbv,qwen3-8b-manim-sft,AOS-Qwen-SFT,
0.00014995265956552838,0.028794372081756593,67,118z5nbv,qwen3-8b-manim-sft,AOS-Qwen-SFT,
0.00014852557156251438,0.0335160493850708,68,118z5nbv,qwen3-8b-manim-sft,AOS-Qwen-SFT,
0.00014708543779106748,0.0339964747428894,69,118z5nbv,qwen3-8b-manim-sft,AOS-Qwen-SFT,
0.00014563264542131457,0.035077226161956784,70,118z5nbv,qwen3-8b-manim-sft,AOS-Qwen-SFT,
0.00014416758502656005,0.032311287522315976,71,118z5nbv,qwen3-8b-manim-sft,AOS-Qwen-SFT,
0.00014269065047828317,0.029103249311447144,72,118z5nbv,qwen3-8b-manim-sft,AOS-Qwen-SFT,
0.00014120223884024816,0.030476415157318117,73,118z5nbv,qwen3-8b-manim-sft,AOS-Qwen-SFT,
0.0001397027502617565,0.0289704829454422,74,118z5nbv,qwen3-8b-manim-sft,AOS-Qwen-SFT,
0.00013819258787006934,0.03305035531520843,75,118z5nbv,qwen3-8b-manim-sft,AOS-Qwen-SFT,
0.00013667215766202965,0.0317790299654007,76,118z5nbv,qwen3-8b-manim-sft,AOS-Qwen-SFT,
0.00013514186839491275,0.03460160493850708,77,118z5nbv,qwen3-8b-manim-sft,AOS-Qwen-SFT,
0.00013360213147653455,0.035015073418617246,78,118z5nbv,qwen3-8b-manim-sft,AOS-Qwen-SFT,
0.00013205336085464752,0.031212964653968812,79,118z5nbv,qwen3-8b-manim-sft,AOS-Qwen-SFT,
0.00013049597290565353,0.030082979798316957,80,118z5nbv,qwen3-8b-manim-sft,AOS-Qwen-SFT,
0.00012893038632266413,0.028295299410820006,81,118z5nbv,qwen3-8b-manim-sft,AOS-Qwen-SFT,
0.00012735702200293746,0.032278326153755185,82,118z5nbv,qwen3-8b-manim-sft,AOS-Qwen-SFT,
,,83,118z5nbv,qwen3-8b-manim-sft,AOS-Qwen-SFT,0.03336933255195618
0.00012577630293472315,0.03174629509449005,84,118z5nbv,qwen3-8b-manim-sft,AOS-Qwen-SFT,
0.0001241886540835446,0.03497159779071808,85,118z5nbv,qwen3-8b-manim-sft,AOS-Qwen-SFT,
0.00012259450227795017,0.030036729574203492,86,118z5nbv,qwen3-8b-manim-sft,AOS-Qwen-SFT,
0.00012099427609476303,0.03358027040958404,87,118z5nbv,qwen3-8b-manim-sft,AOS-Qwen-SFT,
0.00011938840574386128,0.03037136197090149,88,118z5nbv,qwen3-8b-manim-sft,AOS-Qwen-SFT,
0.00011777732295251886,0.028128579258918762,89,118z5nbv,qwen3-8b-manim-sft,AOS-Qwen-SFT,
0.00011616146084933888,0.034073570370674135,90,118z5nbv,qwen3-8b-manim-sft,AOS-Qwen-SFT,
0.00011454125384780969,0.028717041015625,91,118z5nbv,qwen3-8b-manim-sft,AOS-Qwen-SFT,
0.00011291713752951586,0.03441825211048126,92,118z5nbv,qwen3-8b-manim-sft,AOS-Qwen-SFT,
0.00011128954852703515,0.03137784600257874,93,118z5nbv,qwen3-8b-manim-sft,AOS-Qwen-SFT,
0.00010965892440655267,0.032798084616661075,94,118z5nbv,qwen3-8b-manim-sft,AOS-Qwen-SFT,
0.00010802570355022433,0.03138811588287353,95,118z5nbv,qwen3-8b-manim-sft,AOS-Qwen-SFT,
0.00010639032503832064,0.030926910042762757,96,118z5nbv,qwen3-8b-manim-sft,AOS-Qwen-SFT,
0.00010475322853118321,0.030634495615959167,97,118z5nbv,qwen3-8b-manim-sft,AOS-Qwen-SFT,
0.00010311485415102481,0.028056922554969787,98,118z5nbv,qwen3-8b-manim-sft,AOS-Qwen-SFT,
0.00010147564236360573,0.028979590535163878,99,118z5nbv,qwen3-8b-manim-sft,AOS-Qwen-SFT,
9.98360338598174e-05,0.034148508310317995,100,118z5nbv,qwen3-8b-manim-sft,AOS-Qwen-SFT,
9.819646943720579e-05,0.03288775682449341,101,118z5nbv,qwen3-8b-manim-sft,AOS-Qwen-SFT,
9.655738988146593e-05,0.03328750431537628,102,118z5nbv,qwen3-8b-manim-sft,AOS-Qwen-SFT,
9.491923584793975e-05,0.03347700536251068,103,118z5nbv,qwen3-8b-manim-sft,AOS-Qwen-SFT,
,,104,118z5nbv,qwen3-8b-manim-sft,AOS-Qwen-SFT,0.03255747631192207
9.328244774314872e-05,0.030366480350494385,105,118z5nbv,qwen3-8b-manim-sft,AOS-Qwen-SFT,
9.164746560639389e-05,0.02966286540031433,106,118z5nbv,qwen3-8b-manim-sft,AOS-Qwen-SFT,
9.001472899145402e-05,0.03050246834754944,107,118z5nbv,qwen3-8b-manim-sft,AOS-Qwen-SFT,
8.838467684841465e-05,0.03241889178752899,108,118z5nbv,qwen3-8b-manim-sft,AOS-Qwen-SFT,
8.675774740565947e-05,0.029544299840927123,109,118z5nbv,qwen3-8b-manim-sft,AOS-Qwen-SFT,
8.51343780520555e-05,0.03349788784980774,110,118z5nbv,qwen3-8b-manim-sft,AOS-Qwen-SFT,
8.351500521936403e-05,0.030002042651176453,111,118z5nbv,qwen3-8b-manim-sft,AOS-Qwen-SFT,
8.190006426490918e-05,0.03412545323371887,112,118z5nbv,qwen3-8b-manim-sft,AOS-Qwen-SFT,
8.028998935453467e-05,0.032393553853034975,113,118z5nbv,qwen3-8b-manim-sft,AOS-Qwen-SFT,
7.868521334588172e-05,0.02644714117050171,114,118z5nbv,qwen3-8b-manim-sft,AOS-Qwen-SFT,
7.708616767201784e-05,0.02925754189491272,115,118z5nbv,qwen3-8b-manim-sft,AOS-Qwen-SFT,
7.549328222544923e-05,0.02369405925273895,116,118z5nbv,qwen3-8b-manim-sft,AOS-Qwen-SFT,
7.390698524254718e-05,0.026757565140724183,117,118z5nbv,qwen3-8b-manim-sft,AOS-Qwen-SFT,
7.232770318841935e-05,0.024793919920921326,118,118z5nbv,qwen3-8b-manim-sft,AOS-Qwen-SFT,
7.075586064225781e-05,0.028664764761924744,119,118z5nbv,qwen3-8b-manim-sft,AOS-Qwen-SFT,
6.919188018319378e-05,0.026686766743659975,120,118z5nbv,qwen3-8b-manim-sft,AOS-Qwen-SFT,
6.763618227668992e-05,0.027083155512809754,121,118z5nbv,qwen3-8b-manim-sft,AOS-Qwen-SFT,
6.60891851615014e-05,0.02636100947856903,122,118z5nbv,qwen3-8b-manim-sft,AOS-Qwen-SFT,
6.455130473723494e-05,0.028268924355506896,123,118z5nbv,qwen3-8b-manim-sft,AOS-Qwen-SFT,
6.302295445253724e-05,0.027118000388145446,124,118z5nbv,qwen3-8b-manim-sft,AOS-Qwen-SFT,
,,125,118z5nbv,qwen3-8b-manim-sft,AOS-Qwen-SFT,0.03216487169265747
6.150454519394206e-05,0.026679036021232606,126,118z5nbv,qwen3-8b-manim-sft,AOS-Qwen-SFT,
5.999648517540624e-05,0.030968353152275085,127,118z5nbv,qwen3-8b-manim-sft,AOS-Qwen-SFT,
5.849917982856403e-05,0.028384536504745483,128,118z5nbv,qwen3-8b-manim-sft,AOS-Qwen-SFT,
5.70130316937298e-05,0.02688911259174347,129,118z5nbv,qwen3-8b-manim-sft,AOS-Qwen-SFT,
5.553844031167753e-05,0.026309257745742796,130,118z5nbv,qwen3-8b-manim-sft,AOS-Qwen-SFT,
5.4075802116227334e-05,0.027842268347740173,131,118z5nbv,qwen3-8b-manim-sft,AOS-Qwen-SFT,
5.2625510327666625e-05,0.0284446120262146,132,118z5nbv,qwen3-8b-manim-sft,AOS-Qwen-SFT,
5.118795484703567e-05,0.026736322045326232,133,118z5nbv,qwen3-8b-manim-sft,AOS-Qwen-SFT,
4.9763522151305474e-05,0.023993077874183654,134,118z5nbv,qwen3-8b-manim-sft,AOS-Qwen-SFT,
4.8352595189475844e-05,0.027689346671104433,135,118z5nbv,qwen3-8b-manim-sft,AOS-Qwen-SFT,
4.69555532796223e-05,0.027360200881958008,136,118z5nbv,qwen3-8b-manim-sft,AOS-Qwen-SFT,
4.557277200691904e-05,0.02471015751361847,137,118z5nbv,qwen3-8b-manim-sft,AOS-Qwen-SFT,
4.420462312266529e-05,0.026151880621910095,138,118z5nbv,qwen3-8b-manim-sft,AOS-Qwen-SFT,
4.2851474444342734e-05,0.025793781876564024,139,118z5nbv,qwen3-8b-manim-sft,AOS-Qwen-SFT,
4.151368975673006e-05,0.026276615262031556,140,118z5nbv,qwen3-8b-manim-sft,AOS-Qwen-SFT,
4.019162871410197e-05,0.0268964946269989,141,118z5nbv,qwen3-8b-manim-sft,AOS-Qwen-SFT,
3.888564674353876e-05,0.023747676610946657,142,118z5nbv,qwen3-8b-manim-sft,AOS-Qwen-SFT,
3.759609494937193e-05,0.026517179608345032,143,118z5nbv,qwen3-8b-manim-sft,AOS-Qwen-SFT,
3.632332001879227e-05,0.026150885224342345,144,118z5nbv,qwen3-8b-manim-sft,AOS-Qwen-SFT,
3.5067664128645526e-05,0.027702316641807556,145,118z5nbv,qwen3-8b-manim-sft,AOS-Qwen-SFT,
,,146,118z5nbv,qwen3-8b-manim-sft,AOS-Qwen-SFT,0.03285530209541321
3.382946485344025e-05,0.023495230078697204,147,118z5nbv,qwen3-8b-manim-sft,AOS-Qwen-SFT,
3.2609055074593356e-05,0.02481786012649536,148,118z5nbv,qwen3-8b-manim-sft,AOS-Qwen-SFT,
3.140676289093716e-05,0.02562309503555298,149,118z5nbv,qwen3-8b-manim-sft,AOS-Qwen-SFT,
3.0222911530512278e-05,0.0281475692987442,150,118z5nbv,qwen3-8b-manim-sft,AOS-Qwen-SFT,
2.905781926367005e-05,0.026119035482406617,151,118z5nbv,qwen3-8b-manim-sft,AOS-Qwen-SFT,
2.7911799317507535e-05,0.02765412926673889,152,118z5nbv,qwen3-8b-manim-sft,AOS-Qwen-SFT,
2.6785159791658697e-05,0.029165250062942506,153,118z5nbv,qwen3-8b-manim-sft,AOS-Qwen-SFT,
2.5678203575463965e-05,0.028272491693496705,154,118z5nbv,qwen3-8b-manim-sft,AOS-Qwen-SFT,
2.4591228266540322e-05,0.02451230138540268,155,118z5nbv,qwen3-8b-manim-sft,AOS-Qwen-SFT,
2.352452609077438e-05,0.024523724615573884,156,118z5nbv,qwen3-8b-manim-sft,AOS-Qwen-SFT,
3.382946485344025e-05,0.023495230078697204,0,9xhoilfv,qwen3-8b-manim-sft,AOS-Qwen-SFT,
3.2609055074593356e-05,0.02481786012649536,1,9xhoilfv,qwen3-8b-manim-sft,AOS-Qwen-SFT,
3.140676289093716e-05,0.02562309503555298,2,9xhoilfv,qwen3-8b-manim-sft,AOS-Qwen-SFT,
3.0222911530512278e-05,0.0281475692987442,3,9xhoilfv,qwen3-8b-manim-sft,AOS-Qwen-SFT,
2.905781926367005e-05,0.026119035482406617,4,9xhoilfv,qwen3-8b-manim-sft,AOS-Qwen-SFT,
2.7911799317507535e-05,0.02765412926673889,5,9xhoilfv,qwen3-8b-manim-sft,AOS-Qwen-SFT,
2.6785159791658697e-05,0.029165250062942506,6,9xhoilfv,qwen3-8b-manim-sft,AOS-Qwen-SFT,
2.5678203575463965e-05,0.028272491693496705,7,9xhoilfv,qwen3-8b-manim-sft,AOS-Qwen-SFT,
2.4591228266540322e-05,0.02451230138540268,8,9xhoilfv,qwen3-8b-manim-sft,AOS-Qwen-SFT,
2.352452609077438e-05,0.024523724615573884,9,9xhoilfv,qwen3-8b-manim-sft,AOS-Qwen-SFT,
2.2478383823759363e-05,0.024623548984527587,10,9xhoilfv,qwen3-8b-manim-sft,AOS-Qwen-SFT,
2.145308271369745e-05,0.026499617099761962,11,9xhoilfv,qwen3-8b-manim-sft,AOS-Qwen-SFT,
2.044889840578824e-05,0.026240631937980652,12,9xhoilfv,qwen3-8b-manim-sft,AOS-Qwen-SFT,
1.9466100868123227e-05,0.025584343075752258,13,9xhoilfv,qwen3-8b-manim-sft,AOS-Qwen-SFT,
1.8504954319106826e-05,0.024997605383396147,14,9xhoilfv,qwen3-8b-manim-sft,AOS-Qwen-SFT,
1.7565717156423133e-05,0.024371802806854248,15,9xhoilfv,qwen3-8b-manim-sft,AOS-Qwen-SFT,
1.6648641887567273e-05,0.024577856063842773,16,9xhoilfv,qwen3-8b-manim-sft,AOS-Qwen-SFT,
1.5753975061960735e-05,0.02565855085849762,17,9xhoilfv,qwen3-8b-manim-sft,AOS-Qwen-SFT,
1.4881957204668007e-05,0.02488473504781723,18,9xhoilfv,qwen3-8b-manim-sft,AOS-Qwen-SFT,
1.4032822751733222e-05,0.02626374363899231,19,9xhoilfv,qwen3-8b-manim-sft,AOS-Qwen-SFT,
,,20,9xhoilfv,qwen3-8b-manim-sft,AOS-Qwen-SFT,0.03359980508685112
1.320679998715354e-05,0.023529283702373505,21,9xhoilfv,qwen3-8b-manim-sft,AOS-Qwen-SFT,
1.240411098150659e-05,0.02537672221660614,22,9xhoilfv,qwen3-8b-manim-sft,AOS-Qwen-SFT,
1.1624971532248318e-05,0.025447097420692445,23,9xhoilfv,qwen3-8b-manim-sft,AOS-Qwen-SFT,
1.0869591105697308e-05,0.026141268014907838,24,9xhoilfv,qwen3-8b-manim-sft,AOS-Qwen-SFT,
1.0138172780721166e-05,0.027225390076637268,25,9xhoilfv,qwen3-8b-manim-sft,AOS-Qwen-SFT,
9.430913194140211e-06,0.026452428102493285,26,9xhoilfv,qwen3-8b-manim-sft,AOS-Qwen-SFT,
8.748002487862938e-06,0.024277444183826446,27,9xhoilfv,qwen3-8b-manim-sft,AOS-Qwen-SFT,
8.089624257767713e-06,0.024867694079875945,28,9xhoilfv,qwen3-8b-manim-sft,AOS-Qwen-SFT,
7.455955504344292e-06,0.02588101327419281,29,9xhoilfv,qwen3-8b-manim-sft,AOS-Qwen-SFT,
6.8471665851083665e-06,0.02529807984828949,30,9xhoilfv,qwen3-8b-manim-sft,AOS-Qwen-SFT,
6.263421168802186e-06,0.026956942677497864,31,9xhoilfv,qwen3-8b-manim-sft,AOS-Qwen-SFT,
5.704876191393338e-06,0.02540581822395325,32,9xhoilfv,qwen3-8b-manim-sft,AOS-Qwen-SFT,
5.171681813883522e-06,0.024362409114837648,33,9xhoilfv,qwen3-8b-manim-sft,AOS-Qwen-SFT,
4.663981381938865e-06,0.02731039822101593,34,9xhoilfv,qwen3-8b-manim-sft,AOS-Qwen-SFT,
4.181911387352344e-06,0.027294299006462096,35,9xhoilfv,qwen3-8b-manim-sft,AOS-Qwen-SFT,
3.725601431348924e-06,0.02560049593448639,36,9xhoilfv,qwen3-8b-manim-sft,AOS-Qwen-SFT,
3.295174189743233e-06,0.026239901781082153,37,9xhoilfv,qwen3-8b-manim-sft,AOS-Qwen-SFT,
2.89074537995887e-06,0.025768330693244933,38,9xhoilfv,qwen3-8b-manim-sft,AOS-Qwen-SFT,
2.5124237299186672e-06,0.025139525532722473,39,9xhoilfv,qwen3-8b-manim-sft,AOS-Qwen-SFT,
2.160310948813893e-06,0.024594718217849733,40,9xhoilfv,qwen3-8b-manim-sft,AOS-Qwen-SFT,
,,41,9xhoilfv,qwen3-8b-manim-sft,AOS-Qwen-SFT,0.0331839956343174
1.8345016997604381e-06,0.025837305188179015,42,9xhoilfv,qwen3-8b-manim-sft,AOS-Qwen-SFT,
1.5350835743492942e-06,0.025363269448280334,43,9xhoilfv,qwen3-8b-manim-sft,AOS-Qwen-SFT,
1.2621370690981237e-06,0.027360963821411132,44,9xhoilfv,qwen3-8b-manim-sft,AOS-Qwen-SFT,
1.0157355638103382e-06,0.025503164529800414,45,9xhoilfv,qwen3-8b-manim-sft,AOS-Qwen-SFT,
7.959453018474561e-07,0.02609676718711853,46,9xhoilfv,qwen3-8b-manim-sft,AOS-Qwen-SFT,
6.02825372320015e-07,0.024008820950984954,47,9xhoilfv,qwen3-8b-manim-sft,AOS-Qwen-SFT,
4.364276942018242e-07,0.025872045755386354,48,9xhoilfv,qwen3-8b-manim-sft,AOS-Qwen-SFT,
2.967970023719957e-07,0.025464758276939392,49,9xhoilfv,qwen3-8b-manim-sft,AOS-Qwen-SFT,
1.839708355881875e-07,0.02807742953300476,50,9xhoilfv,qwen3-8b-manim-sft,AOS-Qwen-SFT,
9.797952639460927e-08,0.02315596044063568,51,9xhoilfv,qwen3-8b-manim-sft,AOS-Qwen-SFT,
3.88461929673456e-08,0.026039746403694154,52,9xhoilfv,qwen3-8b-manim-sft,AOS-Qwen-SFT,
6.58673289912759e-09,0.025637400150299073,53,9xhoilfv,qwen3-8b-manim-sft,AOS-Qwen-SFT,
,,54,9xhoilfv,qwen3-8b-manim-sft,AOS-Qwen-SFT,
9e-05,0.9603418350219727,0,713r5sqy,qwen-Manimator-1-sft,AOS-Qwen-SFT,
9e-05,0.9601905822753907,0,3o121asn,qwen-Manimator-1-sft,AOS-Qwen-SFT,
9.826448385557207e-05,0.6153861045837402,1,3o121asn,qwen-Manimator-1-sft,AOS-Qwen-SFT,
9.241968332496575e-05,0.4748233318328857,2,3o121asn,qwen-Manimator-1-sft,AOS-Qwen-SFT,
8.294429028980556e-05,0.41980624198913574,3,3o121asn,qwen-Manimator-1-sft,AOS-Qwen-SFT,
7.064927947301943e-05,0.3824835062026978,4,3o121asn,qwen-Manimator-1-sft,AOS-Qwen-SFT,
5.6586949492040944e-05,0.3740609407424927,5,3o121asn,qwen-Manimator-1-sft,AOS-Qwen-SFT,
4.1960859304026594e-05,0.35950427055358886,6,3o121asn,qwen-Manimator-1-sft,AOS-Qwen-SFT,
2.8022818664384944e-05,0.3624425888061523,7,3o121asn,qwen-Manimator-1-sft,AOS-Qwen-SFT,
1.5965748922546876e-05,0.32928540706634524,8,3o121asn,qwen-Manimator-1-sft,AOS-Qwen-SFT,
6.8215839262089465e-06,0.3305704593658447,9,3o121asn,qwen-Manimator-1-sft,AOS-Qwen-SFT,
1.3729494352520578e-06,0.32499897480010986,10,3o121asn,qwen-Manimator-1-sft,AOS-Qwen-SFT,
,,11,3o121asn,qwen-Manimator-1-sft,AOS-Qwen-SFT,
,,0,5u1muot6,gemma4-manim-sft,AOS-SFT,
2.238678841830867e-06,2.2338972091674805,0,81byna5o,gemma4-manim-sft,AOS-SFT,
,,1,81byna5o,gemma4-manim-sft,AOS-SFT,
2.238678841830867e-06,2.580753135681152,0,ma7vhpzn,gemma4-manim-sft,AOS-SFT,
,,1,ma7vhpzn,gemma4-manim-sft,AOS-SFT,
4.7955402672006855e-06,2.577194404602051,0,oxivbxjh,gemma4-manim-sft,AOS-SFT,
3.8737724451770155e-06,2.2262826919555665,1,oxivbxjh,gemma4-manim-sft,AOS-SFT,
2.5e-06,1.9198284149169922,2,oxivbxjh,gemma4-manim-sft,AOS-SFT,
1.1262275548229852e-06,1.8712860107421876,3,oxivbxjh,gemma4-manim-sft,AOS-SFT,
2.044597327993153e-07,1.9348756790161132,4,oxivbxjh,gemma4-manim-sft,AOS-SFT,
,,5,oxivbxjh,gemma4-manim-sft,AOS-SFT,
4.631600410885231e-06,2.5776430130004884,0,7q4tsdm5,gemma4-manim-sft,AOS-SFT,
3.0836134096397642e-06,2.2421543121337892,1,7q4tsdm5,gemma4-manim-sft,AOS-SFT,
1.193753588210128e-06,1.980072593688965,2,7q4tsdm5,gemma4-manim-sft,AOS-SFT,
6.907519900580862e-08,2.0049156188964843,3,7q4tsdm5,gemma4-manim-sft,AOS-SFT,
,,4,7q4tsdm5,gemma4-manim-sft,AOS-SFT,
4.631600410885231e-06,2.578668975830078,0,3c7axepb,gemma4-manim-sft,AOS-SFT,
3.0836134096397642e-06,2.2407913208007812,1,3c7axepb,gemma4-manim-sft,AOS-SFT,
1.193753588210128e-06,1.9792810440063477,2,3c7axepb,gemma4-manim-sft,AOS-SFT,
6.907519900580862e-08,2.0085182189941406,3,3c7axepb,gemma4-manim-sft,AOS-SFT,
,,4,3c7axepb,gemma4-manim-sft,AOS-SFT,
4.989335440737587e-06,2.286446380615234,0,lu2mqpj3,gemma4-manim-sft,AOS-SFT,
4.870401618977415e-06,2.247416305541992,1,lu2mqpj3,gemma4-manim-sft,AOS-SFT,
4.625542839324036e-06,2.0386640548706056,2,lu2mqpj3,gemma4-manim-sft,AOS-SFT,
4.267766952966369e-06,1.797314453125,3,lu2mqpj3,gemma4-manim-sft,AOS-SFT,
3.81608040719339e-06,1.595552921295166,4,lu2mqpj3,gemma4-manim-sft,AOS-SFT,
3.2944785489547544e-06,1.3398221969604491,5,lu2mqpj3,gemma4-manim-sft,AOS-SFT,
2.730670898658255e-06,1.218015193939209,6,lu2mqpj3,gemma4-manim-sft,AOS-SFT,
2.1546091126202955e-06,1.2003503799438477,7,lu2mqpj3,gemma4-manim-sft,AOS-SFT,
1.5968958345321178e-06,1.2310049057006835,8,lu2mqpj3,gemma4-manim-sft,AOS-SFT,
1.0871589639435204e-06,1.1338068008422852,9,lu2mqpj3,gemma4-manim-sft,AOS-SFT,
6.524777069483526e-07,1.0411324501037598,10,lu2mqpj3,gemma4-manim-sft,AOS-SFT,
3.1594402338407633e-07,1.1055419921875,11,lu2mqpj3,gemma4-manim-sft,AOS-SFT,
9.54358920679524e-08,1.0250709533691407,12,lu2mqpj3,gemma4-manim-sft,AOS-SFT,
2.6675629940689508e-09,1.137352466583252,13,lu2mqpj3,gemma4-manim-sft,AOS-SFT,
,,14,lu2mqpj3,gemma4-manim-sft,AOS-SFT,
4.999760585134805e-06,2.2950466156005858,0,5kjokm9p,gemma4-manim-sft,AOS-SFT,
4.971086245135584e-06,2.280070114135742,1,5kjokm9p,gemma4-manim-sft,AOS-SFT,
4.89515746353743e-06,2.0643043518066406,2,5kjokm9p,gemma4-manim-sft,AOS-SFT,
4.77342622210859e-06,1.8016454696655273,3,5kjokm9p,gemma4-manim-sft,AOS-SFT,
4.608220380449348e-06,1.576453971862793,4,5kjokm9p,gemma4-manim-sft,AOS-SFT,
4.402699160465396e-06,1.3020808219909668,5,5kjokm9p,gemma4-manim-sft,AOS-SFT,
4.160792732747175e-06,1.1622859001159669,6,5kjokm9p,gemma4-manim-sft,AOS-SFT,
3.887127060141396e-06,1.1152021408081054,7,5kjokm9p,gemma4-manim-sft,AOS-SFT,
3.5869354357268583e-06,1.1110304832458495,8,5kjokm9p,gemma4-manim-sft,AOS-SFT,
3.2659584068488077e-06,0.9899577140808106,9,5kjokm9p,gemma4-manim-sft,AOS-SFT,
2.930333998958834e-06,0.880707836151123,10,5kjokm9p,gemma4-manim-sft,AOS-SFT,
2.5864803385035697e-06,0.8984762191772461,11,5kjokm9p,gemma4-manim-sft,AOS-SFT,
2.240972919458003e-06,0.8206874847412109,12,5kjokm9p,gemma4-manim-sft,AOS-SFT,
1.9004188605285023e-06,0.857416820526123,13,5kjokm9p,gemma4-manim-sft,AOS-SFT,
1.5713305575979073e-06,0.8370723724365234,14,5kjokm9p,gemma4-manim-sft,AOS-SFT,
1.260001147549782e-06,0.7961735725402832,15,5kjokm9p,gemma4-manim-sft,AOS-SFT,
9.723841649700225e-07,0.781646728515625,16,5kjokm9p,gemma4-manim-sft,AOS-SFT,
7.139796930438805e-07,0.76683669090271,17,5kjokm9p,gemma4-manim-sft,AOS-SFT,
4.897291857783035e-07,0.8311466217041016,18,5kjokm9p,gemma4-manim-sft,AOS-SFT,
3.039209728582518e-07,0.80858154296875,19,5kjokm9p,gemma4-manim-sft,AOS-SFT,
1.60108254162247e-07,0.7661075115203857,20,5kjokm9p,gemma4-manim-sft,AOS-SFT,
6.104115212336281e-08,0.7801491260528565,21,5kjokm9p,gemma4-manim-sft,AOS-SFT,
8.614121294484857e-09,0.8107275009155274,22,5kjokm9p,gemma4-manim-sft,AOS-SFT,
,,23,5kjokm9p,gemma4-manim-sft,AOS-SFT,
4.999760585134805e-06,2.2961639404296874,0,fh41h3xg,gemma4-manim-sft,AOS-SFT,
4.971086245135584e-06,2.282378578186035,1,fh41h3xg,gemma4-manim-sft,AOS-SFT,
4.89515746353743e-06,2.068914031982422,2,fh41h3xg,gemma4-manim-sft,AOS-SFT,
4.77342622210859e-06,1.8089391708374023,3,fh41h3xg,gemma4-manim-sft,AOS-SFT,
4.608220380449348e-06,1.5887673377990723,4,fh41h3xg,gemma4-manim-sft,AOS-SFT,
4.402699160465396e-06,1.3163805961608888,5,fh41h3xg,gemma4-manim-sft,AOS-SFT,
4.160792732747175e-06,1.1705485343933106,6,fh41h3xg,gemma4-manim-sft,AOS-SFT,
3.887127060141396e-06,1.1194039344787599,7,fh41h3xg,gemma4-manim-sft,AOS-SFT,
3.5869354357268583e-06,1.1161829948425293,8,fh41h3xg,gemma4-manim-sft,AOS-SFT,
3.2659584068488077e-06,0.996769905090332,9,fh41h3xg,gemma4-manim-sft,AOS-SFT,
2.930333998958834e-06,0.8885586738586426,10,fh41h3xg,gemma4-manim-sft,AOS-SFT,
2.5864803385035697e-06,0.907138442993164,11,fh41h3xg,gemma4-manim-sft,AOS-SFT,
2.240972919458003e-06,0.8293150901794434,12,fh41h3xg,gemma4-manim-sft,AOS-SFT,
1.9004188605285023e-06,0.8660399436950683,13,fh41h3xg,gemma4-manim-sft,AOS-SFT,
1.5713305575979073e-06,0.8448881149291992,14,fh41h3xg,gemma4-manim-sft,AOS-SFT,
1.260001147549782e-06,0.8031426429748535,15,fh41h3xg,gemma4-manim-sft,AOS-SFT,
9.723841649700225e-07,0.7884552955627442,16,fh41h3xg,gemma4-manim-sft,AOS-SFT,
7.139796930438805e-07,0.7738880157470703,17,fh41h3xg,gemma4-manim-sft,AOS-SFT,
4.897291857783035e-07,0.8386615753173828,18,fh41h3xg,gemma4-manim-sft,AOS-SFT,
3.039209728582518e-07,0.8155364036560059,19,fh41h3xg,gemma4-manim-sft,AOS-SFT,
4.999760585134805e-06,2.2958303451538087,0,5mzn0dy9,gemma4-manim-sft,AOS-SFT,
4.971086245135584e-06,2.2800060272216798,1,5mzn0dy9,gemma4-manim-sft,AOS-SFT,
4.89515746353743e-06,2.0658483505249023,2,5mzn0dy9,gemma4-manim-sft,AOS-SFT,
4.77342622210859e-06,1.8115821838378907,3,5mzn0dy9,gemma4-manim-sft,AOS-SFT,
4.608220380449348e-06,1.5878338813781738,4,5mzn0dy9,gemma4-manim-sft,AOS-SFT,
4.402699160465396e-06,1.3115365982055665,5,5mzn0dy9,gemma4-manim-sft,AOS-SFT,
4.160792732747175e-06,1.1667686462402345,6,5mzn0dy9,gemma4-manim-sft,AOS-SFT,
3.887127060141396e-06,1.1147871971130372,7,5mzn0dy9,gemma4-manim-sft,AOS-SFT,
3.5869354357268583e-06,1.110385036468506,8,5mzn0dy9,gemma4-manim-sft,AOS-SFT,
3.2659584068488077e-06,0.9913471221923829,9,5mzn0dy9,gemma4-manim-sft,AOS-SFT,
2.930333998958834e-06,0.8832428932189942,10,5mzn0dy9,gemma4-manim-sft,AOS-SFT,
2.5864803385035697e-06,0.9010755538940429,11,5mzn0dy9,gemma4-manim-sft,AOS-SFT,
2.240972919458003e-06,0.8225476264953613,12,5mzn0dy9,gemma4-manim-sft,AOS-SFT,
1.9004188605285023e-06,0.8594673156738282,13,5mzn0dy9,gemma4-manim-sft,AOS-SFT,
1.5713305575979073e-06,0.8391860008239747,14,5mzn0dy9,gemma4-manim-sft,AOS-SFT,
1.260001147549782e-06,0.7977478981018067,15,5mzn0dy9,gemma4-manim-sft,AOS-SFT,
9.723841649700225e-07,0.7824643135070801,16,5mzn0dy9,gemma4-manim-sft,AOS-SFT,
7.139796930438805e-07,0.7673398494720459,17,5mzn0dy9,gemma4-manim-sft,AOS-SFT,
4.897291857783035e-07,0.8316161155700683,18,5mzn0dy9,gemma4-manim-sft,AOS-SFT,
3.039209728582518e-07,0.8092129707336426,19,5mzn0dy9,gemma4-manim-sft,AOS-SFT,
1.60108254162247e-07,0.7668800354003906,20,5mzn0dy9,gemma4-manim-sft,AOS-SFT,
6.104115212336281e-08,0.7798417091369629,21,5mzn0dy9,gemma4-manim-sft,AOS-SFT,
8.614121294484857e-09,0.8114581108093262,22,5mzn0dy9,gemma4-manim-sft,AOS-SFT,
,,23,5mzn0dy9,gemma4-manim-sft,AOS-SFT,
4.9990077267303256e-06,4.209259796142578,0,3a83rxpp,gemma4-manim-sft,AOS-SFT,
4.964360799211563e-06,3.5839870452880858,1,3a83rxpp,gemma4-manim-sft,AOS-SFT,
4.880885087199972e-06,2.9512840270996095,2,3a83rxpp,gemma4-manim-sft,AOS-SFT,
4.750234576407994e-06,2.5884017944335938,3,3a83rxpp,gemma4-manim-sft,AOS-SFT,
4.9990077267303256e-06,4.212801742553711,0,l6t8fa4q,gemma4-manim-sft,AOS-SFT,
4.964360799211563e-06,3.544913482666016,1,l6t8fa4q,gemma4-manim-sft,AOS-SFT,
4.880885087199972e-06,2.9141408920288088,2,l6t8fa4q,gemma4-manim-sft,AOS-SFT,
4.750234576407994e-06,2.582011413574219,3,l6t8fa4q,gemma4-manim-sft,AOS-SFT,
4.574997972855212e-06,1.9614944458007812,4,l6t8fa4q,gemma4-manim-sft,AOS-SFT,
4.3586474103107034e-06,1.791719627380371,5,l6t8fa4q,gemma4-manim-sft,AOS-SFT,
4.105469653519617e-06,1.5196094512939453,6,l6t8fa4q,gemma4-manim-sft,AOS-SFT,
3.82048116035155e-06,1.2721927642822266,7,l6t8fa4q,gemma4-manim-sft,AOS-SFT,
3.5093286858272325e-06,1.1175264358520507,8,l6t8fa4q,gemma4-manim-sft,AOS-SFT,
3.1781773974529072e-06,0.9968999862670899,9,l6t8fa4q,gemma4-manim-sft,AOS-SFT,
2.8335887187424225e-06,0.9523852348327637,10,l6t8fa4q,gemma4-manim-sft,AOS-SFT,
2.4823903213324995e-06,0.9628970146179199,11,l6t8fa4q,gemma4-manim-sft,AOS-SFT,
2.1315408416642145e-06,0.9096430778503418,12,l6t8fa4q,gemma4-manim-sft,AOS-SFT,
1.7879920027310621e-06,0.8213413238525391,13,l6t8fa4q,gemma4-manim-sft,AOS-SFT,
1.4585508728098935e-06,0.8464945793151856,14,l6t8fa4q,gemma4-manim-sft,AOS-SFT,
1.149744990376868e-06,0.807271671295166,15,l6t8fa4q,gemma4-manim-sft,AOS-SFT,
4.9990077267303256e-06,4.203318405151367,0,21unztuw,gemma4-31b-it-2nd-manim-sft,AOS-SFT,
4.964360799211563e-06,3.5620395660400392,1,21unztuw,gemma4-31b-it-2nd-manim-sft,AOS-SFT,
4.880885087199972e-06,2.9592964172363283,2,21unztuw,gemma4-31b-it-2nd-manim-sft,AOS-SFT,
4.750234576407994e-06,2.6619667053222655,3,21unztuw,gemma4-31b-it-2nd-manim-sft,AOS-SFT,
4.574997972855212e-06,2.0439426422119142,4,21unztuw,gemma4-31b-it-2nd-manim-sft,AOS-SFT,
4.3586474103107034e-06,1.7958911895751952,5,21unztuw,gemma4-31b-it-2nd-manim-sft,AOS-SFT,
4.105469653519617e-06,1.4920371055603028,6,21unztuw,gemma4-31b-it-2nd-manim-sft,AOS-SFT,
3.82048116035155e-06,1.2591470718383788,7,21unztuw,gemma4-31b-it-2nd-manim-sft,AOS-SFT,
3.5093286858272325e-06,1.1033663749694824,8,21unztuw,gemma4-31b-it-2nd-manim-sft,AOS-SFT,
3.1781773974529072e-06,0.9869507789611817,9,21unztuw,gemma4-31b-it-2nd-manim-sft,AOS-SFT,
2.8335887187424225e-06,0.952784538269043,10,21unztuw,gemma4-31b-it-2nd-manim-sft,AOS-SFT,
2.4823903213324995e-06,0.9579326629638671,11,21unztuw,gemma4-31b-it-2nd-manim-sft,AOS-SFT,
2.1315408416642145e-06,0.9012021064758301,12,21unztuw,gemma4-31b-it-2nd-manim-sft,AOS-SFT,
1.7879920027310621e-06,0.8016164779663086,13,21unztuw,gemma4-31b-it-2nd-manim-sft,AOS-SFT,
1.4585508728098935e-06,0.8283823013305665,14,21unztuw,gemma4-31b-it-2nd-manim-sft,AOS-SFT,
4.98884926876821e-06,14.989311218261719,0,6c5e0zvo,gemma4-manim-sft,AOS-SFT,
4.864543104251587e-06,14.713137817382812,1,6c5e0zvo,gemma4-manim-sft,AOS-SFT,
4.608919179968457e-06,14.199934387207032,2,6c5e0zvo,gemma4-manim-sft,AOS-SFT,
4.236173879575022e-06,13.611935424804688,3,6c5e0zvo,gemma4-manim-sft,AOS-SFT,
3.7670080639366e-06,13.110748291015625,4,6c5e0zvo,gemma4-manim-sft,AOS-SFT,
3.227477423794412e-06,12.577649688720703,5,6c5e0zvo,gemma4-manim-sft,AOS-SFT,
2.6475454454818072e-06,12.081610870361327,6,6c5e0zvo,gemma4-manim-sft,AOS-SFT,
2.059419352488196e-06,11.716180419921875,7,6c5e0zvo,gemma4-manim-sft,AOS-SFT,
1.495761438367577e-06,11.458192443847656,8,6c5e0zvo,gemma4-manim-sft,AOS-SFT,
9.878751267809069e-07,11.238419342041016,9,6c5e0zvo,gemma4-manim-sft,AOS-SFT,
5.639664980207024e-07,11.069278717041016,10,6c5e0zvo,gemma4-manim-sft,AOS-SFT,
2.4757783024395244e-07,11.044107818603516,11,6c5e0zvo,gemma4-manim-sft,AOS-SFT,
5.628015059465364e-08,10.976628875732422,12,6c5e0zvo,gemma4-manim-sft,AOS-SFT,
,,13,6c5e0zvo,gemma4-manim-sft,AOS-SFT,
4.98884926876821e-06,4.170035171508789,0,bqqvwqo5,gemma4-manim-sft,AOS-SFT,
4.864543104251587e-06,3.4799129486083986,1,bqqvwqo5,gemma4-manim-sft,AOS-SFT,
4.608919179968457e-06,2.860280418395996,2,bqqvwqo5,gemma4-manim-sft,AOS-SFT,
4.236173879575022e-06,2.5584863662719726,3,bqqvwqo5,gemma4-manim-sft,AOS-SFT,
3.7670080639366e-06,1.9593791961669922,4,bqqvwqo5,gemma4-manim-sft,AOS-SFT,
3.227477423794412e-06,1.7616106033325196,5,bqqvwqo5,gemma4-manim-sft,AOS-SFT,
2.6475454454818072e-06,1.5252528190612793,6,bqqvwqo5,gemma4-manim-sft,AOS-SFT,
2.059419352488196e-06,1.3248740196228028,7,bqqvwqo5,gemma4-manim-sft,AOS-SFT,
1.495761438367577e-06,1.2259053230285644,8,bqqvwqo5,gemma4-manim-sft,AOS-SFT,
9.878751267809069e-07,1.123027229309082,9,bqqvwqo5,gemma4-manim-sft,AOS-SFT,
5.639664980207024e-07,1.1468828201293946,10,bqqvwqo5,gemma4-manim-sft,AOS-SFT,
2.4757783024395244e-07,1.2445707321166992,11,bqqvwqo5,gemma4-manim-sft,AOS-SFT,
5.628015059465364e-08,1.2072784423828125,12,bqqvwqo5,gemma4-manim-sft,AOS-SFT,
,,13,bqqvwqo5,gemma4-manim-sft,AOS-SFT,
1.0392609699769053e-07,6.258297729492187,0,u8fokilb,gemma4-manim-sft,AOS-SFT,
2.1939953810623557e-07,5.323147201538086,1,u8fokilb,gemma4-manim-sft,AOS-SFT,
3.3487297921478065e-07,6.0253173828125,2,u8fokilb,gemma4-manim-sft,AOS-SFT,
4.503464203233257e-07,5.681358718872071,3,u8fokilb,gemma4-manim-sft,AOS-SFT,
5.658198614318708e-07,5.567997741699219,4,u8fokilb,gemma4-manim-sft,AOS-SFT,
6.812933025404157e-07,6.144384765625,5,u8fokilb,gemma4-manim-sft,AOS-SFT,
7.967667436489609e-07,5.665255737304688,6,u8fokilb,gemma4-manim-sft,AOS-SFT,
9.122401847575059e-07,5.2876636505126955,7,u8fokilb,gemma4-manim-sft,AOS-SFT,
1.0277136258660509e-06,5.371955490112304,8,u8fokilb,gemma4-manim-sft,AOS-SFT,
1.143187066974596e-06,4.678505325317383,9,u8fokilb,gemma4-manim-sft,AOS-SFT,
1.258660508083141e-06,4.615820693969726,10,u8fokilb,gemma4-manim-sft,AOS-SFT,
1.374133949191686e-06,4.640505981445313,11,u8fokilb,gemma4-manim-sft,AOS-SFT,
1.489607390300231e-06,4.503013610839844,12,u8fokilb,gemma4-manim-sft,AOS-SFT,
1.6050808314087763e-06,5.155144500732422,13,u8fokilb,gemma4-manim-sft,AOS-SFT,
1.720554272517321e-06,3.8832645416259766,14,u8fokilb,gemma4-manim-sft,AOS-SFT,
1.8360277136258662e-06,3.8368431091308595,15,u8fokilb,gemma4-manim-sft,AOS-SFT,
1.951501154734411e-06,4.094159698486328,16,u8fokilb,gemma4-manim-sft,AOS-SFT,
2.0669745958429563e-06,3.7665695190429687,17,u8fokilb,gemma4-manim-sft,AOS-SFT,
2.1824480369515016e-06,3.4556594848632813,18,u8fokilb,gemma4-manim-sft,AOS-SFT,
2.2979214780600464e-06,3.938189697265625,19,u8fokilb,gemma4-manim-sft,AOS-SFT,
2.4133949191685917e-06,3.5147422790527343,20,u8fokilb,gemma4-manim-sft,AOS-SFT,
1.0392609699769053e-07,6.109930419921875,0,by0j8byu,gemma4-manim-sft,AOS-SFT,
2.1939953810623557e-07,6.580221557617188,1,by0j8byu,gemma4-manim-sft,AOS-SFT,
3.3487297921478065e-07,6.767112731933594,2,by0j8byu,gemma4-manim-sft,AOS-SFT,
4.503464203233257e-07,5.331056213378906,3,by0j8byu,gemma4-manim-sft,AOS-SFT,
5.658198614318708e-07,6.793486022949219,4,by0j8byu,gemma4-manim-sft,AOS-SFT,
6.812933025404157e-07,5.889102172851563,5,by0j8byu,gemma4-manim-sft,AOS-SFT,
7.967667436489609e-07,5.349798583984375,6,by0j8byu,gemma4-manim-sft,AOS-SFT,
9.122401847575059e-07,5.20978012084961,7,by0j8byu,gemma4-manim-sft,AOS-SFT,
1.0277136258660509e-06,6.918894958496094,8,by0j8byu,gemma4-manim-sft,AOS-SFT,
1.143187066974596e-06,4.800838470458984,9,by0j8byu,gemma4-manim-sft,AOS-SFT,
1.258660508083141e-06,4.954732131958008,10,by0j8byu,gemma4-manim-sft,AOS-SFT,
1.374133949191686e-06,5.073071670532227,11,by0j8byu,gemma4-manim-sft,AOS-SFT,
1.489607390300231e-06,5.146175384521484,12,by0j8byu,gemma4-manim-sft,AOS-SFT,
1.6050808314087763e-06,4.514572525024414,13,by0j8byu,gemma4-manim-sft,AOS-SFT,
1.720554272517321e-06,5.0045021057128904,14,by0j8byu,gemma4-manim-sft,AOS-SFT,
1.8360277136258662e-06,3.9961891174316406,15,by0j8byu,gemma4-manim-sft,AOS-SFT,
1.951501154734411e-06,4.359643173217774,16,by0j8byu,gemma4-manim-sft,AOS-SFT,
2.0669745958429563e-06,3.320431137084961,17,by0j8byu,gemma4-manim-sft,AOS-SFT,
2.1824480369515016e-06,3.5337406158447267,18,by0j8byu,gemma4-manim-sft,AOS-SFT,
2.2979214780600464e-06,2.8380931854248046,19,by0j8byu,gemma4-manim-sft,AOS-SFT,
2.4133949191685917e-06,2.864923667907715,20,by0j8byu,gemma4-manim-sft,AOS-SFT,
2.5288683602771365e-06,2.5865995407104494,21,by0j8byu,gemma4-manim-sft,AOS-SFT,
2.6443418013856814e-06,2.6073379516601562,22,by0j8byu,gemma4-manim-sft,AOS-SFT,
2.7598152424942266e-06,2.610444450378418,23,by0j8byu,gemma4-manim-sft,AOS-SFT,
2.8752886836027715e-06,2.407680702209473,24,by0j8byu,gemma4-manim-sft,AOS-SFT,
2.9907621247113167e-06,2.040185737609863,25,by0j8byu,gemma4-manim-sft,AOS-SFT,
3.1062355658198616e-06,1.8012134552001953,26,by0j8byu,gemma4-manim-sft,AOS-SFT,
3.221709006928407e-06,1.8403654098510742,27,by0j8byu,gemma4-manim-sft,AOS-SFT,
3.337182448036952e-06,1.7337942123413086,28,by0j8byu,gemma4-manim-sft,AOS-SFT,
3.452655889145497e-06,1.6695165634155273,29,by0j8byu,gemma4-manim-sft,AOS-SFT,
3.568129330254042e-06,1.7031009674072266,30,by0j8byu,gemma4-manim-sft,AOS-SFT,
3.683602771362587e-06,1.835024642944336,31,by0j8byu,gemma4-manim-sft,AOS-SFT,
3.799076212471132e-06,1.6681556701660156,32,by0j8byu,gemma4-manim-sft,AOS-SFT,
3.914549653579677e-06,1.845248031616211,33,by0j8byu,gemma4-manim-sft,AOS-SFT,
4.0300230946882216e-06,1.7112375259399415,34,by0j8byu,gemma4-manim-sft,AOS-SFT,
4.145496535796767e-06,1.4838546752929687,35,by0j8byu,gemma4-manim-sft,AOS-SFT,
4.260969976905312e-06,1.3622488975524902,36,by0j8byu,gemma4-manim-sft,AOS-SFT,
,,0,1ki1qd23,qwen3-8b-manim-grpo-kaggle,AOS-GRPO,
,,1,1ki1qd23,qwen3-8b-manim-grpo-kaggle,AOS-GRPO,
,,2,1ki1qd23,qwen3-8b-manim-grpo-kaggle,AOS-GRPO,
,,3,1ki1qd23,qwen3-8b-manim-grpo-kaggle,AOS-GRPO,
,,4,1ki1qd23,qwen3-8b-manim-grpo-kaggle,AOS-GRPO,
,,5,1ki1qd23,qwen3-8b-manim-grpo-kaggle,AOS-GRPO,
,,6,1ki1qd23,qwen3-8b-manim-grpo-kaggle,AOS-GRPO,
,,7,1ki1qd23,qwen3-8b-manim-grpo-kaggle,AOS-GRPO,
,,8,1ki1qd23,qwen3-8b-manim-grpo-kaggle,AOS-GRPO,
,,9,1ki1qd23,qwen3-8b-manim-grpo-kaggle,AOS-GRPO,
,,10,1ki1qd23,qwen3-8b-manim-grpo-kaggle,AOS-GRPO,
,,11,1ki1qd23,qwen3-8b-manim-grpo-kaggle,AOS-GRPO,
,,12,1ki1qd23,qwen3-8b-manim-grpo-kaggle,AOS-GRPO,
,,13,1ki1qd23,qwen3-8b-manim-grpo-kaggle,AOS-GRPO,
,,0,ocwuqxhz,qwen3-8b-manim-grpo-kaggle,AOS-GRPO,
,,1,ocwuqxhz,qwen3-8b-manim-grpo-kaggle,AOS-GRPO,
,,2,ocwuqxhz,qwen3-8b-manim-grpo-kaggle,AOS-GRPO,
,,3,ocwuqxhz,qwen3-8b-manim-grpo-kaggle,AOS-GRPO,
,,4,ocwuqxhz,qwen3-8b-manim-grpo-kaggle,AOS-GRPO,
,,5,ocwuqxhz,qwen3-8b-manim-grpo-kaggle,AOS-GRPO,
,,6,ocwuqxhz,qwen3-8b-manim-grpo-kaggle,AOS-GRPO,
,,7,ocwuqxhz,qwen3-8b-manim-grpo-kaggle,AOS-GRPO,
,,8,ocwuqxhz,qwen3-8b-manim-grpo-kaggle,AOS-GRPO,
,,9,ocwuqxhz,qwen3-8b-manim-grpo-kaggle,AOS-GRPO,
,,10,ocwuqxhz,qwen3-8b-manim-grpo-kaggle,AOS-GRPO,
,,11,ocwuqxhz,qwen3-8b-manim-grpo-kaggle,AOS-GRPO,
,,12,ocwuqxhz,qwen3-8b-manim-grpo-kaggle,AOS-GRPO,
,,13,ocwuqxhz,qwen3-8b-manim-grpo-kaggle,AOS-GRPO,
,,14,ocwuqxhz,qwen3-8b-manim-grpo-kaggle,AOS-GRPO,
,,15,ocwuqxhz,qwen3-8b-manim-grpo-kaggle,AOS-GRPO,
,,16,ocwuqxhz,qwen3-8b-manim-grpo-kaggle,AOS-GRPO,
,,17,ocwuqxhz,qwen3-8b-manim-grpo-kaggle,AOS-GRPO,
,,18,ocwuqxhz,qwen3-8b-manim-grpo-kaggle,AOS-GRPO,
,,19,ocwuqxhz,qwen3-8b-manim-grpo-kaggle,AOS-GRPO,
,,20,ocwuqxhz,qwen3-8b-manim-grpo-kaggle,AOS-GRPO,
,,21,ocwuqxhz,qwen3-8b-manim-grpo-kaggle,AOS-GRPO,
,,22,ocwuqxhz,qwen3-8b-manim-grpo-kaggle,AOS-GRPO,
,,23,ocwuqxhz,qwen3-8b-manim-grpo-kaggle,AOS-GRPO,
,,24,ocwuqxhz,qwen3-8b-manim-grpo-kaggle,AOS-GRPO,
,,25,ocwuqxhz,qwen3-8b-manim-grpo-kaggle,AOS-GRPO,
,,26,ocwuqxhz,qwen3-8b-manim-grpo-kaggle,AOS-GRPO,
,,27,ocwuqxhz,qwen3-8b-manim-grpo-kaggle,AOS-GRPO,
,,28,ocwuqxhz,qwen3-8b-manim-grpo-kaggle,AOS-GRPO,
,,29,ocwuqxhz,qwen3-8b-manim-grpo-kaggle,AOS-GRPO,
,,30,ocwuqxhz,qwen3-8b-manim-grpo-kaggle,AOS-GRPO,
,,31,ocwuqxhz,qwen3-8b-manim-grpo-kaggle,AOS-GRPO,
,,32,ocwuqxhz,qwen3-8b-manim-grpo-kaggle,AOS-GRPO,
,,33,ocwuqxhz,qwen3-8b-manim-grpo-kaggle,AOS-GRPO,
,,34,ocwuqxhz,qwen3-8b-manim-grpo-kaggle,AOS-GRPO,
,,35,ocwuqxhz,qwen3-8b-manim-grpo-kaggle,AOS-GRPO,
,,36,ocwuqxhz,qwen3-8b-manim-grpo-kaggle,AOS-GRPO,
,,37,ocwuqxhz,qwen3-8b-manim-grpo-kaggle,AOS-GRPO,
,,38,ocwuqxhz,qwen3-8b-manim-grpo-kaggle,AOS-GRPO,
,,39,ocwuqxhz,qwen3-8b-manim-grpo-kaggle,AOS-GRPO,
,,40,ocwuqxhz,qwen3-8b-manim-grpo-kaggle,AOS-GRPO,
,,41,ocwuqxhz,qwen3-8b-manim-grpo-kaggle,AOS-GRPO,
,,42,ocwuqxhz,qwen3-8b-manim-grpo-kaggle,AOS-GRPO,
,,43,ocwuqxhz,qwen3-8b-manim-grpo-kaggle,AOS-GRPO,
,,44,ocwuqxhz,qwen3-8b-manim-grpo-kaggle,AOS-GRPO,
,,45,ocwuqxhz,qwen3-8b-manim-grpo-kaggle,AOS-GRPO,
,,46,ocwuqxhz,qwen3-8b-manim-grpo-kaggle,AOS-GRPO,
,,47,ocwuqxhz,qwen3-8b-manim-grpo-kaggle,AOS-GRPO,
,,48,ocwuqxhz,qwen3-8b-manim-grpo-kaggle,AOS-GRPO,
,,49,ocwuqxhz,qwen3-8b-manim-grpo-kaggle,AOS-GRPO,
,,50,ocwuqxhz,qwen3-8b-manim-grpo-kaggle,AOS-GRPO,
,,51,ocwuqxhz,qwen3-8b-manim-grpo-kaggle,AOS-GRPO,
,,52,ocwuqxhz,qwen3-8b-manim-grpo-kaggle,AOS-GRPO,
,,53,ocwuqxhz,qwen3-8b-manim-grpo-kaggle,AOS-GRPO,
,,54,ocwuqxhz,qwen3-8b-manim-grpo-kaggle,AOS-GRPO,
,,55,ocwuqxhz,qwen3-8b-manim-grpo-kaggle,AOS-GRPO,
,,56,ocwuqxhz,qwen3-8b-manim-grpo-kaggle,AOS-GRPO,
,,57,ocwuqxhz,qwen3-8b-manim-grpo-kaggle,AOS-GRPO,
,,58,ocwuqxhz,qwen3-8b-manim-grpo-kaggle,AOS-GRPO,
,,59,ocwuqxhz,qwen3-8b-manim-grpo-kaggle,AOS-GRPO,
,,60,ocwuqxhz,qwen3-8b-manim-grpo-kaggle,AOS-GRPO,
,,61,ocwuqxhz,qwen3-8b-manim-grpo-kaggle,AOS-GRPO,
,,62,ocwuqxhz,qwen3-8b-manim-grpo-kaggle,AOS-GRPO,
,,63,ocwuqxhz,qwen3-8b-manim-grpo-kaggle,AOS-GRPO,
,,64,ocwuqxhz,qwen3-8b-manim-grpo-kaggle,AOS-GRPO,
,,65,ocwuqxhz,qwen3-8b-manim-grpo-kaggle,AOS-GRPO,
,,66,ocwuqxhz,qwen3-8b-manim-grpo-kaggle,AOS-GRPO,
,,67,ocwuqxhz,qwen3-8b-manim-grpo-kaggle,AOS-GRPO,
,,68,ocwuqxhz,qwen3-8b-manim-grpo-kaggle,AOS-GRPO,
,,69,ocwuqxhz,qwen3-8b-manim-grpo-kaggle,AOS-GRPO,
5e-06,0.0,70,ocwuqxhz,qwen3-8b-manim-grpo-kaggle,AOS-GRPO,
,,71,ocwuqxhz,qwen3-8b-manim-grpo-kaggle,AOS-GRPO,
,,72,ocwuqxhz,qwen3-8b-manim-grpo-kaggle,AOS-GRPO,
,,73,ocwuqxhz,qwen3-8b-manim-grpo-kaggle,AOS-GRPO,
,,74,ocwuqxhz,qwen3-8b-manim-grpo-kaggle,AOS-GRPO,
,,75,ocwuqxhz,qwen3-8b-manim-grpo-kaggle,AOS-GRPO,
,,76,ocwuqxhz,qwen3-8b-manim-grpo-kaggle,AOS-GRPO,
,,77,ocwuqxhz,qwen3-8b-manim-grpo-kaggle,AOS-GRPO,
,,78,ocwuqxhz,qwen3-8b-manim-grpo-kaggle,AOS-GRPO,
,,79,ocwuqxhz,qwen3-8b-manim-grpo-kaggle,AOS-GRPO,
,,80,ocwuqxhz,qwen3-8b-manim-grpo-kaggle,AOS-GRPO,
,,81,ocwuqxhz,qwen3-8b-manim-grpo-kaggle,AOS-GRPO,
,,82,ocwuqxhz,qwen3-8b-manim-grpo-kaggle,AOS-GRPO,
,,83,ocwuqxhz,qwen3-8b-manim-grpo-kaggle,AOS-GRPO,
,,84,ocwuqxhz,qwen3-8b-manim-grpo-kaggle,AOS-GRPO,
,,85,ocwuqxhz,qwen3-8b-manim-grpo-kaggle,AOS-GRPO,
,,86,ocwuqxhz,qwen3-8b-manim-grpo-kaggle,AOS-GRPO,
,,87,ocwuqxhz,qwen3-8b-manim-grpo-kaggle,AOS-GRPO,
,,88,ocwuqxhz,qwen3-8b-manim-grpo-kaggle,AOS-GRPO,
,,89,ocwuqxhz,qwen3-8b-manim-grpo-kaggle,AOS-GRPO,
,,90,ocwuqxhz,qwen3-8b-manim-grpo-kaggle,AOS-GRPO,
,,91,ocwuqxhz,qwen3-8b-manim-grpo-kaggle,AOS-GRPO,
,,92,ocwuqxhz,qwen3-8b-manim-grpo-kaggle,AOS-GRPO,
,,93,ocwuqxhz,qwen3-8b-manim-grpo-kaggle,AOS-GRPO,
,,94,ocwuqxhz,qwen3-8b-manim-grpo-kaggle,AOS-GRPO,
,,95,ocwuqxhz,qwen3-8b-manim-grpo-kaggle,AOS-GRPO,
,,96,ocwuqxhz,qwen3-8b-manim-grpo-kaggle,AOS-GRPO,
,,97,ocwuqxhz,qwen3-8b-manim-grpo-kaggle,AOS-GRPO,
,,98,ocwuqxhz,qwen3-8b-manim-grpo-kaggle,AOS-GRPO,
,,99,ocwuqxhz,qwen3-8b-manim-grpo-kaggle,AOS-GRPO,
,,100,ocwuqxhz,qwen3-8b-manim-grpo-kaggle,AOS-GRPO,
,,101,ocwuqxhz,qwen3-8b-manim-grpo-kaggle,AOS-GRPO,
,,102,ocwuqxhz,qwen3-8b-manim-grpo-kaggle,AOS-GRPO,
,,103,ocwuqxhz,qwen3-8b-manim-grpo-kaggle,AOS-GRPO,
,,104,ocwuqxhz,qwen3-8b-manim-grpo-kaggle,AOS-GRPO,
,,105,ocwuqxhz,qwen3-8b-manim-grpo-kaggle,AOS-GRPO,
,,106,ocwuqxhz,qwen3-8b-manim-grpo-kaggle,AOS-GRPO,
,,107,ocwuqxhz,qwen3-8b-manim-grpo-kaggle,AOS-GRPO,
,,108,ocwuqxhz,qwen3-8b-manim-grpo-kaggle,AOS-GRPO,
,,109,ocwuqxhz,qwen3-8b-manim-grpo-kaggle,AOS-GRPO,
,,110,ocwuqxhz,qwen3-8b-manim-grpo-kaggle,AOS-GRPO,
,,111,ocwuqxhz,qwen3-8b-manim-grpo-kaggle,AOS-GRPO,
,,112,ocwuqxhz,qwen3-8b-manim-grpo-kaggle,AOS-GRPO,
,,113,ocwuqxhz,qwen3-8b-manim-grpo-kaggle,AOS-GRPO,
,,114,ocwuqxhz,qwen3-8b-manim-grpo-kaggle,AOS-GRPO,
,,115,ocwuqxhz,qwen3-8b-manim-grpo-kaggle,AOS-GRPO,
,,116,ocwuqxhz,qwen3-8b-manim-grpo-kaggle,AOS-GRPO,
,,117,ocwuqxhz,qwen3-8b-manim-grpo-kaggle,AOS-GRPO,
,,118,ocwuqxhz,qwen3-8b-manim-grpo-kaggle,AOS-GRPO,
,,119,ocwuqxhz,qwen3-8b-manim-grpo-kaggle,AOS-GRPO,
,,120,ocwuqxhz,qwen3-8b-manim-grpo-kaggle,AOS-GRPO,
,,121,ocwuqxhz,qwen3-8b-manim-grpo-kaggle,AOS-GRPO,
,,122,ocwuqxhz,qwen3-8b-manim-grpo-kaggle,AOS-GRPO,
,,123,ocwuqxhz,qwen3-8b-manim-grpo-kaggle,AOS-GRPO,
,,124,ocwuqxhz,qwen3-8b-manim-grpo-kaggle,AOS-GRPO,
,,125,ocwuqxhz,qwen3-8b-manim-grpo-kaggle,AOS-GRPO,
,,126,ocwuqxhz,qwen3-8b-manim-grpo-kaggle,AOS-GRPO,
,,127,ocwuqxhz,qwen3-8b-manim-grpo-kaggle,AOS-GRPO,
,,128,ocwuqxhz,qwen3-8b-manim-grpo-kaggle,AOS-GRPO,
,,129,ocwuqxhz,qwen3-8b-manim-grpo-kaggle,AOS-GRPO,
,,130,ocwuqxhz,qwen3-8b-manim-grpo-kaggle,AOS-GRPO,
,,131,ocwuqxhz,qwen3-8b-manim-grpo-kaggle,AOS-GRPO,
,,132,ocwuqxhz,qwen3-8b-manim-grpo-kaggle,AOS-GRPO,
,,133,ocwuqxhz,qwen3-8b-manim-grpo-kaggle,AOS-GRPO,
,,134,ocwuqxhz,qwen3-8b-manim-grpo-kaggle,AOS-GRPO,
,,135,ocwuqxhz,qwen3-8b-manim-grpo-kaggle,AOS-GRPO,
,,136,ocwuqxhz,qwen3-8b-manim-grpo-kaggle,AOS-GRPO,
,,137,ocwuqxhz,qwen3-8b-manim-grpo-kaggle,AOS-GRPO,
,,138,ocwuqxhz,qwen3-8b-manim-grpo-kaggle,AOS-GRPO,
,,139,ocwuqxhz,qwen3-8b-manim-grpo-kaggle,AOS-GRPO,
,,140,ocwuqxhz,qwen3-8b-manim-grpo-kaggle,AOS-GRPO,
1.0555555555555555e-05,0.0,141,ocwuqxhz,qwen3-8b-manim-grpo-kaggle,AOS-GRPO,
,,142,ocwuqxhz,qwen3-8b-manim-grpo-kaggle,AOS-GRPO,
,,143,ocwuqxhz,qwen3-8b-manim-grpo-kaggle,AOS-GRPO,
,,144,ocwuqxhz,qwen3-8b-manim-grpo-kaggle,AOS-GRPO,
,,145,ocwuqxhz,qwen3-8b-manim-grpo-kaggle,AOS-GRPO,
,,146,ocwuqxhz,qwen3-8b-manim-grpo-kaggle,AOS-GRPO,
,,147,ocwuqxhz,qwen3-8b-manim-grpo-kaggle,AOS-GRPO,
,,148,ocwuqxhz,qwen3-8b-manim-grpo-kaggle,AOS-GRPO,
,,149,ocwuqxhz,qwen3-8b-manim-grpo-kaggle,AOS-GRPO,
,,150,ocwuqxhz,qwen3-8b-manim-grpo-kaggle,AOS-GRPO,
,,151,ocwuqxhz,qwen3-8b-manim-grpo-kaggle,AOS-GRPO,
,,152,ocwuqxhz,qwen3-8b-manim-grpo-kaggle,AOS-GRPO,
,,153,ocwuqxhz,qwen3-8b-manim-grpo-kaggle,AOS-GRPO,
,,154,ocwuqxhz,qwen3-8b-manim-grpo-kaggle,AOS-GRPO,
,,155,ocwuqxhz,qwen3-8b-manim-grpo-kaggle,AOS-GRPO,
,,156,ocwuqxhz,qwen3-8b-manim-grpo-kaggle,AOS-GRPO,
,,157,ocwuqxhz,qwen3-8b-manim-grpo-kaggle,AOS-GRPO,
,,158,ocwuqxhz,qwen3-8b-manim-grpo-kaggle,AOS-GRPO,
,,159,ocwuqxhz,qwen3-8b-manim-grpo-kaggle,AOS-GRPO,
,,160,ocwuqxhz,qwen3-8b-manim-grpo-kaggle,AOS-GRPO,
,,161,ocwuqxhz,qwen3-8b-manim-grpo-kaggle,AOS-GRPO,
,,162,ocwuqxhz,qwen3-8b-manim-grpo-kaggle,AOS-GRPO,
,,163,ocwuqxhz,qwen3-8b-manim-grpo-kaggle,AOS-GRPO,
,,164,ocwuqxhz,qwen3-8b-manim-grpo-kaggle,AOS-GRPO,
,,165,ocwuqxhz,qwen3-8b-manim-grpo-kaggle,AOS-GRPO,
,,166,ocwuqxhz,qwen3-8b-manim-grpo-kaggle,AOS-GRPO,
,,167,ocwuqxhz,qwen3-8b-manim-grpo-kaggle,AOS-GRPO,
,,168,ocwuqxhz,qwen3-8b-manim-grpo-kaggle,AOS-GRPO,
,,169,ocwuqxhz,qwen3-8b-manim-grpo-kaggle,AOS-GRPO,
,,170,ocwuqxhz,qwen3-8b-manim-grpo-kaggle,AOS-GRPO,
,,171,ocwuqxhz,qwen3-8b-manim-grpo-kaggle,AOS-GRPO,
,,172,ocwuqxhz,qwen3-8b-manim-grpo-kaggle,AOS-GRPO,
,,173,ocwuqxhz,qwen3-8b-manim-grpo-kaggle,AOS-GRPO,
,,174,ocwuqxhz,qwen3-8b-manim-grpo-kaggle,AOS-GRPO,
,,175,ocwuqxhz,qwen3-8b-manim-grpo-kaggle,AOS-GRPO,
,,176,ocwuqxhz,qwen3-8b-manim-grpo-kaggle,AOS-GRPO,
,,177,ocwuqxhz,qwen3-8b-manim-grpo-kaggle,AOS-GRPO,
,,178,ocwuqxhz,qwen3-8b-manim-grpo-kaggle,AOS-GRPO,
,,179,ocwuqxhz,qwen3-8b-manim-grpo-kaggle,AOS-GRPO,
,,180,ocwuqxhz,qwen3-8b-manim-grpo-kaggle,AOS-GRPO,
,,181,ocwuqxhz,qwen3-8b-manim-grpo-kaggle,AOS-GRPO,
,,182,ocwuqxhz,qwen3-8b-manim-grpo-kaggle,AOS-GRPO,
,,183,ocwuqxhz,qwen3-8b-manim-grpo-kaggle,AOS-GRPO,
,,184,ocwuqxhz,qwen3-8b-manim-grpo-kaggle,AOS-GRPO,
,,185,ocwuqxhz,qwen3-8b-manim-grpo-kaggle,AOS-GRPO,
,,186,ocwuqxhz,qwen3-8b-manim-grpo-kaggle,AOS-GRPO,
,,187,ocwuqxhz,qwen3-8b-manim-grpo-kaggle,AOS-GRPO,
,,188,ocwuqxhz,qwen3-8b-manim-grpo-kaggle,AOS-GRPO,
,,189,ocwuqxhz,qwen3-8b-manim-grpo-kaggle,AOS-GRPO,
,,190,ocwuqxhz,qwen3-8b-manim-grpo-kaggle,AOS-GRPO,
,,191,ocwuqxhz,qwen3-8b-manim-grpo-kaggle,AOS-GRPO,
,,192,ocwuqxhz,qwen3-8b-manim-grpo-kaggle,AOS-GRPO,
,,193,ocwuqxhz,qwen3-8b-manim-grpo-kaggle,AOS-GRPO,
,,194,ocwuqxhz,qwen3-8b-manim-grpo-kaggle,AOS-GRPO,
,,195,ocwuqxhz,qwen3-8b-manim-grpo-kaggle,AOS-GRPO,
,,196,ocwuqxhz,qwen3-8b-manim-grpo-kaggle,AOS-GRPO,
,,197,ocwuqxhz,qwen3-8b-manim-grpo-kaggle,AOS-GRPO,
,,198,ocwuqxhz,qwen3-8b-manim-grpo-kaggle,AOS-GRPO,
,,199,ocwuqxhz,qwen3-8b-manim-grpo-kaggle,AOS-GRPO,
,,200,ocwuqxhz,qwen3-8b-manim-grpo-kaggle,AOS-GRPO,
,,201,ocwuqxhz,qwen3-8b-manim-grpo-kaggle,AOS-GRPO,
,,202,ocwuqxhz,qwen3-8b-manim-grpo-kaggle,AOS-GRPO,
,,203,ocwuqxhz,qwen3-8b-manim-grpo-kaggle,AOS-GRPO,
,,204,ocwuqxhz,qwen3-8b-manim-grpo-kaggle,AOS-GRPO,
,,205,ocwuqxhz,qwen3-8b-manim-grpo-kaggle,AOS-GRPO,
,,206,ocwuqxhz,qwen3-8b-manim-grpo-kaggle,AOS-GRPO,
,,207,ocwuqxhz,qwen3-8b-manim-grpo-kaggle,AOS-GRPO,
,,208,ocwuqxhz,qwen3-8b-manim-grpo-kaggle,AOS-GRPO,
,,209,ocwuqxhz,qwen3-8b-manim-grpo-kaggle,AOS-GRPO,
,,210,ocwuqxhz,qwen3-8b-manim-grpo-kaggle,AOS-GRPO,
,,211,ocwuqxhz,qwen3-8b-manim-grpo-kaggle,AOS-GRPO,
1.6111111111111115e-05,0.0,212,ocwuqxhz,qwen3-8b-manim-grpo-kaggle,AOS-GRPO,
,,213,ocwuqxhz,qwen3-8b-manim-grpo-kaggle,AOS-GRPO,
,,214,ocwuqxhz,qwen3-8b-manim-grpo-kaggle,AOS-GRPO,
,,215,ocwuqxhz,qwen3-8b-manim-grpo-kaggle,AOS-GRPO,
,,216,ocwuqxhz,qwen3-8b-manim-grpo-kaggle,AOS-GRPO,
,,217,ocwuqxhz,qwen3-8b-manim-grpo-kaggle,AOS-GRPO,
,,218,ocwuqxhz,qwen3-8b-manim-grpo-kaggle,AOS-GRPO,
,,219,ocwuqxhz,qwen3-8b-manim-grpo-kaggle,AOS-GRPO,
,,220,ocwuqxhz,qwen3-8b-manim-grpo-kaggle,AOS-GRPO,
,,221,ocwuqxhz,qwen3-8b-manim-grpo-kaggle,AOS-GRPO,
,,222,ocwuqxhz,qwen3-8b-manim-grpo-kaggle,AOS-GRPO,
,,223,ocwuqxhz,qwen3-8b-manim-grpo-kaggle,AOS-GRPO,
,,224,ocwuqxhz,qwen3-8b-manim-grpo-kaggle,AOS-GRPO,
,,225,ocwuqxhz,qwen3-8b-manim-grpo-kaggle,AOS-GRPO,
,,226,ocwuqxhz,qwen3-8b-manim-grpo-kaggle,AOS-GRPO,
,,227,ocwuqxhz,qwen3-8b-manim-grpo-kaggle,AOS-GRPO,
,,228,ocwuqxhz,qwen3-8b-manim-grpo-kaggle,AOS-GRPO,
,,229,ocwuqxhz,qwen3-8b-manim-grpo-kaggle,AOS-GRPO,
,,230,ocwuqxhz,qwen3-8b-manim-grpo-kaggle,AOS-GRPO,
,,231,ocwuqxhz,qwen3-8b-manim-grpo-kaggle,AOS-GRPO,
,,232,ocwuqxhz,qwen3-8b-manim-grpo-kaggle,AOS-GRPO,
,,233,ocwuqxhz,qwen3-8b-manim-grpo-kaggle,AOS-GRPO,
,,234,ocwuqxhz,qwen3-8b-manim-grpo-kaggle,AOS-GRPO,
,,235,ocwuqxhz,qwen3-8b-manim-grpo-kaggle,AOS-GRPO,
,,236,ocwuqxhz,qwen3-8b-manim-grpo-kaggle,AOS-GRPO,
,,237,ocwuqxhz,qwen3-8b-manim-grpo-kaggle,AOS-GRPO,
,,238,ocwuqxhz,qwen3-8b-manim-grpo-kaggle,AOS-GRPO,
,,239,ocwuqxhz,qwen3-8b-manim-grpo-kaggle,AOS-GRPO,
,,240,ocwuqxhz,qwen3-8b-manim-grpo-kaggle,AOS-GRPO,
,,241,ocwuqxhz,qwen3-8b-manim-grpo-kaggle,AOS-GRPO,
,,242,ocwuqxhz,qwen3-8b-manim-grpo-kaggle,AOS-GRPO,
,,243,ocwuqxhz,qwen3-8b-manim-grpo-kaggle,AOS-GRPO,
,,244,ocwuqxhz,qwen3-8b-manim-grpo-kaggle,AOS-GRPO,
,,245,ocwuqxhz,qwen3-8b-manim-grpo-kaggle,AOS-GRPO,
,,246,ocwuqxhz,qwen3-8b-manim-grpo-kaggle,AOS-GRPO,
,,247,ocwuqxhz,qwen3-8b-manim-grpo-kaggle,AOS-GRPO,
,,248,ocwuqxhz,qwen3-8b-manim-grpo-kaggle,AOS-GRPO,
,,249,ocwuqxhz,qwen3-8b-manim-grpo-kaggle,AOS-GRPO,
,,250,ocwuqxhz,qwen3-8b-manim-grpo-kaggle,AOS-GRPO,
,,251,ocwuqxhz,qwen3-8b-manim-grpo-kaggle,AOS-GRPO,
,,252,ocwuqxhz,qwen3-8b-manim-grpo-kaggle,AOS-GRPO,
,,253,ocwuqxhz,qwen3-8b-manim-grpo-kaggle,AOS-GRPO,
,,254,ocwuqxhz,qwen3-8b-manim-grpo-kaggle,AOS-GRPO,
,,255,ocwuqxhz,qwen3-8b-manim-grpo-kaggle,AOS-GRPO,
,,256,ocwuqxhz,qwen3-8b-manim-grpo-kaggle,AOS-GRPO,
,,257,ocwuqxhz,qwen3-8b-manim-grpo-kaggle,AOS-GRPO,
,,258,ocwuqxhz,qwen3-8b-manim-grpo-kaggle,AOS-GRPO,
,,259,ocwuqxhz,qwen3-8b-manim-grpo-kaggle,AOS-GRPO,
,,260,ocwuqxhz,qwen3-8b-manim-grpo-kaggle,AOS-GRPO,
,,261,ocwuqxhz,qwen3-8b-manim-grpo-kaggle,AOS-GRPO,
,,262,ocwuqxhz,qwen3-8b-manim-grpo-kaggle,AOS-GRPO,
,,263,ocwuqxhz,qwen3-8b-manim-grpo-kaggle,AOS-GRPO,
,,264,ocwuqxhz,qwen3-8b-manim-grpo-kaggle,AOS-GRPO,
,,265,ocwuqxhz,qwen3-8b-manim-grpo-kaggle,AOS-GRPO,
,,266,ocwuqxhz,qwen3-8b-manim-grpo-kaggle,AOS-GRPO,
,,267,ocwuqxhz,qwen3-8b-manim-grpo-kaggle,AOS-GRPO,
,,268,ocwuqxhz,qwen3-8b-manim-grpo-kaggle,AOS-GRPO,
,,269,ocwuqxhz,qwen3-8b-manim-grpo-kaggle,AOS-GRPO,
,,270,ocwuqxhz,qwen3-8b-manim-grpo-kaggle,AOS-GRPO,
,,271,ocwuqxhz,qwen3-8b-manim-grpo-kaggle,AOS-GRPO,
,,272,ocwuqxhz,qwen3-8b-manim-grpo-kaggle,AOS-GRPO,
,,273,ocwuqxhz,qwen3-8b-manim-grpo-kaggle,AOS-GRPO,
,,274,ocwuqxhz,qwen3-8b-manim-grpo-kaggle,AOS-GRPO,
,,275,ocwuqxhz,qwen3-8b-manim-grpo-kaggle,AOS-GRPO,
,,276,ocwuqxhz,qwen3-8b-manim-grpo-kaggle,AOS-GRPO,
,,277,ocwuqxhz,qwen3-8b-manim-grpo-kaggle,AOS-GRPO,
,,278,ocwuqxhz,qwen3-8b-manim-grpo-kaggle,AOS-GRPO,
,,279,ocwuqxhz,qwen3-8b-manim-grpo-kaggle,AOS-GRPO,
,,280,ocwuqxhz,qwen3-8b-manim-grpo-kaggle,AOS-GRPO,
,,281,ocwuqxhz,qwen3-8b-manim-grpo-kaggle,AOS-GRPO,
,,282,ocwuqxhz,qwen3-8b-manim-grpo-kaggle,AOS-GRPO,
2.1666666666666667e-05,0.0,283,ocwuqxhz,qwen3-8b-manim-grpo-kaggle,AOS-GRPO,
,,284,ocwuqxhz,qwen3-8b-manim-grpo-kaggle,AOS-GRPO,
,,285,ocwuqxhz,qwen3-8b-manim-grpo-kaggle,AOS-GRPO,
,,286,ocwuqxhz,qwen3-8b-manim-grpo-kaggle,AOS-GRPO,
,,287,ocwuqxhz,qwen3-8b-manim-grpo-kaggle,AOS-GRPO,
,,288,ocwuqxhz,qwen3-8b-manim-grpo-kaggle,AOS-GRPO,
,,289,ocwuqxhz,qwen3-8b-manim-grpo-kaggle,AOS-GRPO,
,,290,ocwuqxhz,qwen3-8b-manim-grpo-kaggle,AOS-GRPO,
,,291,ocwuqxhz,qwen3-8b-manim-grpo-kaggle,AOS-GRPO,
,,292,ocwuqxhz,qwen3-8b-manim-grpo-kaggle,AOS-GRPO,
,,293,ocwuqxhz,qwen3-8b-manim-grpo-kaggle,AOS-GRPO,
,,294,ocwuqxhz,qwen3-8b-manim-grpo-kaggle,AOS-GRPO,
,,295,ocwuqxhz,qwen3-8b-manim-grpo-kaggle,AOS-GRPO,
,,296,ocwuqxhz,qwen3-8b-manim-grpo-kaggle,AOS-GRPO,
,,297,ocwuqxhz,qwen3-8b-manim-grpo-kaggle,AOS-GRPO,
,,298,ocwuqxhz,qwen3-8b-manim-grpo-kaggle,AOS-GRPO,
,,299,ocwuqxhz,qwen3-8b-manim-grpo-kaggle,AOS-GRPO,
,,300,ocwuqxhz,qwen3-8b-manim-grpo-kaggle,AOS-GRPO,
,,301,ocwuqxhz,qwen3-8b-manim-grpo-kaggle,AOS-GRPO,
,,302,ocwuqxhz,qwen3-8b-manim-grpo-kaggle,AOS-GRPO,
,,303,ocwuqxhz,qwen3-8b-manim-grpo-kaggle,AOS-GRPO,
,,304,ocwuqxhz,qwen3-8b-manim-grpo-kaggle,AOS-GRPO,
,,305,ocwuqxhz,qwen3-8b-manim-grpo-kaggle,AOS-GRPO,
,,306,ocwuqxhz,qwen3-8b-manim-grpo-kaggle,AOS-GRPO,
,,307,ocwuqxhz,qwen3-8b-manim-grpo-kaggle,AOS-GRPO,
,,308,ocwuqxhz,qwen3-8b-manim-grpo-kaggle,AOS-GRPO,
,,309,ocwuqxhz,qwen3-8b-manim-grpo-kaggle,AOS-GRPO,
,,310,ocwuqxhz,qwen3-8b-manim-grpo-kaggle,AOS-GRPO,
,,311,ocwuqxhz,qwen3-8b-manim-grpo-kaggle,AOS-GRPO,
,,312,ocwuqxhz,qwen3-8b-manim-grpo-kaggle,AOS-GRPO,
,,313,ocwuqxhz,qwen3-8b-manim-grpo-kaggle,AOS-GRPO,
,,314,ocwuqxhz,qwen3-8b-manim-grpo-kaggle,AOS-GRPO,
,,315,ocwuqxhz,qwen3-8b-manim-grpo-kaggle,AOS-GRPO,
,,316,ocwuqxhz,qwen3-8b-manim-grpo-kaggle,AOS-GRPO,
,,317,ocwuqxhz,qwen3-8b-manim-grpo-kaggle,AOS-GRPO,
,,318,ocwuqxhz,qwen3-8b-manim-grpo-kaggle,AOS-GRPO,
,,319,ocwuqxhz,qwen3-8b-manim-grpo-kaggle,AOS-GRPO,
,,320,ocwuqxhz,qwen3-8b-manim-grpo-kaggle,AOS-GRPO,
,,321,ocwuqxhz,qwen3-8b-manim-grpo-kaggle,AOS-GRPO,
,,322,ocwuqxhz,qwen3-8b-manim-grpo-kaggle,AOS-GRPO,
,,323,ocwuqxhz,qwen3-8b-manim-grpo-kaggle,AOS-GRPO,
,,324,ocwuqxhz,qwen3-8b-manim-grpo-kaggle,AOS-GRPO,
,,325,ocwuqxhz,qwen3-8b-manim-grpo-kaggle,AOS-GRPO,
,,326,ocwuqxhz,qwen3-8b-manim-grpo-kaggle,AOS-GRPO,
,,327,ocwuqxhz,qwen3-8b-manim-grpo-kaggle,AOS-GRPO,
,,328,ocwuqxhz,qwen3-8b-manim-grpo-kaggle,AOS-GRPO,
,,329,ocwuqxhz,qwen3-8b-manim-grpo-kaggle,AOS-GRPO,
,,330,ocwuqxhz,qwen3-8b-manim-grpo-kaggle,AOS-GRPO,
,,331,ocwuqxhz,qwen3-8b-manim-grpo-kaggle,AOS-GRPO,
,,332,ocwuqxhz,qwen3-8b-manim-grpo-kaggle,AOS-GRPO,
,,333,ocwuqxhz,qwen3-8b-manim-grpo-kaggle,AOS-GRPO,
,,334,ocwuqxhz,qwen3-8b-manim-grpo-kaggle,AOS-GRPO,
,,335,ocwuqxhz,qwen3-8b-manim-grpo-kaggle,AOS-GRPO,
,,336,ocwuqxhz,qwen3-8b-manim-grpo-kaggle,AOS-GRPO,
,,337,ocwuqxhz,qwen3-8b-manim-grpo-kaggle,AOS-GRPO,
,,338,ocwuqxhz,qwen3-8b-manim-grpo-kaggle,AOS-GRPO,
,,339,ocwuqxhz,qwen3-8b-manim-grpo-kaggle,AOS-GRPO,
,,340,ocwuqxhz,qwen3-8b-manim-grpo-kaggle,AOS-GRPO,
,,341,ocwuqxhz,qwen3-8b-manim-grpo-kaggle,AOS-GRPO,
,,342,ocwuqxhz,qwen3-8b-manim-grpo-kaggle,AOS-GRPO,
,,343,ocwuqxhz,qwen3-8b-manim-grpo-kaggle,AOS-GRPO,
,,344,ocwuqxhz,qwen3-8b-manim-grpo-kaggle,AOS-GRPO,
,,345,ocwuqxhz,qwen3-8b-manim-grpo-kaggle,AOS-GRPO,
,,346,ocwuqxhz,qwen3-8b-manim-grpo-kaggle,AOS-GRPO,
,,347,ocwuqxhz,qwen3-8b-manim-grpo-kaggle,AOS-GRPO,
,,348,ocwuqxhz,qwen3-8b-manim-grpo-kaggle,AOS-GRPO,
,,349,ocwuqxhz,qwen3-8b-manim-grpo-kaggle,AOS-GRPO,
,,350,ocwuqxhz,qwen3-8b-manim-grpo-kaggle,AOS-GRPO,
,,351,ocwuqxhz,qwen3-8b-manim-grpo-kaggle,AOS-GRPO,
,,352,ocwuqxhz,qwen3-8b-manim-grpo-kaggle,AOS-GRPO,
,,353,ocwuqxhz,qwen3-8b-manim-grpo-kaggle,AOS-GRPO,
2.7222222222222223e-05,0.0,354,ocwuqxhz,qwen3-8b-manim-grpo-kaggle,AOS-GRPO,
,,355,ocwuqxhz,qwen3-8b-manim-grpo-kaggle,AOS-GRPO,
,,356,ocwuqxhz,qwen3-8b-manim-grpo-kaggle,AOS-GRPO,
,,357,ocwuqxhz,qwen3-8b-manim-grpo-kaggle,AOS-GRPO,
,,358,ocwuqxhz,qwen3-8b-manim-grpo-kaggle,AOS-GRPO,
,,359,ocwuqxhz,qwen3-8b-manim-grpo-kaggle,AOS-GRPO,
,,360,ocwuqxhz,qwen3-8b-manim-grpo-kaggle,AOS-GRPO,
,,361,ocwuqxhz,qwen3-8b-manim-grpo-kaggle,AOS-GRPO,
,,362,ocwuqxhz,qwen3-8b-manim-grpo-kaggle,AOS-GRPO,
,,363,ocwuqxhz,qwen3-8b-manim-grpo-kaggle,AOS-GRPO,
,,364,ocwuqxhz,qwen3-8b-manim-grpo-kaggle,AOS-GRPO,
,,365,ocwuqxhz,qwen3-8b-manim-grpo-kaggle,AOS-GRPO,
,,366,ocwuqxhz,qwen3-8b-manim-grpo-kaggle,AOS-GRPO,
,,367,ocwuqxhz,qwen3-8b-manim-grpo-kaggle,AOS-GRPO,
,,368,ocwuqxhz,qwen3-8b-manim-grpo-kaggle,AOS-GRPO,
,,369,ocwuqxhz,qwen3-8b-manim-grpo-kaggle,AOS-GRPO,
,,370,ocwuqxhz,qwen3-8b-manim-grpo-kaggle,AOS-GRPO,
,,371,ocwuqxhz,qwen3-8b-manim-grpo-kaggle,AOS-GRPO,
,,372,ocwuqxhz,qwen3-8b-manim-grpo-kaggle,AOS-GRPO,
,,373,ocwuqxhz,qwen3-8b-manim-grpo-kaggle,AOS-GRPO,
,,374,ocwuqxhz,qwen3-8b-manim-grpo-kaggle,AOS-GRPO,
,,375,ocwuqxhz,qwen3-8b-manim-grpo-kaggle,AOS-GRPO,
,,376,ocwuqxhz,qwen3-8b-manim-grpo-kaggle,AOS-GRPO,
,,377,ocwuqxhz,qwen3-8b-manim-grpo-kaggle,AOS-GRPO,
,,378,ocwuqxhz,qwen3-8b-manim-grpo-kaggle,AOS-GRPO,
,,379,ocwuqxhz,qwen3-8b-manim-grpo-kaggle,AOS-GRPO,
,,380,ocwuqxhz,qwen3-8b-manim-grpo-kaggle,AOS-GRPO,
,,381,ocwuqxhz,qwen3-8b-manim-grpo-kaggle,AOS-GRPO,
,,382,ocwuqxhz,qwen3-8b-manim-grpo-kaggle,AOS-GRPO,
,,383,ocwuqxhz,qwen3-8b-manim-grpo-kaggle,AOS-GRPO,
,,384,ocwuqxhz,qwen3-8b-manim-grpo-kaggle,AOS-GRPO,
,,385,ocwuqxhz,qwen3-8b-manim-grpo-kaggle,AOS-GRPO,
,,386,ocwuqxhz,qwen3-8b-manim-grpo-kaggle,AOS-GRPO,
,,387,ocwuqxhz,qwen3-8b-manim-grpo-kaggle,AOS-GRPO,
,,388,ocwuqxhz,qwen3-8b-manim-grpo-kaggle,AOS-GRPO,
,,389,ocwuqxhz,qwen3-8b-manim-grpo-kaggle,AOS-GRPO,
,,390,ocwuqxhz,qwen3-8b-manim-grpo-kaggle,AOS-GRPO,
,,391,ocwuqxhz,qwen3-8b-manim-grpo-kaggle,AOS-GRPO,
,,392,ocwuqxhz,qwen3-8b-manim-grpo-kaggle,AOS-GRPO,
,,393,ocwuqxhz,qwen3-8b-manim-grpo-kaggle,AOS-GRPO,
,,394,ocwuqxhz,qwen3-8b-manim-grpo-kaggle,AOS-GRPO,
,,395,ocwuqxhz,qwen3-8b-manim-grpo-kaggle,AOS-GRPO,
,,396,ocwuqxhz,qwen3-8b-manim-grpo-kaggle,AOS-GRPO,
,,397,ocwuqxhz,qwen3-8b-manim-grpo-kaggle,AOS-GRPO,
,,398,ocwuqxhz,qwen3-8b-manim-grpo-kaggle,AOS-GRPO,
,,399,ocwuqxhz,qwen3-8b-manim-grpo-kaggle,AOS-GRPO,
,,400,ocwuqxhz,qwen3-8b-manim-grpo-kaggle,AOS-GRPO,
,,401,ocwuqxhz,qwen3-8b-manim-grpo-kaggle,AOS-GRPO,
,,402,ocwuqxhz,qwen3-8b-manim-grpo-kaggle,AOS-GRPO,
,,403,ocwuqxhz,qwen3-8b-manim-grpo-kaggle,AOS-GRPO,
,,404,ocwuqxhz,qwen3-8b-manim-grpo-kaggle,AOS-GRPO,
,,405,ocwuqxhz,qwen3-8b-manim-grpo-kaggle,AOS-GRPO,
,,406,ocwuqxhz,qwen3-8b-manim-grpo-kaggle,AOS-GRPO,
,,407,ocwuqxhz,qwen3-8b-manim-grpo-kaggle,AOS-GRPO,
,,408,ocwuqxhz,qwen3-8b-manim-grpo-kaggle,AOS-GRPO,
,,409,ocwuqxhz,qwen3-8b-manim-grpo-kaggle,AOS-GRPO,
,,410,ocwuqxhz,qwen3-8b-manim-grpo-kaggle,AOS-GRPO,
,,411,ocwuqxhz,qwen3-8b-manim-grpo-kaggle,AOS-GRPO,
,,412,ocwuqxhz,qwen3-8b-manim-grpo-kaggle,AOS-GRPO,
,,413,ocwuqxhz,qwen3-8b-manim-grpo-kaggle,AOS-GRPO,
,,414,ocwuqxhz,qwen3-8b-manim-grpo-kaggle,AOS-GRPO,
,,415,ocwuqxhz,qwen3-8b-manim-grpo-kaggle,AOS-GRPO,
,,416,ocwuqxhz,qwen3-8b-manim-grpo-kaggle,AOS-GRPO,
,,417,ocwuqxhz,qwen3-8b-manim-grpo-kaggle,AOS-GRPO,
,,418,ocwuqxhz,qwen3-8b-manim-grpo-kaggle,AOS-GRPO,
,,419,ocwuqxhz,qwen3-8b-manim-grpo-kaggle,AOS-GRPO,
,,420,ocwuqxhz,qwen3-8b-manim-grpo-kaggle,AOS-GRPO,
,,421,ocwuqxhz,qwen3-8b-manim-grpo-kaggle,AOS-GRPO,
,,422,ocwuqxhz,qwen3-8b-manim-grpo-kaggle,AOS-GRPO,
,,423,ocwuqxhz,qwen3-8b-manim-grpo-kaggle,AOS-GRPO,
,,424,ocwuqxhz,qwen3-8b-manim-grpo-kaggle,AOS-GRPO,
3.277777777777778e-05,0.0,425,ocwuqxhz,qwen3-8b-manim-grpo-kaggle,AOS-GRPO,
,,426,ocwuqxhz,qwen3-8b-manim-grpo-kaggle,AOS-GRPO,
,,427,ocwuqxhz,qwen3-8b-manim-grpo-kaggle,AOS-GRPO,
,,428,ocwuqxhz,qwen3-8b-manim-grpo-kaggle,AOS-GRPO,
,,429,ocwuqxhz,qwen3-8b-manim-grpo-kaggle,AOS-GRPO,
,,430,ocwuqxhz,qwen3-8b-manim-grpo-kaggle,AOS-GRPO,
,,431,ocwuqxhz,qwen3-8b-manim-grpo-kaggle,AOS-GRPO,
,,432,ocwuqxhz,qwen3-8b-manim-grpo-kaggle,AOS-GRPO,
,,433,ocwuqxhz,qwen3-8b-manim-grpo-kaggle,AOS-GRPO,
,,434,ocwuqxhz,qwen3-8b-manim-grpo-kaggle,AOS-GRPO,
,,435,ocwuqxhz,qwen3-8b-manim-grpo-kaggle,AOS-GRPO,
,,436,ocwuqxhz,qwen3-8b-manim-grpo-kaggle,AOS-GRPO,
,,437,ocwuqxhz,qwen3-8b-manim-grpo-kaggle,AOS-GRPO,
,,438,ocwuqxhz,qwen3-8b-manim-grpo-kaggle,AOS-GRPO,
,,439,ocwuqxhz,qwen3-8b-manim-grpo-kaggle,AOS-GRPO,
,,0,zjycexk4,qwen3-8b-manim-grpo-ensemble,AOS-GRPO,
,,1,zjycexk4,qwen3-8b-manim-grpo-ensemble,AOS-GRPO,
,,2,zjycexk4,qwen3-8b-manim-grpo-ensemble,AOS-GRPO,
,,3,zjycexk4,qwen3-8b-manim-grpo-ensemble,AOS-GRPO,
,,4,zjycexk4,qwen3-8b-manim-grpo-ensemble,AOS-GRPO,
,,0,hizlx6bw,qwen3-8b-manim-grpo-ensemble,AOS-GRPO,
,,1,hizlx6bw,qwen3-8b-manim-grpo-ensemble,AOS-GRPO,
,,2,hizlx6bw,qwen3-8b-manim-grpo-ensemble,AOS-GRPO,
,,3,hizlx6bw,qwen3-8b-manim-grpo-ensemble,AOS-GRPO,
,,4,hizlx6bw,qwen3-8b-manim-grpo-ensemble,AOS-GRPO,
,,5,hizlx6bw,qwen3-8b-manim-grpo-ensemble,AOS-GRPO,
,,6,hizlx6bw,qwen3-8b-manim-grpo-ensemble,AOS-GRPO,
,,0,uheb4a1p,qwen3-8b-manim-grpo-ensemble,AOS-GRPO,
,,1,uheb4a1p,qwen3-8b-manim-grpo-ensemble,AOS-GRPO,
,,2,uheb4a1p,qwen3-8b-manim-grpo-ensemble,AOS-GRPO,
,,3,uheb4a1p,qwen3-8b-manim-grpo-ensemble,AOS-GRPO,
,,4,uheb4a1p,qwen3-8b-manim-grpo-ensemble,AOS-GRPO,
,,5,uheb4a1p,qwen3-8b-manim-grpo-ensemble,AOS-GRPO,
,,6,uheb4a1p,qwen3-8b-manim-grpo-ensemble,AOS-GRPO,
,,7,uheb4a1p,qwen3-8b-manim-grpo-ensemble,AOS-GRPO,
,,8,uheb4a1p,qwen3-8b-manim-grpo-ensemble,AOS-GRPO,
,,9,uheb4a1p,qwen3-8b-manim-grpo-ensemble,AOS-GRPO,
,,10,uheb4a1p,qwen3-8b-manim-grpo-ensemble,AOS-GRPO,
,,11,uheb4a1p,qwen3-8b-manim-grpo-ensemble,AOS-GRPO,
,,12,uheb4a1p,qwen3-8b-manim-grpo-ensemble,AOS-GRPO,
,,13,uheb4a1p,qwen3-8b-manim-grpo-ensemble,AOS-GRPO,
,,14,uheb4a1p,qwen3-8b-manim-grpo-ensemble,AOS-GRPO,
,,15,uheb4a1p,qwen3-8b-manim-grpo-ensemble,AOS-GRPO,
,,16,uheb4a1p,qwen3-8b-manim-grpo-ensemble,AOS-GRPO,
,,17,uheb4a1p,qwen3-8b-manim-grpo-ensemble,AOS-GRPO,
,,18,uheb4a1p,qwen3-8b-manim-grpo-ensemble,AOS-GRPO,
,,19,uheb4a1p,qwen3-8b-manim-grpo-ensemble,AOS-GRPO,
,,20,uheb4a1p,qwen3-8b-manim-grpo-ensemble,AOS-GRPO,
,,21,uheb4a1p,qwen3-8b-manim-grpo-ensemble,AOS-GRPO,
,,22,uheb4a1p,qwen3-8b-manim-grpo-ensemble,AOS-GRPO,
,,23,uheb4a1p,qwen3-8b-manim-grpo-ensemble,AOS-GRPO,
,,24,uheb4a1p,qwen3-8b-manim-grpo-ensemble,AOS-GRPO,
,,25,uheb4a1p,qwen3-8b-manim-grpo-ensemble,AOS-GRPO,
,,26,uheb4a1p,qwen3-8b-manim-grpo-ensemble,AOS-GRPO,
,,27,uheb4a1p,qwen3-8b-manim-grpo-ensemble,AOS-GRPO,
,,28,uheb4a1p,qwen3-8b-manim-grpo-ensemble,AOS-GRPO,
,,29,uheb4a1p,qwen3-8b-manim-grpo-ensemble,AOS-GRPO,
,,30,uheb4a1p,qwen3-8b-manim-grpo-ensemble,AOS-GRPO,
,,31,uheb4a1p,qwen3-8b-manim-grpo-ensemble,AOS-GRPO,
,,32,uheb4a1p,qwen3-8b-manim-grpo-ensemble,AOS-GRPO,
,,33,uheb4a1p,qwen3-8b-manim-grpo-ensemble,AOS-GRPO,
,,34,uheb4a1p,qwen3-8b-manim-grpo-ensemble,AOS-GRPO,
,,35,uheb4a1p,qwen3-8b-manim-grpo-ensemble,AOS-GRPO,
,,36,uheb4a1p,qwen3-8b-manim-grpo-ensemble,AOS-GRPO,
,,37,uheb4a1p,qwen3-8b-manim-grpo-ensemble,AOS-GRPO,
,,38,uheb4a1p,qwen3-8b-manim-grpo-ensemble,AOS-GRPO,
,,39,uheb4a1p,qwen3-8b-manim-grpo-ensemble,AOS-GRPO,
,,40,uheb4a1p,qwen3-8b-manim-grpo-ensemble,AOS-GRPO,
,,41,uheb4a1p,qwen3-8b-manim-grpo-ensemble,AOS-GRPO,
,,42,uheb4a1p,qwen3-8b-manim-grpo-ensemble,AOS-GRPO,
,,43,uheb4a1p,qwen3-8b-manim-grpo-ensemble,AOS-GRPO,
,,44,uheb4a1p,qwen3-8b-manim-grpo-ensemble,AOS-GRPO,
,,45,uheb4a1p,qwen3-8b-manim-grpo-ensemble,AOS-GRPO,
,,46,uheb4a1p,qwen3-8b-manim-grpo-ensemble,AOS-GRPO,
,,47,uheb4a1p,qwen3-8b-manim-grpo-ensemble,AOS-GRPO,
,,48,uheb4a1p,qwen3-8b-manim-grpo-ensemble,AOS-GRPO,
,,49,uheb4a1p,qwen3-8b-manim-grpo-ensemble,AOS-GRPO,
,,50,uheb4a1p,qwen3-8b-manim-grpo-ensemble,AOS-GRPO,
,,51,uheb4a1p,qwen3-8b-manim-grpo-ensemble,AOS-GRPO,
,,52,uheb4a1p,qwen3-8b-manim-grpo-ensemble,AOS-GRPO,
,,53,uheb4a1p,qwen3-8b-manim-grpo-ensemble,AOS-GRPO,
,,54,uheb4a1p,qwen3-8b-manim-grpo-ensemble,AOS-GRPO,
,,55,uheb4a1p,qwen3-8b-manim-grpo-ensemble,AOS-GRPO,
,,56,uheb4a1p,qwen3-8b-manim-grpo-ensemble,AOS-GRPO,
,,57,uheb4a1p,qwen3-8b-manim-grpo-ensemble,AOS-GRPO,
,,58,uheb4a1p,qwen3-8b-manim-grpo-ensemble,AOS-GRPO,
,,59,uheb4a1p,qwen3-8b-manim-grpo-ensemble,AOS-GRPO,
,,60,uheb4a1p,qwen3-8b-manim-grpo-ensemble,AOS-GRPO,
,,61,uheb4a1p,qwen3-8b-manim-grpo-ensemble,AOS-GRPO,
,,62,uheb4a1p,qwen3-8b-manim-grpo-ensemble,AOS-GRPO,
,,63,uheb4a1p,qwen3-8b-manim-grpo-ensemble,AOS-GRPO,
,,64,uheb4a1p,qwen3-8b-manim-grpo-ensemble,AOS-GRPO,
,,65,uheb4a1p,qwen3-8b-manim-grpo-ensemble,AOS-GRPO,
,,66,uheb4a1p,qwen3-8b-manim-grpo-ensemble,AOS-GRPO,
,,67,uheb4a1p,qwen3-8b-manim-grpo-ensemble,AOS-GRPO,
,,68,uheb4a1p,qwen3-8b-manim-grpo-ensemble,AOS-GRPO,
,,69,uheb4a1p,qwen3-8b-manim-grpo-ensemble,AOS-GRPO,
1.8e-05,-0.1567,70,uheb4a1p,qwen3-8b-manim-grpo-ensemble,AOS-GRPO,
,,71,uheb4a1p,qwen3-8b-manim-grpo-ensemble,AOS-GRPO,
,,72,uheb4a1p,qwen3-8b-manim-grpo-ensemble,AOS-GRPO,
,,73,uheb4a1p,qwen3-8b-manim-grpo-ensemble,AOS-GRPO,
,,74,uheb4a1p,qwen3-8b-manim-grpo-ensemble,AOS-GRPO,
,,75,uheb4a1p,qwen3-8b-manim-grpo-ensemble,AOS-GRPO,
,,76,uheb4a1p,qwen3-8b-manim-grpo-ensemble,AOS-GRPO,
,,77,uheb4a1p,qwen3-8b-manim-grpo-ensemble,AOS-GRPO,
,,78,uheb4a1p,qwen3-8b-manim-grpo-ensemble,AOS-GRPO,
,,79,uheb4a1p,qwen3-8b-manim-grpo-ensemble,AOS-GRPO,
,,80,uheb4a1p,qwen3-8b-manim-grpo-ensemble,AOS-GRPO,
,,81,uheb4a1p,qwen3-8b-manim-grpo-ensemble,AOS-GRPO,
,,82,uheb4a1p,qwen3-8b-manim-grpo-ensemble,AOS-GRPO,
,,83,uheb4a1p,qwen3-8b-manim-grpo-ensemble,AOS-GRPO,
,,84,uheb4a1p,qwen3-8b-manim-grpo-ensemble,AOS-GRPO,
,,85,uheb4a1p,qwen3-8b-manim-grpo-ensemble,AOS-GRPO,
,,86,uheb4a1p,qwen3-8b-manim-grpo-ensemble,AOS-GRPO,
,,87,uheb4a1p,qwen3-8b-manim-grpo-ensemble,AOS-GRPO,
,,88,uheb4a1p,qwen3-8b-manim-grpo-ensemble,AOS-GRPO,
,,89,uheb4a1p,qwen3-8b-manim-grpo-ensemble,AOS-GRPO,
,,90,uheb4a1p,qwen3-8b-manim-grpo-ensemble,AOS-GRPO,
,,91,uheb4a1p,qwen3-8b-manim-grpo-ensemble,AOS-GRPO,
,,92,uheb4a1p,qwen3-8b-manim-grpo-ensemble,AOS-GRPO,
,,93,uheb4a1p,qwen3-8b-manim-grpo-ensemble,AOS-GRPO,
,,94,uheb4a1p,qwen3-8b-manim-grpo-ensemble,AOS-GRPO,
,,95,uheb4a1p,qwen3-8b-manim-grpo-ensemble,AOS-GRPO,
,,96,uheb4a1p,qwen3-8b-manim-grpo-ensemble,AOS-GRPO,
,,97,uheb4a1p,qwen3-8b-manim-grpo-ensemble,AOS-GRPO,
,,98,uheb4a1p,qwen3-8b-manim-grpo-ensemble,AOS-GRPO,
,,99,uheb4a1p,qwen3-8b-manim-grpo-ensemble,AOS-GRPO,
,,100,uheb4a1p,qwen3-8b-manim-grpo-ensemble,AOS-GRPO,
,,101,uheb4a1p,qwen3-8b-manim-grpo-ensemble,AOS-GRPO,
,,102,uheb4a1p,qwen3-8b-manim-grpo-ensemble,AOS-GRPO,
,,103,uheb4a1p,qwen3-8b-manim-grpo-ensemble,AOS-GRPO,
,,104,uheb4a1p,qwen3-8b-manim-grpo-ensemble,AOS-GRPO,
,,105,uheb4a1p,qwen3-8b-manim-grpo-ensemble,AOS-GRPO,
,,106,uheb4a1p,qwen3-8b-manim-grpo-ensemble,AOS-GRPO,
,,107,uheb4a1p,qwen3-8b-manim-grpo-ensemble,AOS-GRPO,
,,108,uheb4a1p,qwen3-8b-manim-grpo-ensemble,AOS-GRPO,
,,109,uheb4a1p,qwen3-8b-manim-grpo-ensemble,AOS-GRPO,
,,110,uheb4a1p,qwen3-8b-manim-grpo-ensemble,AOS-GRPO,
,,111,uheb4a1p,qwen3-8b-manim-grpo-ensemble,AOS-GRPO,
,,112,uheb4a1p,qwen3-8b-manim-grpo-ensemble,AOS-GRPO,
,,113,uheb4a1p,qwen3-8b-manim-grpo-ensemble,AOS-GRPO,
,,114,uheb4a1p,qwen3-8b-manim-grpo-ensemble,AOS-GRPO,
,,115,uheb4a1p,qwen3-8b-manim-grpo-ensemble,AOS-GRPO,
,,116,uheb4a1p,qwen3-8b-manim-grpo-ensemble,AOS-GRPO,
,,117,uheb4a1p,qwen3-8b-manim-grpo-ensemble,AOS-GRPO,
,,118,uheb4a1p,qwen3-8b-manim-grpo-ensemble,AOS-GRPO,
,,119,uheb4a1p,qwen3-8b-manim-grpo-ensemble,AOS-GRPO,
,,120,uheb4a1p,qwen3-8b-manim-grpo-ensemble,AOS-GRPO,
,,121,uheb4a1p,qwen3-8b-manim-grpo-ensemble,AOS-GRPO,
,,122,uheb4a1p,qwen3-8b-manim-grpo-ensemble,AOS-GRPO,
,,123,uheb4a1p,qwen3-8b-manim-grpo-ensemble,AOS-GRPO,
,,124,uheb4a1p,qwen3-8b-manim-grpo-ensemble,AOS-GRPO,
,,125,uheb4a1p,qwen3-8b-manim-grpo-ensemble,AOS-GRPO,
,,126,uheb4a1p,qwen3-8b-manim-grpo-ensemble,AOS-GRPO,
,,127,uheb4a1p,qwen3-8b-manim-grpo-ensemble,AOS-GRPO,
,,128,uheb4a1p,qwen3-8b-manim-grpo-ensemble,AOS-GRPO,
,,129,uheb4a1p,qwen3-8b-manim-grpo-ensemble,AOS-GRPO,
,,130,uheb4a1p,qwen3-8b-manim-grpo-ensemble,AOS-GRPO,
,,131,uheb4a1p,qwen3-8b-manim-grpo-ensemble,AOS-GRPO,
,,132,uheb4a1p,qwen3-8b-manim-grpo-ensemble,AOS-GRPO,
,,133,uheb4a1p,qwen3-8b-manim-grpo-ensemble,AOS-GRPO,
,,134,uheb4a1p,qwen3-8b-manim-grpo-ensemble,AOS-GRPO,
,,135,uheb4a1p,qwen3-8b-manim-grpo-ensemble,AOS-GRPO,
,,136,uheb4a1p,qwen3-8b-manim-grpo-ensemble,AOS-GRPO,
,,137,uheb4a1p,qwen3-8b-manim-grpo-ensemble,AOS-GRPO,
,,138,uheb4a1p,qwen3-8b-manim-grpo-ensemble,AOS-GRPO,
,,139,uheb4a1p,qwen3-8b-manim-grpo-ensemble,AOS-GRPO,
,,140,uheb4a1p,qwen3-8b-manim-grpo-ensemble,AOS-GRPO,
3.8e-05,-0.0314,141,uheb4a1p,qwen3-8b-manim-grpo-ensemble,AOS-GRPO,
,,142,uheb4a1p,qwen3-8b-manim-grpo-ensemble,AOS-GRPO,
,,143,uheb4a1p,qwen3-8b-manim-grpo-ensemble,AOS-GRPO,
,,144,uheb4a1p,qwen3-8b-manim-grpo-ensemble,AOS-GRPO,
,,145,uheb4a1p,qwen3-8b-manim-grpo-ensemble,AOS-GRPO,
,,146,uheb4a1p,qwen3-8b-manim-grpo-ensemble,AOS-GRPO,
,,147,uheb4a1p,qwen3-8b-manim-grpo-ensemble,AOS-GRPO,
,,148,uheb4a1p,qwen3-8b-manim-grpo-ensemble,AOS-GRPO,
,,149,uheb4a1p,qwen3-8b-manim-grpo-ensemble,AOS-GRPO,
,,150,uheb4a1p,qwen3-8b-manim-grpo-ensemble,AOS-GRPO,
,,151,uheb4a1p,qwen3-8b-manim-grpo-ensemble,AOS-GRPO,
,,152,uheb4a1p,qwen3-8b-manim-grpo-ensemble,AOS-GRPO,
,,153,uheb4a1p,qwen3-8b-manim-grpo-ensemble,AOS-GRPO,
,,154,uheb4a1p,qwen3-8b-manim-grpo-ensemble,AOS-GRPO,
,,155,uheb4a1p,qwen3-8b-manim-grpo-ensemble,AOS-GRPO,
,,156,uheb4a1p,qwen3-8b-manim-grpo-ensemble,AOS-GRPO,
,,157,uheb4a1p,qwen3-8b-manim-grpo-ensemble,AOS-GRPO,
,,158,uheb4a1p,qwen3-8b-manim-grpo-ensemble,AOS-GRPO,
,,159,uheb4a1p,qwen3-8b-manim-grpo-ensemble,AOS-GRPO,
,,160,uheb4a1p,qwen3-8b-manim-grpo-ensemble,AOS-GRPO,
,,161,uheb4a1p,qwen3-8b-manim-grpo-ensemble,AOS-GRPO,
,,162,uheb4a1p,qwen3-8b-manim-grpo-ensemble,AOS-GRPO,
,,163,uheb4a1p,qwen3-8b-manim-grpo-ensemble,AOS-GRPO,
,,164,uheb4a1p,qwen3-8b-manim-grpo-ensemble,AOS-GRPO,
,,165,uheb4a1p,qwen3-8b-manim-grpo-ensemble,AOS-GRPO,
,,166,uheb4a1p,qwen3-8b-manim-grpo-ensemble,AOS-GRPO,
,,167,uheb4a1p,qwen3-8b-manim-grpo-ensemble,AOS-GRPO,
,,168,uheb4a1p,qwen3-8b-manim-grpo-ensemble,AOS-GRPO,
,,169,uheb4a1p,qwen3-8b-manim-grpo-ensemble,AOS-GRPO,
,,170,uheb4a1p,qwen3-8b-manim-grpo-ensemble,AOS-GRPO,
,,171,uheb4a1p,qwen3-8b-manim-grpo-ensemble,AOS-GRPO,
,,172,uheb4a1p,qwen3-8b-manim-grpo-ensemble,AOS-GRPO,
,,173,uheb4a1p,qwen3-8b-manim-grpo-ensemble,AOS-GRPO,
,,174,uheb4a1p,qwen3-8b-manim-grpo-ensemble,AOS-GRPO,
,,175,uheb4a1p,qwen3-8b-manim-grpo-ensemble,AOS-GRPO,
,,176,uheb4a1p,qwen3-8b-manim-grpo-ensemble,AOS-GRPO,
,,177,uheb4a1p,qwen3-8b-manim-grpo-ensemble,AOS-GRPO,
,,178,uheb4a1p,qwen3-8b-manim-grpo-ensemble,AOS-GRPO,
,,179,uheb4a1p,qwen3-8b-manim-grpo-ensemble,AOS-GRPO,
,,180,uheb4a1p,qwen3-8b-manim-grpo-ensemble,AOS-GRPO,
,,181,uheb4a1p,qwen3-8b-manim-grpo-ensemble,AOS-GRPO,
,,182,uheb4a1p,qwen3-8b-manim-grpo-ensemble,AOS-GRPO,
,,183,uheb4a1p,qwen3-8b-manim-grpo-ensemble,AOS-GRPO,
,,184,uheb4a1p,qwen3-8b-manim-grpo-ensemble,AOS-GRPO,
,,185,uheb4a1p,qwen3-8b-manim-grpo-ensemble,AOS-GRPO,
,,186,uheb4a1p,qwen3-8b-manim-grpo-ensemble,AOS-GRPO,
,,187,uheb4a1p,qwen3-8b-manim-grpo-ensemble,AOS-GRPO,
,,188,uheb4a1p,qwen3-8b-manim-grpo-ensemble,AOS-GRPO,
,,189,uheb4a1p,qwen3-8b-manim-grpo-ensemble,AOS-GRPO,
,,190,uheb4a1p,qwen3-8b-manim-grpo-ensemble,AOS-GRPO,
,,191,uheb4a1p,qwen3-8b-manim-grpo-ensemble,AOS-GRPO,
,,192,uheb4a1p,qwen3-8b-manim-grpo-ensemble,AOS-GRPO,
,,193,uheb4a1p,qwen3-8b-manim-grpo-ensemble,AOS-GRPO,
,,194,uheb4a1p,qwen3-8b-manim-grpo-ensemble,AOS-GRPO,
,,195,uheb4a1p,qwen3-8b-manim-grpo-ensemble,AOS-GRPO,
,,196,uheb4a1p,qwen3-8b-manim-grpo-ensemble,AOS-GRPO,
,,197,uheb4a1p,qwen3-8b-manim-grpo-ensemble,AOS-GRPO,
,,198,uheb4a1p,qwen3-8b-manim-grpo-ensemble,AOS-GRPO,
,,199,uheb4a1p,qwen3-8b-manim-grpo-ensemble,AOS-GRPO,
,,200,uheb4a1p,qwen3-8b-manim-grpo-ensemble,AOS-GRPO,
,,201,uheb4a1p,qwen3-8b-manim-grpo-ensemble,AOS-GRPO,
,,202,uheb4a1p,qwen3-8b-manim-grpo-ensemble,AOS-GRPO,
,,203,uheb4a1p,qwen3-8b-manim-grpo-ensemble,AOS-GRPO,
,,204,uheb4a1p,qwen3-8b-manim-grpo-ensemble,AOS-GRPO,
,,205,uheb4a1p,qwen3-8b-manim-grpo-ensemble,AOS-GRPO,
,,206,uheb4a1p,qwen3-8b-manim-grpo-ensemble,AOS-GRPO,
,,207,uheb4a1p,qwen3-8b-manim-grpo-ensemble,AOS-GRPO,
,,208,uheb4a1p,qwen3-8b-manim-grpo-ensemble,AOS-GRPO,
,,209,uheb4a1p,qwen3-8b-manim-grpo-ensemble,AOS-GRPO,
,,210,uheb4a1p,qwen3-8b-manim-grpo-ensemble,AOS-GRPO,
,,211,uheb4a1p,qwen3-8b-manim-grpo-ensemble,AOS-GRPO,
5.8e-05,-0.0424,212,uheb4a1p,qwen3-8b-manim-grpo-ensemble,AOS-GRPO,
,,213,uheb4a1p,qwen3-8b-manim-grpo-ensemble,AOS-GRPO,
,,214,uheb4a1p,qwen3-8b-manim-grpo-ensemble,AOS-GRPO,
,,215,uheb4a1p,qwen3-8b-manim-grpo-ensemble,AOS-GRPO,
,,216,uheb4a1p,qwen3-8b-manim-grpo-ensemble,AOS-GRPO,
,,217,uheb4a1p,qwen3-8b-manim-grpo-ensemble,AOS-GRPO,
,,218,uheb4a1p,qwen3-8b-manim-grpo-ensemble,AOS-GRPO,
,,219,uheb4a1p,qwen3-8b-manim-grpo-ensemble,AOS-GRPO,
,,220,uheb4a1p,qwen3-8b-manim-grpo-ensemble,AOS-GRPO,
,,221,uheb4a1p,qwen3-8b-manim-grpo-ensemble,AOS-GRPO,
,,222,uheb4a1p,qwen3-8b-manim-grpo-ensemble,AOS-GRPO,
,,223,uheb4a1p,qwen3-8b-manim-grpo-ensemble,AOS-GRPO,
,,224,uheb4a1p,qwen3-8b-manim-grpo-ensemble,AOS-GRPO,
,,225,uheb4a1p,qwen3-8b-manim-grpo-ensemble,AOS-GRPO,
,,226,uheb4a1p,qwen3-8b-manim-grpo-ensemble,AOS-GRPO,
,,227,uheb4a1p,qwen3-8b-manim-grpo-ensemble,AOS-GRPO,
,,228,uheb4a1p,qwen3-8b-manim-grpo-ensemble,AOS-GRPO,
,,229,uheb4a1p,qwen3-8b-manim-grpo-ensemble,AOS-GRPO,
,,230,uheb4a1p,qwen3-8b-manim-grpo-ensemble,AOS-GRPO,
,,231,uheb4a1p,qwen3-8b-manim-grpo-ensemble,AOS-GRPO,
,,232,uheb4a1p,qwen3-8b-manim-grpo-ensemble,AOS-GRPO,
,,233,uheb4a1p,qwen3-8b-manim-grpo-ensemble,AOS-GRPO,
,,0,a6oa9azp,qwen3-8b-manim-grpo-ensemble,AOS-GRPO,
,,1,a6oa9azp,qwen3-8b-manim-grpo-ensemble,AOS-GRPO,
,,2,a6oa9azp,qwen3-8b-manim-grpo-ensemble,AOS-GRPO,
,,3,a6oa9azp,qwen3-8b-manim-grpo-ensemble,AOS-GRPO,
,,4,a6oa9azp,qwen3-8b-manim-grpo-ensemble,AOS-GRPO,
,,5,a6oa9azp,qwen3-8b-manim-grpo-ensemble,AOS-GRPO,
,,6,a6oa9azp,qwen3-8b-manim-grpo-ensemble,AOS-GRPO,
,,7,a6oa9azp,qwen3-8b-manim-grpo-ensemble,AOS-GRPO,
,,8,a6oa9azp,qwen3-8b-manim-grpo-ensemble,AOS-GRPO,
,,9,a6oa9azp,qwen3-8b-manim-grpo-ensemble,AOS-GRPO,
,,10,a6oa9azp,qwen3-8b-manim-grpo-ensemble,AOS-GRPO,
,,11,a6oa9azp,qwen3-8b-manim-grpo-ensemble,AOS-GRPO,
,,12,a6oa9azp,qwen3-8b-manim-grpo-ensemble,AOS-GRPO,
,,13,a6oa9azp,qwen3-8b-manim-grpo-ensemble,AOS-GRPO,
,,14,a6oa9azp,qwen3-8b-manim-grpo-ensemble,AOS-GRPO,
,,15,a6oa9azp,qwen3-8b-manim-grpo-ensemble,AOS-GRPO,
,,16,a6oa9azp,qwen3-8b-manim-grpo-ensemble,AOS-GRPO,
,,17,a6oa9azp,qwen3-8b-manim-grpo-ensemble,AOS-GRPO,
,,18,a6oa9azp,qwen3-8b-manim-grpo-ensemble,AOS-GRPO,
,,19,a6oa9azp,qwen3-8b-manim-grpo-ensemble,AOS-GRPO,
,,20,a6oa9azp,qwen3-8b-manim-grpo-ensemble,AOS-GRPO,
,,21,a6oa9azp,qwen3-8b-manim-grpo-ensemble,AOS-GRPO,
,,22,a6oa9azp,qwen3-8b-manim-grpo-ensemble,AOS-GRPO,
,,23,a6oa9azp,qwen3-8b-manim-grpo-ensemble,AOS-GRPO,
,,24,a6oa9azp,qwen3-8b-manim-grpo-ensemble,AOS-GRPO,
,,25,a6oa9azp,qwen3-8b-manim-grpo-ensemble,AOS-GRPO,
,,26,a6oa9azp,qwen3-8b-manim-grpo-ensemble,AOS-GRPO,
,,27,a6oa9azp,qwen3-8b-manim-grpo-ensemble,AOS-GRPO,
,,28,a6oa9azp,qwen3-8b-manim-grpo-ensemble,AOS-GRPO,
,,29,a6oa9azp,qwen3-8b-manim-grpo-ensemble,AOS-GRPO,
,,30,a6oa9azp,qwen3-8b-manim-grpo-ensemble,AOS-GRPO,
,,31,a6oa9azp,qwen3-8b-manim-grpo-ensemble,AOS-GRPO,
,,32,a6oa9azp,qwen3-8b-manim-grpo-ensemble,AOS-GRPO,
,,33,a6oa9azp,qwen3-8b-manim-grpo-ensemble,AOS-GRPO,
,,34,a6oa9azp,qwen3-8b-manim-grpo-ensemble,AOS-GRPO,
,,35,a6oa9azp,qwen3-8b-manim-grpo-ensemble,AOS-GRPO,
,,36,a6oa9azp,qwen3-8b-manim-grpo-ensemble,AOS-GRPO,
,,37,a6oa9azp,qwen3-8b-manim-grpo-ensemble,AOS-GRPO,
,,38,a6oa9azp,qwen3-8b-manim-grpo-ensemble,AOS-GRPO,
,,39,a6oa9azp,qwen3-8b-manim-grpo-ensemble,AOS-GRPO,
,,40,a6oa9azp,qwen3-8b-manim-grpo-ensemble,AOS-GRPO,
,,41,a6oa9azp,qwen3-8b-manim-grpo-ensemble,AOS-GRPO,
,,42,a6oa9azp,qwen3-8b-manim-grpo-ensemble,AOS-GRPO,
,,43,a6oa9azp,qwen3-8b-manim-grpo-ensemble,AOS-GRPO,
,,44,a6oa9azp,qwen3-8b-manim-grpo-ensemble,AOS-GRPO,
,,45,a6oa9azp,qwen3-8b-manim-grpo-ensemble,AOS-GRPO,
,,46,a6oa9azp,qwen3-8b-manim-grpo-ensemble,AOS-GRPO,
,,47,a6oa9azp,qwen3-8b-manim-grpo-ensemble,AOS-GRPO,
,,48,a6oa9azp,qwen3-8b-manim-grpo-ensemble,AOS-GRPO,
,,49,a6oa9azp,qwen3-8b-manim-grpo-ensemble,AOS-GRPO,
,,50,a6oa9azp,qwen3-8b-manim-grpo-ensemble,AOS-GRPO,
,,51,a6oa9azp,qwen3-8b-manim-grpo-ensemble,AOS-GRPO,
,,52,a6oa9azp,qwen3-8b-manim-grpo-ensemble,AOS-GRPO,
,,53,a6oa9azp,qwen3-8b-manim-grpo-ensemble,AOS-GRPO,
,,54,a6oa9azp,qwen3-8b-manim-grpo-ensemble,AOS-GRPO,
,,55,a6oa9azp,qwen3-8b-manim-grpo-ensemble,AOS-GRPO,
,,56,a6oa9azp,qwen3-8b-manim-grpo-ensemble,AOS-GRPO,
,,57,a6oa9azp,qwen3-8b-manim-grpo-ensemble,AOS-GRPO,
,,58,a6oa9azp,qwen3-8b-manim-grpo-ensemble,AOS-GRPO,
,,59,a6oa9azp,qwen3-8b-manim-grpo-ensemble,AOS-GRPO,
,,60,a6oa9azp,qwen3-8b-manim-grpo-ensemble,AOS-GRPO,
,,61,a6oa9azp,qwen3-8b-manim-grpo-ensemble,AOS-GRPO,
,,62,a6oa9azp,qwen3-8b-manim-grpo-ensemble,AOS-GRPO,
,,63,a6oa9azp,qwen3-8b-manim-grpo-ensemble,AOS-GRPO,
,,64,a6oa9azp,qwen3-8b-manim-grpo-ensemble,AOS-GRPO,
,,65,a6oa9azp,qwen3-8b-manim-grpo-ensemble,AOS-GRPO,
,,66,a6oa9azp,qwen3-8b-manim-grpo-ensemble,AOS-GRPO,
,,67,a6oa9azp,qwen3-8b-manim-grpo-ensemble,AOS-GRPO,
,,68,a6oa9azp,qwen3-8b-manim-grpo-ensemble,AOS-GRPO,
,,69,a6oa9azp,qwen3-8b-manim-grpo-ensemble,AOS-GRPO,
1.8e-05,-0.0094,70,a6oa9azp,qwen3-8b-manim-grpo-ensemble,AOS-GRPO,
,,71,a6oa9azp,qwen3-8b-manim-grpo-ensemble,AOS-GRPO,
,,72,a6oa9azp,qwen3-8b-manim-grpo-ensemble,AOS-GRPO,
,,73,a6oa9azp,qwen3-8b-manim-grpo-ensemble,AOS-GRPO,
,,74,a6oa9azp,qwen3-8b-manim-grpo-ensemble,AOS-GRPO,
,,75,a6oa9azp,qwen3-8b-manim-grpo-ensemble,AOS-GRPO,
,,76,a6oa9azp,qwen3-8b-manim-grpo-ensemble,AOS-GRPO,
,,77,a6oa9azp,qwen3-8b-manim-grpo-ensemble,AOS-GRPO,
,,78,a6oa9azp,qwen3-8b-manim-grpo-ensemble,AOS-GRPO,
,,79,a6oa9azp,qwen3-8b-manim-grpo-ensemble,AOS-GRPO,
,,80,a6oa9azp,qwen3-8b-manim-grpo-ensemble,AOS-GRPO,
,,81,a6oa9azp,qwen3-8b-manim-grpo-ensemble,AOS-GRPO,
,,82,a6oa9azp,qwen3-8b-manim-grpo-ensemble,AOS-GRPO,
,,83,a6oa9azp,qwen3-8b-manim-grpo-ensemble,AOS-GRPO,
,,84,a6oa9azp,qwen3-8b-manim-grpo-ensemble,AOS-GRPO,
,,85,a6oa9azp,qwen3-8b-manim-grpo-ensemble,AOS-GRPO,
,,86,a6oa9azp,qwen3-8b-manim-grpo-ensemble,AOS-GRPO,
,,87,a6oa9azp,qwen3-8b-manim-grpo-ensemble,AOS-GRPO,
,,88,a6oa9azp,qwen3-8b-manim-grpo-ensemble,AOS-GRPO,
,,89,a6oa9azp,qwen3-8b-manim-grpo-ensemble,AOS-GRPO,
,,90,a6oa9azp,qwen3-8b-manim-grpo-ensemble,AOS-GRPO,
,,91,a6oa9azp,qwen3-8b-manim-grpo-ensemble,AOS-GRPO,
,,92,a6oa9azp,qwen3-8b-manim-grpo-ensemble,AOS-GRPO,
,,93,a6oa9azp,qwen3-8b-manim-grpo-ensemble,AOS-GRPO,
,,94,a6oa9azp,qwen3-8b-manim-grpo-ensemble,AOS-GRPO,
,,95,a6oa9azp,qwen3-8b-manim-grpo-ensemble,AOS-GRPO,
,,96,a6oa9azp,qwen3-8b-manim-grpo-ensemble,AOS-GRPO,
,,97,a6oa9azp,qwen3-8b-manim-grpo-ensemble,AOS-GRPO,
,,98,a6oa9azp,qwen3-8b-manim-grpo-ensemble,AOS-GRPO,
,,99,a6oa9azp,qwen3-8b-manim-grpo-ensemble,AOS-GRPO,
,,100,a6oa9azp,qwen3-8b-manim-grpo-ensemble,AOS-GRPO,
,,101,a6oa9azp,qwen3-8b-manim-grpo-ensemble,AOS-GRPO,
,,102,a6oa9azp,qwen3-8b-manim-grpo-ensemble,AOS-GRPO,
,,103,a6oa9azp,qwen3-8b-manim-grpo-ensemble,AOS-GRPO,
,,104,a6oa9azp,qwen3-8b-manim-grpo-ensemble,AOS-GRPO,
,,105,a6oa9azp,qwen3-8b-manim-grpo-ensemble,AOS-GRPO,
,,106,a6oa9azp,qwen3-8b-manim-grpo-ensemble,AOS-GRPO,
,,107,a6oa9azp,qwen3-8b-manim-grpo-ensemble,AOS-GRPO,
,,108,a6oa9azp,qwen3-8b-manim-grpo-ensemble,AOS-GRPO,
,,109,a6oa9azp,qwen3-8b-manim-grpo-ensemble,AOS-GRPO,
,,110,a6oa9azp,qwen3-8b-manim-grpo-ensemble,AOS-GRPO,
,,111,a6oa9azp,qwen3-8b-manim-grpo-ensemble,AOS-GRPO,
,,112,a6oa9azp,qwen3-8b-manim-grpo-ensemble,AOS-GRPO,
,,113,a6oa9azp,qwen3-8b-manim-grpo-ensemble,AOS-GRPO,
,,114,a6oa9azp,qwen3-8b-manim-grpo-ensemble,AOS-GRPO,
,,115,a6oa9azp,qwen3-8b-manim-grpo-ensemble,AOS-GRPO,
,,116,a6oa9azp,qwen3-8b-manim-grpo-ensemble,AOS-GRPO,
,,117,a6oa9azp,qwen3-8b-manim-grpo-ensemble,AOS-GRPO,
,,118,a6oa9azp,qwen3-8b-manim-grpo-ensemble,AOS-GRPO,
,,119,a6oa9azp,qwen3-8b-manim-grpo-ensemble,AOS-GRPO,
,,120,a6oa9azp,qwen3-8b-manim-grpo-ensemble,AOS-GRPO,
,,121,a6oa9azp,qwen3-8b-manim-grpo-ensemble,AOS-GRPO,
,,122,a6oa9azp,qwen3-8b-manim-grpo-ensemble,AOS-GRPO,
,,123,a6oa9azp,qwen3-8b-manim-grpo-ensemble,AOS-GRPO,
,,124,a6oa9azp,qwen3-8b-manim-grpo-ensemble,AOS-GRPO,
,,125,a6oa9azp,qwen3-8b-manim-grpo-ensemble,AOS-GRPO,
,,126,a6oa9azp,qwen3-8b-manim-grpo-ensemble,AOS-GRPO,
,,127,a6oa9azp,qwen3-8b-manim-grpo-ensemble,AOS-GRPO,
,,128,a6oa9azp,qwen3-8b-manim-grpo-ensemble,AOS-GRPO,
,,129,a6oa9azp,qwen3-8b-manim-grpo-ensemble,AOS-GRPO,
,,130,a6oa9azp,qwen3-8b-manim-grpo-ensemble,AOS-GRPO,
,,131,a6oa9azp,qwen3-8b-manim-grpo-ensemble,AOS-GRPO,
,,132,a6oa9azp,qwen3-8b-manim-grpo-ensemble,AOS-GRPO,
,,133,a6oa9azp,qwen3-8b-manim-grpo-ensemble,AOS-GRPO,
,,134,a6oa9azp,qwen3-8b-manim-grpo-ensemble,AOS-GRPO,
,,135,a6oa9azp,qwen3-8b-manim-grpo-ensemble,AOS-GRPO,
,,136,a6oa9azp,qwen3-8b-manim-grpo-ensemble,AOS-GRPO,
,,137,a6oa9azp,qwen3-8b-manim-grpo-ensemble,AOS-GRPO,
,,138,a6oa9azp,qwen3-8b-manim-grpo-ensemble,AOS-GRPO,
,,139,a6oa9azp,qwen3-8b-manim-grpo-ensemble,AOS-GRPO,
,,140,a6oa9azp,qwen3-8b-manim-grpo-ensemble,AOS-GRPO,
3.8e-05,-0.0107,141,a6oa9azp,qwen3-8b-manim-grpo-ensemble,AOS-GRPO,
,,142,a6oa9azp,qwen3-8b-manim-grpo-ensemble,AOS-GRPO,
,,143,a6oa9azp,qwen3-8b-manim-grpo-ensemble,AOS-GRPO,
,,144,a6oa9azp,qwen3-8b-manim-grpo-ensemble,AOS-GRPO,
,,145,a6oa9azp,qwen3-8b-manim-grpo-ensemble,AOS-GRPO,
,,146,a6oa9azp,qwen3-8b-manim-grpo-ensemble,AOS-GRPO,
,,147,a6oa9azp,qwen3-8b-manim-grpo-ensemble,AOS-GRPO,
,,148,a6oa9azp,qwen3-8b-manim-grpo-ensemble,AOS-GRPO,
,,149,a6oa9azp,qwen3-8b-manim-grpo-ensemble,AOS-GRPO,
,,150,a6oa9azp,qwen3-8b-manim-grpo-ensemble,AOS-GRPO,
,,151,a6oa9azp,qwen3-8b-manim-grpo-ensemble,AOS-GRPO,
,,152,a6oa9azp,qwen3-8b-manim-grpo-ensemble,AOS-GRPO,
,,153,a6oa9azp,qwen3-8b-manim-grpo-ensemble,AOS-GRPO,
,,154,a6oa9azp,qwen3-8b-manim-grpo-ensemble,AOS-GRPO,
,,155,a6oa9azp,qwen3-8b-manim-grpo-ensemble,AOS-GRPO,
,,156,a6oa9azp,qwen3-8b-manim-grpo-ensemble,AOS-GRPO,
,,157,a6oa9azp,qwen3-8b-manim-grpo-ensemble,AOS-GRPO,
,,158,a6oa9azp,qwen3-8b-manim-grpo-ensemble,AOS-GRPO,
,,159,a6oa9azp,qwen3-8b-manim-grpo-ensemble,AOS-GRPO,
,,160,a6oa9azp,qwen3-8b-manim-grpo-ensemble,AOS-GRPO,
,,161,a6oa9azp,qwen3-8b-manim-grpo-ensemble,AOS-GRPO,
,,162,a6oa9azp,qwen3-8b-manim-grpo-ensemble,AOS-GRPO,
,,163,a6oa9azp,qwen3-8b-manim-grpo-ensemble,AOS-GRPO,
,,164,a6oa9azp,qwen3-8b-manim-grpo-ensemble,AOS-GRPO,
,,165,a6oa9azp,qwen3-8b-manim-grpo-ensemble,AOS-GRPO,
,,166,a6oa9azp,qwen3-8b-manim-grpo-ensemble,AOS-GRPO,
,,167,a6oa9azp,qwen3-8b-manim-grpo-ensemble,AOS-GRPO,
,,168,a6oa9azp,qwen3-8b-manim-grpo-ensemble,AOS-GRPO,
,,169,a6oa9azp,qwen3-8b-manim-grpo-ensemble,AOS-GRPO,
,,170,a6oa9azp,qwen3-8b-manim-grpo-ensemble,AOS-GRPO,
,,171,a6oa9azp,qwen3-8b-manim-grpo-ensemble,AOS-GRPO,
,,172,a6oa9azp,qwen3-8b-manim-grpo-ensemble,AOS-GRPO,
,,173,a6oa9azp,qwen3-8b-manim-grpo-ensemble,AOS-GRPO,
,,174,a6oa9azp,qwen3-8b-manim-grpo-ensemble,AOS-GRPO,
,,175,a6oa9azp,qwen3-8b-manim-grpo-ensemble,AOS-GRPO,
,,176,a6oa9azp,qwen3-8b-manim-grpo-ensemble,AOS-GRPO,
,,177,a6oa9azp,qwen3-8b-manim-grpo-ensemble,AOS-GRPO,
,,178,a6oa9azp,qwen3-8b-manim-grpo-ensemble,AOS-GRPO,
,,179,a6oa9azp,qwen3-8b-manim-grpo-ensemble,AOS-GRPO,
,,180,a6oa9azp,qwen3-8b-manim-grpo-ensemble,AOS-GRPO,
,,181,a6oa9azp,qwen3-8b-manim-grpo-ensemble,AOS-GRPO,
,,182,a6oa9azp,qwen3-8b-manim-grpo-ensemble,AOS-GRPO,
,,183,a6oa9azp,qwen3-8b-manim-grpo-ensemble,AOS-GRPO,
,,184,a6oa9azp,qwen3-8b-manim-grpo-ensemble,AOS-GRPO,
,,185,a6oa9azp,qwen3-8b-manim-grpo-ensemble,AOS-GRPO,
,,186,a6oa9azp,qwen3-8b-manim-grpo-ensemble,AOS-GRPO,
,,187,a6oa9azp,qwen3-8b-manim-grpo-ensemble,AOS-GRPO,
,,188,a6oa9azp,qwen3-8b-manim-grpo-ensemble,AOS-GRPO,
,,189,a6oa9azp,qwen3-8b-manim-grpo-ensemble,AOS-GRPO,
,,190,a6oa9azp,qwen3-8b-manim-grpo-ensemble,AOS-GRPO,
,,191,a6oa9azp,qwen3-8b-manim-grpo-ensemble,AOS-GRPO,
,,192,a6oa9azp,qwen3-8b-manim-grpo-ensemble,AOS-GRPO,
,,193,a6oa9azp,qwen3-8b-manim-grpo-ensemble,AOS-GRPO,
,,194,a6oa9azp,qwen3-8b-manim-grpo-ensemble,AOS-GRPO,
,,195,a6oa9azp,qwen3-8b-manim-grpo-ensemble,AOS-GRPO,
,,196,a6oa9azp,qwen3-8b-manim-grpo-ensemble,AOS-GRPO,
,,197,a6oa9azp,qwen3-8b-manim-grpo-ensemble,AOS-GRPO,
,,198,a6oa9azp,qwen3-8b-manim-grpo-ensemble,AOS-GRPO,
,,199,a6oa9azp,qwen3-8b-manim-grpo-ensemble,AOS-GRPO,
,,200,a6oa9azp,qwen3-8b-manim-grpo-ensemble,AOS-GRPO,
,,201,a6oa9azp,qwen3-8b-manim-grpo-ensemble,AOS-GRPO,
,,202,a6oa9azp,qwen3-8b-manim-grpo-ensemble,AOS-GRPO,
,,203,a6oa9azp,qwen3-8b-manim-grpo-ensemble,AOS-GRPO,
,,204,a6oa9azp,qwen3-8b-manim-grpo-ensemble,AOS-GRPO,
,,205,a6oa9azp,qwen3-8b-manim-grpo-ensemble,AOS-GRPO,
,,206,a6oa9azp,qwen3-8b-manim-grpo-ensemble,AOS-GRPO,
,,207,a6oa9azp,qwen3-8b-manim-grpo-ensemble,AOS-GRPO,
,,208,a6oa9azp,qwen3-8b-manim-grpo-ensemble,AOS-GRPO,
,,209,a6oa9azp,qwen3-8b-manim-grpo-ensemble,AOS-GRPO,
,,210,a6oa9azp,qwen3-8b-manim-grpo-ensemble,AOS-GRPO,
,,211,a6oa9azp,qwen3-8b-manim-grpo-ensemble,AOS-GRPO,
5.8e-05,0.0,212,a6oa9azp,qwen3-8b-manim-grpo-ensemble,AOS-GRPO,
,,213,a6oa9azp,qwen3-8b-manim-grpo-ensemble,AOS-GRPO,
,,214,a6oa9azp,qwen3-8b-manim-grpo-ensemble,AOS-GRPO,
,,215,a6oa9azp,qwen3-8b-manim-grpo-ensemble,AOS-GRPO,
,,216,a6oa9azp,qwen3-8b-manim-grpo-ensemble,AOS-GRPO,
,,217,a6oa9azp,qwen3-8b-manim-grpo-ensemble,AOS-GRPO,
,,218,a6oa9azp,qwen3-8b-manim-grpo-ensemble,AOS-GRPO,
,,219,a6oa9azp,qwen3-8b-manim-grpo-ensemble,AOS-GRPO,
,,0,pxowg7x7,qwen3-8b-manim-grpo-ensemble,AOS-GRPO,
,,1,pxowg7x7,qwen3-8b-manim-grpo-ensemble,AOS-GRPO,
,,2,pxowg7x7,qwen3-8b-manim-grpo-ensemble,AOS-GRPO,
,,3,pxowg7x7,qwen3-8b-manim-grpo-ensemble,AOS-GRPO,
,,4,pxowg7x7,qwen3-8b-manim-grpo-ensemble,AOS-GRPO,
,,5,pxowg7x7,qwen3-8b-manim-grpo-ensemble,AOS-GRPO,
,,6,pxowg7x7,qwen3-8b-manim-grpo-ensemble,AOS-GRPO,
,,7,pxowg7x7,qwen3-8b-manim-grpo-ensemble,AOS-GRPO,
,,8,pxowg7x7,qwen3-8b-manim-grpo-ensemble,AOS-GRPO,
,,9,pxowg7x7,qwen3-8b-manim-grpo-ensemble,AOS-GRPO,
,,10,pxowg7x7,qwen3-8b-manim-grpo-ensemble,AOS-GRPO,
,,11,pxowg7x7,qwen3-8b-manim-grpo-ensemble,AOS-GRPO,
,,12,pxowg7x7,qwen3-8b-manim-grpo-ensemble,AOS-GRPO,
,,13,pxowg7x7,qwen3-8b-manim-grpo-ensemble,AOS-GRPO,
,,14,pxowg7x7,qwen3-8b-manim-grpo-ensemble,AOS-GRPO,
,,15,pxowg7x7,qwen3-8b-manim-grpo-ensemble,AOS-GRPO,
,,16,pxowg7x7,qwen3-8b-manim-grpo-ensemble,AOS-GRPO,
,,17,pxowg7x7,qwen3-8b-manim-grpo-ensemble,AOS-GRPO,
,,18,pxowg7x7,qwen3-8b-manim-grpo-ensemble,AOS-GRPO,
,,19,pxowg7x7,qwen3-8b-manim-grpo-ensemble,AOS-GRPO,
,,20,pxowg7x7,qwen3-8b-manim-grpo-ensemble,AOS-GRPO,
,,21,pxowg7x7,qwen3-8b-manim-grpo-ensemble,AOS-GRPO,
,,22,pxowg7x7,qwen3-8b-manim-grpo-ensemble,AOS-GRPO,
,,23,pxowg7x7,qwen3-8b-manim-grpo-ensemble,AOS-GRPO,
,,24,pxowg7x7,qwen3-8b-manim-grpo-ensemble,AOS-GRPO,
,,25,pxowg7x7,qwen3-8b-manim-grpo-ensemble,AOS-GRPO,
,,26,pxowg7x7,qwen3-8b-manim-grpo-ensemble,AOS-GRPO,
,,27,pxowg7x7,qwen3-8b-manim-grpo-ensemble,AOS-GRPO,
,,28,pxowg7x7,qwen3-8b-manim-grpo-ensemble,AOS-GRPO,
,,29,pxowg7x7,qwen3-8b-manim-grpo-ensemble,AOS-GRPO,
,,30,pxowg7x7,qwen3-8b-manim-grpo-ensemble,AOS-GRPO,
,,31,pxowg7x7,qwen3-8b-manim-grpo-ensemble,AOS-GRPO,
,,32,pxowg7x7,qwen3-8b-manim-grpo-ensemble,AOS-GRPO,
,,33,pxowg7x7,qwen3-8b-manim-grpo-ensemble,AOS-GRPO,
,,34,pxowg7x7,qwen3-8b-manim-grpo-ensemble,AOS-GRPO,
,,35,pxowg7x7,qwen3-8b-manim-grpo-ensemble,AOS-GRPO,
,,36,pxowg7x7,qwen3-8b-manim-grpo-ensemble,AOS-GRPO,
,,37,pxowg7x7,qwen3-8b-manim-grpo-ensemble,AOS-GRPO,
,,38,pxowg7x7,qwen3-8b-manim-grpo-ensemble,AOS-GRPO,
,,39,pxowg7x7,qwen3-8b-manim-grpo-ensemble,AOS-GRPO,
,,40,pxowg7x7,qwen3-8b-manim-grpo-ensemble,AOS-GRPO,
,,41,pxowg7x7,qwen3-8b-manim-grpo-ensemble,AOS-GRPO,
,,42,pxowg7x7,qwen3-8b-manim-grpo-ensemble,AOS-GRPO,
,,43,pxowg7x7,qwen3-8b-manim-grpo-ensemble,AOS-GRPO,
,,44,pxowg7x7,qwen3-8b-manim-grpo-ensemble,AOS-GRPO,
,,45,pxowg7x7,qwen3-8b-manim-grpo-ensemble,AOS-GRPO,
,,46,pxowg7x7,qwen3-8b-manim-grpo-ensemble,AOS-GRPO,
,,47,pxowg7x7,qwen3-8b-manim-grpo-ensemble,AOS-GRPO,
,,48,pxowg7x7,qwen3-8b-manim-grpo-ensemble,AOS-GRPO,
,,49,pxowg7x7,qwen3-8b-manim-grpo-ensemble,AOS-GRPO,
,,50,pxowg7x7,qwen3-8b-manim-grpo-ensemble,AOS-GRPO,
,,51,pxowg7x7,qwen3-8b-manim-grpo-ensemble,AOS-GRPO,
,,52,pxowg7x7,qwen3-8b-manim-grpo-ensemble,AOS-GRPO,
,,53,pxowg7x7,qwen3-8b-manim-grpo-ensemble,AOS-GRPO,
,,54,pxowg7x7,qwen3-8b-manim-grpo-ensemble,AOS-GRPO,
,,55,pxowg7x7,qwen3-8b-manim-grpo-ensemble,AOS-GRPO,
,,56,pxowg7x7,qwen3-8b-manim-grpo-ensemble,AOS-GRPO,
,,57,pxowg7x7,qwen3-8b-manim-grpo-ensemble,AOS-GRPO,
,,58,pxowg7x7,qwen3-8b-manim-grpo-ensemble,AOS-GRPO,
,,59,pxowg7x7,qwen3-8b-manim-grpo-ensemble,AOS-GRPO,
,,60,pxowg7x7,qwen3-8b-manim-grpo-ensemble,AOS-GRPO,
,,61,pxowg7x7,qwen3-8b-manim-grpo-ensemble,AOS-GRPO,
,,62,pxowg7x7,qwen3-8b-manim-grpo-ensemble,AOS-GRPO,
,,63,pxowg7x7,qwen3-8b-manim-grpo-ensemble,AOS-GRPO,
,,64,pxowg7x7,qwen3-8b-manim-grpo-ensemble,AOS-GRPO,
,,65,pxowg7x7,qwen3-8b-manim-grpo-ensemble,AOS-GRPO,
,,66,pxowg7x7,qwen3-8b-manim-grpo-ensemble,AOS-GRPO,
,,67,pxowg7x7,qwen3-8b-manim-grpo-ensemble,AOS-GRPO,
,,68,pxowg7x7,qwen3-8b-manim-grpo-ensemble,AOS-GRPO,
,,69,pxowg7x7,qwen3-8b-manim-grpo-ensemble,AOS-GRPO,
1.8e-05,-0.0094,70,pxowg7x7,qwen3-8b-manim-grpo-ensemble,AOS-GRPO,
,,71,pxowg7x7,qwen3-8b-manim-grpo-ensemble,AOS-GRPO,
,,72,pxowg7x7,qwen3-8b-manim-grpo-ensemble,AOS-GRPO,
,,73,pxowg7x7,qwen3-8b-manim-grpo-ensemble,AOS-GRPO,
,,74,pxowg7x7,qwen3-8b-manim-grpo-ensemble,AOS-GRPO,
,,75,pxowg7x7,qwen3-8b-manim-grpo-ensemble,AOS-GRPO,
,,76,pxowg7x7,qwen3-8b-manim-grpo-ensemble,AOS-GRPO,
,,77,pxowg7x7,qwen3-8b-manim-grpo-ensemble,AOS-GRPO,
,,78,pxowg7x7,qwen3-8b-manim-grpo-ensemble,AOS-GRPO,
,,79,pxowg7x7,qwen3-8b-manim-grpo-ensemble,AOS-GRPO,
,,80,pxowg7x7,qwen3-8b-manim-grpo-ensemble,AOS-GRPO,
,,81,pxowg7x7,qwen3-8b-manim-grpo-ensemble,AOS-GRPO,
,,82,pxowg7x7,qwen3-8b-manim-grpo-ensemble,AOS-GRPO,
,,83,pxowg7x7,qwen3-8b-manim-grpo-ensemble,AOS-GRPO,
,,84,pxowg7x7,qwen3-8b-manim-grpo-ensemble,AOS-GRPO,
,,85,pxowg7x7,qwen3-8b-manim-grpo-ensemble,AOS-GRPO,
,,86,pxowg7x7,qwen3-8b-manim-grpo-ensemble,AOS-GRPO,
,,87,pxowg7x7,qwen3-8b-manim-grpo-ensemble,AOS-GRPO,
,,88,pxowg7x7,qwen3-8b-manim-grpo-ensemble,AOS-GRPO,
,,89,pxowg7x7,qwen3-8b-manim-grpo-ensemble,AOS-GRPO,
,,90,pxowg7x7,qwen3-8b-manim-grpo-ensemble,AOS-GRPO,
,,91,pxowg7x7,qwen3-8b-manim-grpo-ensemble,AOS-GRPO,
,,92,pxowg7x7,qwen3-8b-manim-grpo-ensemble,AOS-GRPO,
,,93,pxowg7x7,qwen3-8b-manim-grpo-ensemble,AOS-GRPO,
,,94,pxowg7x7,qwen3-8b-manim-grpo-ensemble,AOS-GRPO,
,,95,pxowg7x7,qwen3-8b-manim-grpo-ensemble,AOS-GRPO,
,,96,pxowg7x7,qwen3-8b-manim-grpo-ensemble,AOS-GRPO,
,,97,pxowg7x7,qwen3-8b-manim-grpo-ensemble,AOS-GRPO,
,,98,pxowg7x7,qwen3-8b-manim-grpo-ensemble,AOS-GRPO,
,,99,pxowg7x7,qwen3-8b-manim-grpo-ensemble,AOS-GRPO,
,,100,pxowg7x7,qwen3-8b-manim-grpo-ensemble,AOS-GRPO,
,,101,pxowg7x7,qwen3-8b-manim-grpo-ensemble,AOS-GRPO,
,,102,pxowg7x7,qwen3-8b-manim-grpo-ensemble,AOS-GRPO,
,,103,pxowg7x7,qwen3-8b-manim-grpo-ensemble,AOS-GRPO,
,,104,pxowg7x7,qwen3-8b-manim-grpo-ensemble,AOS-GRPO,
,,105,pxowg7x7,qwen3-8b-manim-grpo-ensemble,AOS-GRPO,
,,106,pxowg7x7,qwen3-8b-manim-grpo-ensemble,AOS-GRPO,
,,107,pxowg7x7,qwen3-8b-manim-grpo-ensemble,AOS-GRPO,
,,108,pxowg7x7,qwen3-8b-manim-grpo-ensemble,AOS-GRPO,
,,109,pxowg7x7,qwen3-8b-manim-grpo-ensemble,AOS-GRPO,
,,110,pxowg7x7,qwen3-8b-manim-grpo-ensemble,AOS-GRPO,
,,111,pxowg7x7,qwen3-8b-manim-grpo-ensemble,AOS-GRPO,
,,112,pxowg7x7,qwen3-8b-manim-grpo-ensemble,AOS-GRPO,
,,113,pxowg7x7,qwen3-8b-manim-grpo-ensemble,AOS-GRPO,
,,114,pxowg7x7,qwen3-8b-manim-grpo-ensemble,AOS-GRPO,
,,115,pxowg7x7,qwen3-8b-manim-grpo-ensemble,AOS-GRPO,
,,116,pxowg7x7,qwen3-8b-manim-grpo-ensemble,AOS-GRPO,
,,117,pxowg7x7,qwen3-8b-manim-grpo-ensemble,AOS-GRPO,
,,118,pxowg7x7,qwen3-8b-manim-grpo-ensemble,AOS-GRPO,
,,119,pxowg7x7,qwen3-8b-manim-grpo-ensemble,AOS-GRPO,
,,120,pxowg7x7,qwen3-8b-manim-grpo-ensemble,AOS-GRPO,
,,121,pxowg7x7,qwen3-8b-manim-grpo-ensemble,AOS-GRPO,
,,122,pxowg7x7,qwen3-8b-manim-grpo-ensemble,AOS-GRPO,
,,123,pxowg7x7,qwen3-8b-manim-grpo-ensemble,AOS-GRPO,
,,124,pxowg7x7,qwen3-8b-manim-grpo-ensemble,AOS-GRPO,
,,125,pxowg7x7,qwen3-8b-manim-grpo-ensemble,AOS-GRPO,
,,126,pxowg7x7,qwen3-8b-manim-grpo-ensemble,AOS-GRPO,
,,127,pxowg7x7,qwen3-8b-manim-grpo-ensemble,AOS-GRPO,
,,128,pxowg7x7,qwen3-8b-manim-grpo-ensemble,AOS-GRPO,
,,129,pxowg7x7,qwen3-8b-manim-grpo-ensemble,AOS-GRPO,
,,130,pxowg7x7,qwen3-8b-manim-grpo-ensemble,AOS-GRPO,
,,131,pxowg7x7,qwen3-8b-manim-grpo-ensemble,AOS-GRPO,
,,132,pxowg7x7,qwen3-8b-manim-grpo-ensemble,AOS-GRPO,
,,133,pxowg7x7,qwen3-8b-manim-grpo-ensemble,AOS-GRPO,
,,134,pxowg7x7,qwen3-8b-manim-grpo-ensemble,AOS-GRPO,
,,135,pxowg7x7,qwen3-8b-manim-grpo-ensemble,AOS-GRPO,
,,136,pxowg7x7,qwen3-8b-manim-grpo-ensemble,AOS-GRPO,
,,137,pxowg7x7,qwen3-8b-manim-grpo-ensemble,AOS-GRPO,
,,138,pxowg7x7,qwen3-8b-manim-grpo-ensemble,AOS-GRPO,
,,139,pxowg7x7,qwen3-8b-manim-grpo-ensemble,AOS-GRPO,
,,140,pxowg7x7,qwen3-8b-manim-grpo-ensemble,AOS-GRPO,
3.8e-05,-0.0107,141,pxowg7x7,qwen3-8b-manim-grpo-ensemble,AOS-GRPO,
,,142,pxowg7x7,qwen3-8b-manim-grpo-ensemble,AOS-GRPO,
,,143,pxowg7x7,qwen3-8b-manim-grpo-ensemble,AOS-GRPO,
,,144,pxowg7x7,qwen3-8b-manim-grpo-ensemble,AOS-GRPO,
,,145,pxowg7x7,qwen3-8b-manim-grpo-ensemble,AOS-GRPO,
,,146,pxowg7x7,qwen3-8b-manim-grpo-ensemble,AOS-GRPO,
,,147,pxowg7x7,qwen3-8b-manim-grpo-ensemble,AOS-GRPO,
,,148,pxowg7x7,qwen3-8b-manim-grpo-ensemble,AOS-GRPO,
,,149,pxowg7x7,qwen3-8b-manim-grpo-ensemble,AOS-GRPO,
,,150,pxowg7x7,qwen3-8b-manim-grpo-ensemble,AOS-GRPO,
,,151,pxowg7x7,qwen3-8b-manim-grpo-ensemble,AOS-GRPO,
,,152,pxowg7x7,qwen3-8b-manim-grpo-ensemble,AOS-GRPO,
,,153,pxowg7x7,qwen3-8b-manim-grpo-ensemble,AOS-GRPO,
,,154,pxowg7x7,qwen3-8b-manim-grpo-ensemble,AOS-GRPO,
,,155,pxowg7x7,qwen3-8b-manim-grpo-ensemble,AOS-GRPO,
,,156,pxowg7x7,qwen3-8b-manim-grpo-ensemble,AOS-GRPO,
,,157,pxowg7x7,qwen3-8b-manim-grpo-ensemble,AOS-GRPO,
,,158,pxowg7x7,qwen3-8b-manim-grpo-ensemble,AOS-GRPO,
,,159,pxowg7x7,qwen3-8b-manim-grpo-ensemble,AOS-GRPO,
,,160,pxowg7x7,qwen3-8b-manim-grpo-ensemble,AOS-GRPO,
,,161,pxowg7x7,qwen3-8b-manim-grpo-ensemble,AOS-GRPO,
,,162,pxowg7x7,qwen3-8b-manim-grpo-ensemble,AOS-GRPO,
,,163,pxowg7x7,qwen3-8b-manim-grpo-ensemble,AOS-GRPO,
,,164,pxowg7x7,qwen3-8b-manim-grpo-ensemble,AOS-GRPO,
,,165,pxowg7x7,qwen3-8b-manim-grpo-ensemble,AOS-GRPO,
,,166,pxowg7x7,qwen3-8b-manim-grpo-ensemble,AOS-GRPO,
,,167,pxowg7x7,qwen3-8b-manim-grpo-ensemble,AOS-GRPO,
,,168,pxowg7x7,qwen3-8b-manim-grpo-ensemble,AOS-GRPO,
,,169,pxowg7x7,qwen3-8b-manim-grpo-ensemble,AOS-GRPO,
,,170,pxowg7x7,qwen3-8b-manim-grpo-ensemble,AOS-GRPO,
,,171,pxowg7x7,qwen3-8b-manim-grpo-ensemble,AOS-GRPO,
,,172,pxowg7x7,qwen3-8b-manim-grpo-ensemble,AOS-GRPO,
,,173,pxowg7x7,qwen3-8b-manim-grpo-ensemble,AOS-GRPO,
,,174,pxowg7x7,qwen3-8b-manim-grpo-ensemble,AOS-GRPO,
,,175,pxowg7x7,qwen3-8b-manim-grpo-ensemble,AOS-GRPO,
,,176,pxowg7x7,qwen3-8b-manim-grpo-ensemble,AOS-GRPO,
,,177,pxowg7x7,qwen3-8b-manim-grpo-ensemble,AOS-GRPO,
,,178,pxowg7x7,qwen3-8b-manim-grpo-ensemble,AOS-GRPO,
,,179,pxowg7x7,qwen3-8b-manim-grpo-ensemble,AOS-GRPO,
,,180,pxowg7x7,qwen3-8b-manim-grpo-ensemble,AOS-GRPO,
,,181,pxowg7x7,qwen3-8b-manim-grpo-ensemble,AOS-GRPO,
,,182,pxowg7x7,qwen3-8b-manim-grpo-ensemble,AOS-GRPO,
,,183,pxowg7x7,qwen3-8b-manim-grpo-ensemble,AOS-GRPO,
,,184,pxowg7x7,qwen3-8b-manim-grpo-ensemble,AOS-GRPO,
,,185,pxowg7x7,qwen3-8b-manim-grpo-ensemble,AOS-GRPO,
,,186,pxowg7x7,qwen3-8b-manim-grpo-ensemble,AOS-GRPO,
,,187,pxowg7x7,qwen3-8b-manim-grpo-ensemble,AOS-GRPO,
,,188,pxowg7x7,qwen3-8b-manim-grpo-ensemble,AOS-GRPO,
,,189,pxowg7x7,qwen3-8b-manim-grpo-ensemble,AOS-GRPO,
,,190,pxowg7x7,qwen3-8b-manim-grpo-ensemble,AOS-GRPO,
,,191,pxowg7x7,qwen3-8b-manim-grpo-ensemble,AOS-GRPO,
,,192,pxowg7x7,qwen3-8b-manim-grpo-ensemble,AOS-GRPO,
,,193,pxowg7x7,qwen3-8b-manim-grpo-ensemble,AOS-GRPO,
,,194,pxowg7x7,qwen3-8b-manim-grpo-ensemble,AOS-GRPO,
,,195,pxowg7x7,qwen3-8b-manim-grpo-ensemble,AOS-GRPO,
,,196,pxowg7x7,qwen3-8b-manim-grpo-ensemble,AOS-GRPO,
,,197,pxowg7x7,qwen3-8b-manim-grpo-ensemble,AOS-GRPO,
,,198,pxowg7x7,qwen3-8b-manim-grpo-ensemble,AOS-GRPO,
,,199,pxowg7x7,qwen3-8b-manim-grpo-ensemble,AOS-GRPO,
,,200,pxowg7x7,qwen3-8b-manim-grpo-ensemble,AOS-GRPO,
,,201,pxowg7x7,qwen3-8b-manim-grpo-ensemble,AOS-GRPO,
,,202,pxowg7x7,qwen3-8b-manim-grpo-ensemble,AOS-GRPO,
,,203,pxowg7x7,qwen3-8b-manim-grpo-ensemble,AOS-GRPO,
,,204,pxowg7x7,qwen3-8b-manim-grpo-ensemble,AOS-GRPO,
,,205,pxowg7x7,qwen3-8b-manim-grpo-ensemble,AOS-GRPO,
,,206,pxowg7x7,qwen3-8b-manim-grpo-ensemble,AOS-GRPO,
,,207,pxowg7x7,qwen3-8b-manim-grpo-ensemble,AOS-GRPO,
,,208,pxowg7x7,qwen3-8b-manim-grpo-ensemble,AOS-GRPO,
,,209,pxowg7x7,qwen3-8b-manim-grpo-ensemble,AOS-GRPO,
,,210,pxowg7x7,qwen3-8b-manim-grpo-ensemble,AOS-GRPO,
,,211,pxowg7x7,qwen3-8b-manim-grpo-ensemble,AOS-GRPO,
5.8e-05,0.0,212,pxowg7x7,qwen3-8b-manim-grpo-ensemble,AOS-GRPO,
,,213,pxowg7x7,qwen3-8b-manim-grpo-ensemble,AOS-GRPO,
,,214,pxowg7x7,qwen3-8b-manim-grpo-ensemble,AOS-GRPO,
,,215,pxowg7x7,qwen3-8b-manim-grpo-ensemble,AOS-GRPO,
,,216,pxowg7x7,qwen3-8b-manim-grpo-ensemble,AOS-GRPO,
,,217,pxowg7x7,qwen3-8b-manim-grpo-ensemble,AOS-GRPO,
,,218,pxowg7x7,qwen3-8b-manim-grpo-ensemble,AOS-GRPO,
,,219,pxowg7x7,qwen3-8b-manim-grpo-ensemble,AOS-GRPO,
,,220,pxowg7x7,qwen3-8b-manim-grpo-ensemble,AOS-GRPO,
,,221,pxowg7x7,qwen3-8b-manim-grpo-ensemble,AOS-GRPO,
,,222,pxowg7x7,qwen3-8b-manim-grpo-ensemble,AOS-GRPO,
,,223,pxowg7x7,qwen3-8b-manim-grpo-ensemble,AOS-GRPO,
,,224,pxowg7x7,qwen3-8b-manim-grpo-ensemble,AOS-GRPO,
,,225,pxowg7x7,qwen3-8b-manim-grpo-ensemble,AOS-GRPO,
,,226,pxowg7x7,qwen3-8b-manim-grpo-ensemble,AOS-GRPO,
,,227,pxowg7x7,qwen3-8b-manim-grpo-ensemble,AOS-GRPO,
,,228,pxowg7x7,qwen3-8b-manim-grpo-ensemble,AOS-GRPO,
,,229,pxowg7x7,qwen3-8b-manim-grpo-ensemble,AOS-GRPO,
,,230,pxowg7x7,qwen3-8b-manim-grpo-ensemble,AOS-GRPO,
,,231,pxowg7x7,qwen3-8b-manim-grpo-ensemble,AOS-GRPO,
,,232,pxowg7x7,qwen3-8b-manim-grpo-ensemble,AOS-GRPO,
,,233,pxowg7x7,qwen3-8b-manim-grpo-ensemble,AOS-GRPO,
,,234,pxowg7x7,qwen3-8b-manim-grpo-ensemble,AOS-GRPO,
,,235,pxowg7x7,qwen3-8b-manim-grpo-ensemble,AOS-GRPO,
,,236,pxowg7x7,qwen3-8b-manim-grpo-ensemble,AOS-GRPO,
,,237,pxowg7x7,qwen3-8b-manim-grpo-ensemble,AOS-GRPO,
,,238,pxowg7x7,qwen3-8b-manim-grpo-ensemble,AOS-GRPO,
,,239,pxowg7x7,qwen3-8b-manim-grpo-ensemble,AOS-GRPO,
,,240,pxowg7x7,qwen3-8b-manim-grpo-ensemble,AOS-GRPO,
,,241,pxowg7x7,qwen3-8b-manim-grpo-ensemble,AOS-GRPO,
,,242,pxowg7x7,qwen3-8b-manim-grpo-ensemble,AOS-GRPO,
,,243,pxowg7x7,qwen3-8b-manim-grpo-ensemble,AOS-GRPO,
,,244,pxowg7x7,qwen3-8b-manim-grpo-ensemble,AOS-GRPO,
,,245,pxowg7x7,qwen3-8b-manim-grpo-ensemble,AOS-GRPO,
,,246,pxowg7x7,qwen3-8b-manim-grpo-ensemble,AOS-GRPO,
,,247,pxowg7x7,qwen3-8b-manim-grpo-ensemble,AOS-GRPO,
,,248,pxowg7x7,qwen3-8b-manim-grpo-ensemble,AOS-GRPO,
,,249,pxowg7x7,qwen3-8b-manim-grpo-ensemble,AOS-GRPO,
,,250,pxowg7x7,qwen3-8b-manim-grpo-ensemble,AOS-GRPO,
,,251,pxowg7x7,qwen3-8b-manim-grpo-ensemble,AOS-GRPO,
,,252,pxowg7x7,qwen3-8b-manim-grpo-ensemble,AOS-GRPO,
,,253,pxowg7x7,qwen3-8b-manim-grpo-ensemble,AOS-GRPO,
,,254,pxowg7x7,qwen3-8b-manim-grpo-ensemble,AOS-GRPO,
,,255,pxowg7x7,qwen3-8b-manim-grpo-ensemble,AOS-GRPO,
,,256,pxowg7x7,qwen3-8b-manim-grpo-ensemble,AOS-GRPO,
,,257,pxowg7x7,qwen3-8b-manim-grpo-ensemble,AOS-GRPO,
,,258,pxowg7x7,qwen3-8b-manim-grpo-ensemble,AOS-GRPO,
,,259,pxowg7x7,qwen3-8b-manim-grpo-ensemble,AOS-GRPO,
,,260,pxowg7x7,qwen3-8b-manim-grpo-ensemble,AOS-GRPO,
,,261,pxowg7x7,qwen3-8b-manim-grpo-ensemble,AOS-GRPO,
,,262,pxowg7x7,qwen3-8b-manim-grpo-ensemble,AOS-GRPO,
,,263,pxowg7x7,qwen3-8b-manim-grpo-ensemble,AOS-GRPO,
,,264,pxowg7x7,qwen3-8b-manim-grpo-ensemble,AOS-GRPO,
,,265,pxowg7x7,qwen3-8b-manim-grpo-ensemble,AOS-GRPO,
,,266,pxowg7x7,qwen3-8b-manim-grpo-ensemble,AOS-GRPO,
,,267,pxowg7x7,qwen3-8b-manim-grpo-ensemble,AOS-GRPO,
,,268,pxowg7x7,qwen3-8b-manim-grpo-ensemble,AOS-GRPO,
,,269,pxowg7x7,qwen3-8b-manim-grpo-ensemble,AOS-GRPO,
,,270,pxowg7x7,qwen3-8b-manim-grpo-ensemble,AOS-GRPO,
,,271,pxowg7x7,qwen3-8b-manim-grpo-ensemble,AOS-GRPO,
,,272,pxowg7x7,qwen3-8b-manim-grpo-ensemble,AOS-GRPO,
,,273,pxowg7x7,qwen3-8b-manim-grpo-ensemble,AOS-GRPO,
,,274,pxowg7x7,qwen3-8b-manim-grpo-ensemble,AOS-GRPO,
,,275,pxowg7x7,qwen3-8b-manim-grpo-ensemble,AOS-GRPO,
,,276,pxowg7x7,qwen3-8b-manim-grpo-ensemble,AOS-GRPO,
,,277,pxowg7x7,qwen3-8b-manim-grpo-ensemble,AOS-GRPO,
,,278,pxowg7x7,qwen3-8b-manim-grpo-ensemble,AOS-GRPO,
,,279,pxowg7x7,qwen3-8b-manim-grpo-ensemble,AOS-GRPO,
,,280,pxowg7x7,qwen3-8b-manim-grpo-ensemble,AOS-GRPO,
,,281,pxowg7x7,qwen3-8b-manim-grpo-ensemble,AOS-GRPO,
,,282,pxowg7x7,qwen3-8b-manim-grpo-ensemble,AOS-GRPO,
7.800000000000001e-05,-0.0543,283,pxowg7x7,qwen3-8b-manim-grpo-ensemble,AOS-GRPO,
,,284,pxowg7x7,qwen3-8b-manim-grpo-ensemble,AOS-GRPO,
,,285,pxowg7x7,qwen3-8b-manim-grpo-ensemble,AOS-GRPO,
,,286,pxowg7x7,qwen3-8b-manim-grpo-ensemble,AOS-GRPO,
,,287,pxowg7x7,qwen3-8b-manim-grpo-ensemble,AOS-GRPO,
,,288,pxowg7x7,qwen3-8b-manim-grpo-ensemble,AOS-GRPO,
,,289,pxowg7x7,qwen3-8b-manim-grpo-ensemble,AOS-GRPO,
,,290,pxowg7x7,qwen3-8b-manim-grpo-ensemble,AOS-GRPO,
,,291,pxowg7x7,qwen3-8b-manim-grpo-ensemble,AOS-GRPO,
,,292,pxowg7x7,qwen3-8b-manim-grpo-ensemble,AOS-GRPO,
,,293,pxowg7x7,qwen3-8b-manim-grpo-ensemble,AOS-GRPO,
,,294,pxowg7x7,qwen3-8b-manim-grpo-ensemble,AOS-GRPO,
,,295,pxowg7x7,qwen3-8b-manim-grpo-ensemble,AOS-GRPO,
,,296,pxowg7x7,qwen3-8b-manim-grpo-ensemble,AOS-GRPO,
,,297,pxowg7x7,qwen3-8b-manim-grpo-ensemble,AOS-GRPO,
,,298,pxowg7x7,qwen3-8b-manim-grpo-ensemble,AOS-GRPO,
,,299,pxowg7x7,qwen3-8b-manim-grpo-ensemble,AOS-GRPO,
,,300,pxowg7x7,qwen3-8b-manim-grpo-ensemble,AOS-GRPO,
,,301,pxowg7x7,qwen3-8b-manim-grpo-ensemble,AOS-GRPO,
,,302,pxowg7x7,qwen3-8b-manim-grpo-ensemble,AOS-GRPO,
,,303,pxowg7x7,qwen3-8b-manim-grpo-ensemble,AOS-GRPO,
,,304,pxowg7x7,qwen3-8b-manim-grpo-ensemble,AOS-GRPO,
,,305,pxowg7x7,qwen3-8b-manim-grpo-ensemble,AOS-GRPO,
,,306,pxowg7x7,qwen3-8b-manim-grpo-ensemble,AOS-GRPO,
,,307,pxowg7x7,qwen3-8b-manim-grpo-ensemble,AOS-GRPO,
,,308,pxowg7x7,qwen3-8b-manim-grpo-ensemble,AOS-GRPO,
,,309,pxowg7x7,qwen3-8b-manim-grpo-ensemble,AOS-GRPO,
,,310,pxowg7x7,qwen3-8b-manim-grpo-ensemble,AOS-GRPO,
,,311,pxowg7x7,qwen3-8b-manim-grpo-ensemble,AOS-GRPO,
,,312,pxowg7x7,qwen3-8b-manim-grpo-ensemble,AOS-GRPO,
,,313,pxowg7x7,qwen3-8b-manim-grpo-ensemble,AOS-GRPO,
,,314,pxowg7x7,qwen3-8b-manim-grpo-ensemble,AOS-GRPO,
,,315,pxowg7x7,qwen3-8b-manim-grpo-ensemble,AOS-GRPO,
,,316,pxowg7x7,qwen3-8b-manim-grpo-ensemble,AOS-GRPO,
,,317,pxowg7x7,qwen3-8b-manim-grpo-ensemble,AOS-GRPO,
,,318,pxowg7x7,qwen3-8b-manim-grpo-ensemble,AOS-GRPO,
,,319,pxowg7x7,qwen3-8b-manim-grpo-ensemble,AOS-GRPO,
,,320,pxowg7x7,qwen3-8b-manim-grpo-ensemble,AOS-GRPO,
,,321,pxowg7x7,qwen3-8b-manim-grpo-ensemble,AOS-GRPO,
,,322,pxowg7x7,qwen3-8b-manim-grpo-ensemble,AOS-GRPO,
,,323,pxowg7x7,qwen3-8b-manim-grpo-ensemble,AOS-GRPO,
,,324,pxowg7x7,qwen3-8b-manim-grpo-ensemble,AOS-GRPO,
,,325,pxowg7x7,qwen3-8b-manim-grpo-ensemble,AOS-GRPO,
,,326,pxowg7x7,qwen3-8b-manim-grpo-ensemble,AOS-GRPO,
,,327,pxowg7x7,qwen3-8b-manim-grpo-ensemble,AOS-GRPO,
,,328,pxowg7x7,qwen3-8b-manim-grpo-ensemble,AOS-GRPO,
,,329,pxowg7x7,qwen3-8b-manim-grpo-ensemble,AOS-GRPO,
,,330,pxowg7x7,qwen3-8b-manim-grpo-ensemble,AOS-GRPO,
,,331,pxowg7x7,qwen3-8b-manim-grpo-ensemble,AOS-GRPO,
,,332,pxowg7x7,qwen3-8b-manim-grpo-ensemble,AOS-GRPO,
,,333,pxowg7x7,qwen3-8b-manim-grpo-ensemble,AOS-GRPO,
,,334,pxowg7x7,qwen3-8b-manim-grpo-ensemble,AOS-GRPO,
,,335,pxowg7x7,qwen3-8b-manim-grpo-ensemble,AOS-GRPO,
,,336,pxowg7x7,qwen3-8b-manim-grpo-ensemble,AOS-GRPO,
,,337,pxowg7x7,qwen3-8b-manim-grpo-ensemble,AOS-GRPO,
,,338,pxowg7x7,qwen3-8b-manim-grpo-ensemble,AOS-GRPO,
,,339,pxowg7x7,qwen3-8b-manim-grpo-ensemble,AOS-GRPO,
,,340,pxowg7x7,qwen3-8b-manim-grpo-ensemble,AOS-GRPO,
,,341,pxowg7x7,qwen3-8b-manim-grpo-ensemble,AOS-GRPO,
,,342,pxowg7x7,qwen3-8b-manim-grpo-ensemble,AOS-GRPO,
,,343,pxowg7x7,qwen3-8b-manim-grpo-ensemble,AOS-GRPO,
,,344,pxowg7x7,qwen3-8b-manim-grpo-ensemble,AOS-GRPO,
,,345,pxowg7x7,qwen3-8b-manim-grpo-ensemble,AOS-GRPO,
,,346,pxowg7x7,qwen3-8b-manim-grpo-ensemble,AOS-GRPO,
,,347,pxowg7x7,qwen3-8b-manim-grpo-ensemble,AOS-GRPO,
,,348,pxowg7x7,qwen3-8b-manim-grpo-ensemble,AOS-GRPO,
,,349,pxowg7x7,qwen3-8b-manim-grpo-ensemble,AOS-GRPO,
,,350,pxowg7x7,qwen3-8b-manim-grpo-ensemble,AOS-GRPO,
,,351,pxowg7x7,qwen3-8b-manim-grpo-ensemble,AOS-GRPO,
,,352,pxowg7x7,qwen3-8b-manim-grpo-ensemble,AOS-GRPO,
,,353,pxowg7x7,qwen3-8b-manim-grpo-ensemble,AOS-GRPO,
9.8e-05,-0.0105,354,pxowg7x7,qwen3-8b-manim-grpo-ensemble,AOS-GRPO,
,,355,pxowg7x7,qwen3-8b-manim-grpo-ensemble,AOS-GRPO,
,,356,pxowg7x7,qwen3-8b-manim-grpo-ensemble,AOS-GRPO,
,,357,pxowg7x7,qwen3-8b-manim-grpo-ensemble,AOS-GRPO,
,,358,pxowg7x7,qwen3-8b-manim-grpo-ensemble,AOS-GRPO,
,,359,pxowg7x7,qwen3-8b-manim-grpo-ensemble,AOS-GRPO,
,,360,pxowg7x7,qwen3-8b-manim-grpo-ensemble,AOS-GRPO,
,,361,pxowg7x7,qwen3-8b-manim-grpo-ensemble,AOS-GRPO,
,,362,pxowg7x7,qwen3-8b-manim-grpo-ensemble,AOS-GRPO,
,,363,pxowg7x7,qwen3-8b-manim-grpo-ensemble,AOS-GRPO,
,,364,pxowg7x7,qwen3-8b-manim-grpo-ensemble,AOS-GRPO,
,,365,pxowg7x7,qwen3-8b-manim-grpo-ensemble,AOS-GRPO,
,,366,pxowg7x7,qwen3-8b-manim-grpo-ensemble,AOS-GRPO,
,,367,pxowg7x7,qwen3-8b-manim-grpo-ensemble,AOS-GRPO,
,,368,pxowg7x7,qwen3-8b-manim-grpo-ensemble,AOS-GRPO,
,,369,pxowg7x7,qwen3-8b-manim-grpo-ensemble,AOS-GRPO,
,,370,pxowg7x7,qwen3-8b-manim-grpo-ensemble,AOS-GRPO,
,,371,pxowg7x7,qwen3-8b-manim-grpo-ensemble,AOS-GRPO,
,,372,pxowg7x7,qwen3-8b-manim-grpo-ensemble,AOS-GRPO,
,,373,pxowg7x7,qwen3-8b-manim-grpo-ensemble,AOS-GRPO,
,,374,pxowg7x7,qwen3-8b-manim-grpo-ensemble,AOS-GRPO,
,,375,pxowg7x7,qwen3-8b-manim-grpo-ensemble,AOS-GRPO,
,,376,pxowg7x7,qwen3-8b-manim-grpo-ensemble,AOS-GRPO,
,,377,pxowg7x7,qwen3-8b-manim-grpo-ensemble,AOS-GRPO,
,,378,pxowg7x7,qwen3-8b-manim-grpo-ensemble,AOS-GRPO,
,,379,pxowg7x7,qwen3-8b-manim-grpo-ensemble,AOS-GRPO,
,,380,pxowg7x7,qwen3-8b-manim-grpo-ensemble,AOS-GRPO,
,,381,pxowg7x7,qwen3-8b-manim-grpo-ensemble,AOS-GRPO,
,,382,pxowg7x7,qwen3-8b-manim-grpo-ensemble,AOS-GRPO,
,,383,pxowg7x7,qwen3-8b-manim-grpo-ensemble,AOS-GRPO,
,,384,pxowg7x7,qwen3-8b-manim-grpo-ensemble,AOS-GRPO,
,,385,pxowg7x7,qwen3-8b-manim-grpo-ensemble,AOS-GRPO,
,,386,pxowg7x7,qwen3-8b-manim-grpo-ensemble,AOS-GRPO,
,,387,pxowg7x7,qwen3-8b-manim-grpo-ensemble,AOS-GRPO,
,,388,pxowg7x7,qwen3-8b-manim-grpo-ensemble,AOS-GRPO,
,,389,pxowg7x7,qwen3-8b-manim-grpo-ensemble,AOS-GRPO,
,,390,pxowg7x7,qwen3-8b-manim-grpo-ensemble,AOS-GRPO,
,,391,pxowg7x7,qwen3-8b-manim-grpo-ensemble,AOS-GRPO,
,,392,pxowg7x7,qwen3-8b-manim-grpo-ensemble,AOS-GRPO,
,,393,pxowg7x7,qwen3-8b-manim-grpo-ensemble,AOS-GRPO,
,,394,pxowg7x7,qwen3-8b-manim-grpo-ensemble,AOS-GRPO,
,,395,pxowg7x7,qwen3-8b-manim-grpo-ensemble,AOS-GRPO,
,,396,pxowg7x7,qwen3-8b-manim-grpo-ensemble,AOS-GRPO,
,,397,pxowg7x7,qwen3-8b-manim-grpo-ensemble,AOS-GRPO,
,,398,pxowg7x7,qwen3-8b-manim-grpo-ensemble,AOS-GRPO,
,,399,pxowg7x7,qwen3-8b-manim-grpo-ensemble,AOS-GRPO,
,,400,pxowg7x7,qwen3-8b-manim-grpo-ensemble,AOS-GRPO,
,,401,pxowg7x7,qwen3-8b-manim-grpo-ensemble,AOS-GRPO,
,,402,pxowg7x7,qwen3-8b-manim-grpo-ensemble,AOS-GRPO,
,,403,pxowg7x7,qwen3-8b-manim-grpo-ensemble,AOS-GRPO,
,,404,pxowg7x7,qwen3-8b-manim-grpo-ensemble,AOS-GRPO,
,,405,pxowg7x7,qwen3-8b-manim-grpo-ensemble,AOS-GRPO,
,,406,pxowg7x7,qwen3-8b-manim-grpo-ensemble,AOS-GRPO,
,,407,pxowg7x7,qwen3-8b-manim-grpo-ensemble,AOS-GRPO,
,,408,pxowg7x7,qwen3-8b-manim-grpo-ensemble,AOS-GRPO,
,,409,pxowg7x7,qwen3-8b-manim-grpo-ensemble,AOS-GRPO,
,,410,pxowg7x7,qwen3-8b-manim-grpo-ensemble,AOS-GRPO,
,,411,pxowg7x7,qwen3-8b-manim-grpo-ensemble,AOS-GRPO,
,,412,pxowg7x7,qwen3-8b-manim-grpo-ensemble,AOS-GRPO,
,,413,pxowg7x7,qwen3-8b-manim-grpo-ensemble,AOS-GRPO,
,,414,pxowg7x7,qwen3-8b-manim-grpo-ensemble,AOS-GRPO,
,,415,pxowg7x7,qwen3-8b-manim-grpo-ensemble,AOS-GRPO,
,,416,pxowg7x7,qwen3-8b-manim-grpo-ensemble,AOS-GRPO,
,,417,pxowg7x7,qwen3-8b-manim-grpo-ensemble,AOS-GRPO,
,,418,pxowg7x7,qwen3-8b-manim-grpo-ensemble,AOS-GRPO,
,,419,pxowg7x7,qwen3-8b-manim-grpo-ensemble,AOS-GRPO,
,,420,pxowg7x7,qwen3-8b-manim-grpo-ensemble,AOS-GRPO,
,,421,pxowg7x7,qwen3-8b-manim-grpo-ensemble,AOS-GRPO,
,,422,pxowg7x7,qwen3-8b-manim-grpo-ensemble,AOS-GRPO,
,,423,pxowg7x7,qwen3-8b-manim-grpo-ensemble,AOS-GRPO,
,,424,pxowg7x7,qwen3-8b-manim-grpo-ensemble,AOS-GRPO,
9.8e-05,-0.0089,425,pxowg7x7,qwen3-8b-manim-grpo-ensemble,AOS-GRPO,
,,426,pxowg7x7,qwen3-8b-manim-grpo-ensemble,AOS-GRPO,
,,427,pxowg7x7,qwen3-8b-manim-grpo-ensemble,AOS-GRPO,
,,428,pxowg7x7,qwen3-8b-manim-grpo-ensemble,AOS-GRPO,
,,429,pxowg7x7,qwen3-8b-manim-grpo-ensemble,AOS-GRPO,
,,430,pxowg7x7,qwen3-8b-manim-grpo-ensemble,AOS-GRPO,
,,431,pxowg7x7,qwen3-8b-manim-grpo-ensemble,AOS-GRPO,
,,432,pxowg7x7,qwen3-8b-manim-grpo-ensemble,AOS-GRPO,
,,433,pxowg7x7,qwen3-8b-manim-grpo-ensemble,AOS-GRPO,
,,434,pxowg7x7,qwen3-8b-manim-grpo-ensemble,AOS-GRPO,
,,435,pxowg7x7,qwen3-8b-manim-grpo-ensemble,AOS-GRPO,
,,436,pxowg7x7,qwen3-8b-manim-grpo-ensemble,AOS-GRPO,
,,437,pxowg7x7,qwen3-8b-manim-grpo-ensemble,AOS-GRPO,
,,438,pxowg7x7,qwen3-8b-manim-grpo-ensemble,AOS-GRPO,
,,439,pxowg7x7,qwen3-8b-manim-grpo-ensemble,AOS-GRPO,
,,440,pxowg7x7,qwen3-8b-manim-grpo-ensemble,AOS-GRPO,
,,441,pxowg7x7,qwen3-8b-manim-grpo-ensemble,AOS-GRPO,
,,442,pxowg7x7,qwen3-8b-manim-grpo-ensemble,AOS-GRPO,
,,443,pxowg7x7,qwen3-8b-manim-grpo-ensemble,AOS-GRPO,
,,444,pxowg7x7,qwen3-8b-manim-grpo-ensemble,AOS-GRPO,
,,445,pxowg7x7,qwen3-8b-manim-grpo-ensemble,AOS-GRPO,
,,446,pxowg7x7,qwen3-8b-manim-grpo-ensemble,AOS-GRPO,
,,447,pxowg7x7,qwen3-8b-manim-grpo-ensemble,AOS-GRPO,
,,448,pxowg7x7,qwen3-8b-manim-grpo-ensemble,AOS-GRPO,
,,449,pxowg7x7,qwen3-8b-manim-grpo-ensemble,AOS-GRPO,
,,450,pxowg7x7,qwen3-8b-manim-grpo-ensemble,AOS-GRPO,
,,451,pxowg7x7,qwen3-8b-manim-grpo-ensemble,AOS-GRPO,
,,452,pxowg7x7,qwen3-8b-manim-grpo-ensemble,AOS-GRPO,
,,453,pxowg7x7,qwen3-8b-manim-grpo-ensemble,AOS-GRPO,
,,454,pxowg7x7,qwen3-8b-manim-grpo-ensemble,AOS-GRPO,
,,455,pxowg7x7,qwen3-8b-manim-grpo-ensemble,AOS-GRPO,
,,456,pxowg7x7,qwen3-8b-manim-grpo-ensemble,AOS-GRPO,
,,457,pxowg7x7,qwen3-8b-manim-grpo-ensemble,AOS-GRPO,
,,458,pxowg7x7,qwen3-8b-manim-grpo-ensemble,AOS-GRPO,
,,459,pxowg7x7,qwen3-8b-manim-grpo-ensemble,AOS-GRPO,
,,460,pxowg7x7,qwen3-8b-manim-grpo-ensemble,AOS-GRPO,
,,461,pxowg7x7,qwen3-8b-manim-grpo-ensemble,AOS-GRPO,
,,462,pxowg7x7,qwen3-8b-manim-grpo-ensemble,AOS-GRPO,
,,463,pxowg7x7,qwen3-8b-manim-grpo-ensemble,AOS-GRPO,
,,464,pxowg7x7,qwen3-8b-manim-grpo-ensemble,AOS-GRPO,
,,465,pxowg7x7,qwen3-8b-manim-grpo-ensemble,AOS-GRPO,
,,466,pxowg7x7,qwen3-8b-manim-grpo-ensemble,AOS-GRPO,
,,467,pxowg7x7,qwen3-8b-manim-grpo-ensemble,AOS-GRPO,
,,468,pxowg7x7,qwen3-8b-manim-grpo-ensemble,AOS-GRPO,
,,469,pxowg7x7,qwen3-8b-manim-grpo-ensemble,AOS-GRPO,
,,470,pxowg7x7,qwen3-8b-manim-grpo-ensemble,AOS-GRPO,
,,471,pxowg7x7,qwen3-8b-manim-grpo-ensemble,AOS-GRPO,
,,472,pxowg7x7,qwen3-8b-manim-grpo-ensemble,AOS-GRPO,
,,473,pxowg7x7,qwen3-8b-manim-grpo-ensemble,AOS-GRPO,
,,474,pxowg7x7,qwen3-8b-manim-grpo-ensemble,AOS-GRPO,
,,475,pxowg7x7,qwen3-8b-manim-grpo-ensemble,AOS-GRPO,
,,476,pxowg7x7,qwen3-8b-manim-grpo-ensemble,AOS-GRPO,
,,477,pxowg7x7,qwen3-8b-manim-grpo-ensemble,AOS-GRPO,
,,478,pxowg7x7,qwen3-8b-manim-grpo-ensemble,AOS-GRPO,
,,479,pxowg7x7,qwen3-8b-manim-grpo-ensemble,AOS-GRPO,
,,480,pxowg7x7,qwen3-8b-manim-grpo-ensemble,AOS-GRPO,
,,481,pxowg7x7,qwen3-8b-manim-grpo-ensemble,AOS-GRPO,
,,482,pxowg7x7,qwen3-8b-manim-grpo-ensemble,AOS-GRPO,
,,483,pxowg7x7,qwen3-8b-manim-grpo-ensemble,AOS-GRPO,
,,484,pxowg7x7,qwen3-8b-manim-grpo-ensemble,AOS-GRPO,
,,485,pxowg7x7,qwen3-8b-manim-grpo-ensemble,AOS-GRPO,
,,486,pxowg7x7,qwen3-8b-manim-grpo-ensemble,AOS-GRPO,
,,487,pxowg7x7,qwen3-8b-manim-grpo-ensemble,AOS-GRPO,
,,488,pxowg7x7,qwen3-8b-manim-grpo-ensemble,AOS-GRPO,
,,489,pxowg7x7,qwen3-8b-manim-grpo-ensemble,AOS-GRPO,
,,490,pxowg7x7,qwen3-8b-manim-grpo-ensemble,AOS-GRPO,
,,491,pxowg7x7,qwen3-8b-manim-grpo-ensemble,AOS-GRPO,
,,492,pxowg7x7,qwen3-8b-manim-grpo-ensemble,AOS-GRPO,
,,493,pxowg7x7,qwen3-8b-manim-grpo-ensemble,AOS-GRPO,
,,494,pxowg7x7,qwen3-8b-manim-grpo-ensemble,AOS-GRPO,
,,495,pxowg7x7,qwen3-8b-manim-grpo-ensemble,AOS-GRPO,
9.577777777777777e-05,0.0051,496,pxowg7x7,qwen3-8b-manim-grpo-ensemble,AOS-GRPO,
,,497,pxowg7x7,qwen3-8b-manim-grpo-ensemble,AOS-GRPO,
,,498,pxowg7x7,qwen3-8b-manim-grpo-ensemble,AOS-GRPO,
,,499,pxowg7x7,qwen3-8b-manim-grpo-ensemble,AOS-GRPO,
,,500,pxowg7x7,qwen3-8b-manim-grpo-ensemble,AOS-GRPO,
,,501,pxowg7x7,qwen3-8b-manim-grpo-ensemble,AOS-GRPO,
,,502,pxowg7x7,qwen3-8b-manim-grpo-ensemble,AOS-GRPO,
,,503,pxowg7x7,qwen3-8b-manim-grpo-ensemble,AOS-GRPO,
,,504,pxowg7x7,qwen3-8b-manim-grpo-ensemble,AOS-GRPO,
,,505,pxowg7x7,qwen3-8b-manim-grpo-ensemble,AOS-GRPO,
,,506,pxowg7x7,qwen3-8b-manim-grpo-ensemble,AOS-GRPO,
,,507,pxowg7x7,qwen3-8b-manim-grpo-ensemble,AOS-GRPO,
,,508,pxowg7x7,qwen3-8b-manim-grpo-ensemble,AOS-GRPO,
,,509,pxowg7x7,qwen3-8b-manim-grpo-ensemble,AOS-GRPO,
,,510,pxowg7x7,qwen3-8b-manim-grpo-ensemble,AOS-GRPO,
,,511,pxowg7x7,qwen3-8b-manim-grpo-ensemble,AOS-GRPO,
,,512,pxowg7x7,qwen3-8b-manim-grpo-ensemble,AOS-GRPO,
,,513,pxowg7x7,qwen3-8b-manim-grpo-ensemble,AOS-GRPO,
,,514,pxowg7x7,qwen3-8b-manim-grpo-ensemble,AOS-GRPO,
,,515,pxowg7x7,qwen3-8b-manim-grpo-ensemble,AOS-GRPO,
,,516,pxowg7x7,qwen3-8b-manim-grpo-ensemble,AOS-GRPO,
,,517,pxowg7x7,qwen3-8b-manim-grpo-ensemble,AOS-GRPO,
,,518,pxowg7x7,qwen3-8b-manim-grpo-ensemble,AOS-GRPO,
,,519,pxowg7x7,qwen3-8b-manim-grpo-ensemble,AOS-GRPO,
,,520,pxowg7x7,qwen3-8b-manim-grpo-ensemble,AOS-GRPO,
,,521,pxowg7x7,qwen3-8b-manim-grpo-ensemble,AOS-GRPO,
,,522,pxowg7x7,qwen3-8b-manim-grpo-ensemble,AOS-GRPO,
,,523,pxowg7x7,qwen3-8b-manim-grpo-ensemble,AOS-GRPO,
,,524,pxowg7x7,qwen3-8b-manim-grpo-ensemble,AOS-GRPO,
,,525,pxowg7x7,qwen3-8b-manim-grpo-ensemble,AOS-GRPO,
,,526,pxowg7x7,qwen3-8b-manim-grpo-ensemble,AOS-GRPO,
,,527,pxowg7x7,qwen3-8b-manim-grpo-ensemble,AOS-GRPO,
,,528,pxowg7x7,qwen3-8b-manim-grpo-ensemble,AOS-GRPO,
,,529,pxowg7x7,qwen3-8b-manim-grpo-ensemble,AOS-GRPO,
,,530,pxowg7x7,qwen3-8b-manim-grpo-ensemble,AOS-GRPO,
,,531,pxowg7x7,qwen3-8b-manim-grpo-ensemble,AOS-GRPO,
,,532,pxowg7x7,qwen3-8b-manim-grpo-ensemble,AOS-GRPO,
,,533,pxowg7x7,qwen3-8b-manim-grpo-ensemble,AOS-GRPO,
,,534,pxowg7x7,qwen3-8b-manim-grpo-ensemble,AOS-GRPO,
,,535,pxowg7x7,qwen3-8b-manim-grpo-ensemble,AOS-GRPO,
,,536,pxowg7x7,qwen3-8b-manim-grpo-ensemble,AOS-GRPO,
,,537,pxowg7x7,qwen3-8b-manim-grpo-ensemble,AOS-GRPO,
,,538,pxowg7x7,qwen3-8b-manim-grpo-ensemble,AOS-GRPO,
,,539,pxowg7x7,qwen3-8b-manim-grpo-ensemble,AOS-GRPO,
,,540,pxowg7x7,qwen3-8b-manim-grpo-ensemble,AOS-GRPO,
,,541,pxowg7x7,qwen3-8b-manim-grpo-ensemble,AOS-GRPO,
,,542,pxowg7x7,qwen3-8b-manim-grpo-ensemble,AOS-GRPO,
,,543,pxowg7x7,qwen3-8b-manim-grpo-ensemble,AOS-GRPO,
,,544,pxowg7x7,qwen3-8b-manim-grpo-ensemble,AOS-GRPO,
,,545,pxowg7x7,qwen3-8b-manim-grpo-ensemble,AOS-GRPO,
,,546,pxowg7x7,qwen3-8b-manim-grpo-ensemble,AOS-GRPO,
,,547,pxowg7x7,qwen3-8b-manim-grpo-ensemble,AOS-GRPO,
,,548,pxowg7x7,qwen3-8b-manim-grpo-ensemble,AOS-GRPO,
,,549,pxowg7x7,qwen3-8b-manim-grpo-ensemble,AOS-GRPO,
,,550,pxowg7x7,qwen3-8b-manim-grpo-ensemble,AOS-GRPO,
,,551,pxowg7x7,qwen3-8b-manim-grpo-ensemble,AOS-GRPO,
,,552,pxowg7x7,qwen3-8b-manim-grpo-ensemble,AOS-GRPO,
,,553,pxowg7x7,qwen3-8b-manim-grpo-ensemble,AOS-GRPO,
,,554,pxowg7x7,qwen3-8b-manim-grpo-ensemble,AOS-GRPO,
,,555,pxowg7x7,qwen3-8b-manim-grpo-ensemble,AOS-GRPO,
,,556,pxowg7x7,qwen3-8b-manim-grpo-ensemble,AOS-GRPO,
,,557,pxowg7x7,qwen3-8b-manim-grpo-ensemble,AOS-GRPO,
,,558,pxowg7x7,qwen3-8b-manim-grpo-ensemble,AOS-GRPO,
,,559,pxowg7x7,qwen3-8b-manim-grpo-ensemble,AOS-GRPO,
,,560,pxowg7x7,qwen3-8b-manim-grpo-ensemble,AOS-GRPO,
,,561,pxowg7x7,qwen3-8b-manim-grpo-ensemble,AOS-GRPO,
,,562,pxowg7x7,qwen3-8b-manim-grpo-ensemble,AOS-GRPO,
,,563,pxowg7x7,qwen3-8b-manim-grpo-ensemble,AOS-GRPO,
,,564,pxowg7x7,qwen3-8b-manim-grpo-ensemble,AOS-GRPO,
,,565,pxowg7x7,qwen3-8b-manim-grpo-ensemble,AOS-GRPO,
,,566,pxowg7x7,qwen3-8b-manim-grpo-ensemble,AOS-GRPO,
9.355555555555556e-05,0.0139,567,pxowg7x7,qwen3-8b-manim-grpo-ensemble,AOS-GRPO,
,,568,pxowg7x7,qwen3-8b-manim-grpo-ensemble,AOS-GRPO,
,,569,pxowg7x7,qwen3-8b-manim-grpo-ensemble,AOS-GRPO,
,,570,pxowg7x7,qwen3-8b-manim-grpo-ensemble,AOS-GRPO,
,,571,pxowg7x7,qwen3-8b-manim-grpo-ensemble,AOS-GRPO,
,,572,pxowg7x7,qwen3-8b-manim-grpo-ensemble,AOS-GRPO,
,,573,pxowg7x7,qwen3-8b-manim-grpo-ensemble,AOS-GRPO,
,,574,pxowg7x7,qwen3-8b-manim-grpo-ensemble,AOS-GRPO,
,,575,pxowg7x7,qwen3-8b-manim-grpo-ensemble,AOS-GRPO,
,,576,pxowg7x7,qwen3-8b-manim-grpo-ensemble,AOS-GRPO,
,,577,pxowg7x7,qwen3-8b-manim-grpo-ensemble,AOS-GRPO,
,,578,pxowg7x7,qwen3-8b-manim-grpo-ensemble,AOS-GRPO,
,,579,pxowg7x7,qwen3-8b-manim-grpo-ensemble,AOS-GRPO,
,,580,pxowg7x7,qwen3-8b-manim-grpo-ensemble,AOS-GRPO,
,,581,pxowg7x7,qwen3-8b-manim-grpo-ensemble,AOS-GRPO,
,,582,pxowg7x7,qwen3-8b-manim-grpo-ensemble,AOS-GRPO,
,,583,pxowg7x7,qwen3-8b-manim-grpo-ensemble,AOS-GRPO,
,,584,pxowg7x7,qwen3-8b-manim-grpo-ensemble,AOS-GRPO,
,,585,pxowg7x7,qwen3-8b-manim-grpo-ensemble,AOS-GRPO,
,,586,pxowg7x7,qwen3-8b-manim-grpo-ensemble,AOS-GRPO,
,,587,pxowg7x7,qwen3-8b-manim-grpo-ensemble,AOS-GRPO,
,,588,pxowg7x7,qwen3-8b-manim-grpo-ensemble,AOS-GRPO,
,,589,pxowg7x7,qwen3-8b-manim-grpo-ensemble,AOS-GRPO,
,,590,pxowg7x7,qwen3-8b-manim-grpo-ensemble,AOS-GRPO,
,,591,pxowg7x7,qwen3-8b-manim-grpo-ensemble,AOS-GRPO,
,,592,pxowg7x7,qwen3-8b-manim-grpo-ensemble,AOS-GRPO,
,,593,pxowg7x7,qwen3-8b-manim-grpo-ensemble,AOS-GRPO,
,,594,pxowg7x7,qwen3-8b-manim-grpo-ensemble,AOS-GRPO,
,,595,pxowg7x7,qwen3-8b-manim-grpo-ensemble,AOS-GRPO,
,,596,pxowg7x7,qwen3-8b-manim-grpo-ensemble,AOS-GRPO,
,,597,pxowg7x7,qwen3-8b-manim-grpo-ensemble,AOS-GRPO,
,,598,pxowg7x7,qwen3-8b-manim-grpo-ensemble,AOS-GRPO,
,,599,pxowg7x7,qwen3-8b-manim-grpo-ensemble,AOS-GRPO,
,,600,pxowg7x7,qwen3-8b-manim-grpo-ensemble,AOS-GRPO,
,,601,pxowg7x7,qwen3-8b-manim-grpo-ensemble,AOS-GRPO,
,,602,pxowg7x7,qwen3-8b-manim-grpo-ensemble,AOS-GRPO,
,,603,pxowg7x7,qwen3-8b-manim-grpo-ensemble,AOS-GRPO,
,,604,pxowg7x7,qwen3-8b-manim-grpo-ensemble,AOS-GRPO,
,,605,pxowg7x7,qwen3-8b-manim-grpo-ensemble,AOS-GRPO,
,,606,pxowg7x7,qwen3-8b-manim-grpo-ensemble,AOS-GRPO,
,,607,pxowg7x7,qwen3-8b-manim-grpo-ensemble,AOS-GRPO,
,,608,pxowg7x7,qwen3-8b-manim-grpo-ensemble,AOS-GRPO,
,,609,pxowg7x7,qwen3-8b-manim-grpo-ensemble,AOS-GRPO,
,,610,pxowg7x7,qwen3-8b-manim-grpo-ensemble,AOS-GRPO,
,,611,pxowg7x7,qwen3-8b-manim-grpo-ensemble,AOS-GRPO,
,,612,pxowg7x7,qwen3-8b-manim-grpo-ensemble,AOS-GRPO,
,,613,pxowg7x7,qwen3-8b-manim-grpo-ensemble,AOS-GRPO,
,,614,pxowg7x7,qwen3-8b-manim-grpo-ensemble,AOS-GRPO,
,,615,pxowg7x7,qwen3-8b-manim-grpo-ensemble,AOS-GRPO,
,,616,pxowg7x7,qwen3-8b-manim-grpo-ensemble,AOS-GRPO,
,,617,pxowg7x7,qwen3-8b-manim-grpo-ensemble,AOS-GRPO,
,,618,pxowg7x7,qwen3-8b-manim-grpo-ensemble,AOS-GRPO,
,,619,pxowg7x7,qwen3-8b-manim-grpo-ensemble,AOS-GRPO,
,,620,pxowg7x7,qwen3-8b-manim-grpo-ensemble,AOS-GRPO,
,,621,pxowg7x7,qwen3-8b-manim-grpo-ensemble,AOS-GRPO,
,,622,pxowg7x7,qwen3-8b-manim-grpo-ensemble,AOS-GRPO,
,,623,pxowg7x7,qwen3-8b-manim-grpo-ensemble,AOS-GRPO,
,,624,pxowg7x7,qwen3-8b-manim-grpo-ensemble,AOS-GRPO,
,,625,pxowg7x7,qwen3-8b-manim-grpo-ensemble,AOS-GRPO,
,,626,pxowg7x7,qwen3-8b-manim-grpo-ensemble,AOS-GRPO,
,,627,pxowg7x7,qwen3-8b-manim-grpo-ensemble,AOS-GRPO,
,,628,pxowg7x7,qwen3-8b-manim-grpo-ensemble,AOS-GRPO,
,,629,pxowg7x7,qwen3-8b-manim-grpo-ensemble,AOS-GRPO,
,,630,pxowg7x7,qwen3-8b-manim-grpo-ensemble,AOS-GRPO,
,,631,pxowg7x7,qwen3-8b-manim-grpo-ensemble,AOS-GRPO,
,,632,pxowg7x7,qwen3-8b-manim-grpo-ensemble,AOS-GRPO,
,,633,pxowg7x7,qwen3-8b-manim-grpo-ensemble,AOS-GRPO,
,,634,pxowg7x7,qwen3-8b-manim-grpo-ensemble,AOS-GRPO,
,,635,pxowg7x7,qwen3-8b-manim-grpo-ensemble,AOS-GRPO,
,,636,pxowg7x7,qwen3-8b-manim-grpo-ensemble,AOS-GRPO,
,,637,pxowg7x7,qwen3-8b-manim-grpo-ensemble,AOS-GRPO,
9.133333333333334e-05,0.0175,638,pxowg7x7,qwen3-8b-manim-grpo-ensemble,AOS-GRPO,
,,639,pxowg7x7,qwen3-8b-manim-grpo-ensemble,AOS-GRPO,
,,640,pxowg7x7,qwen3-8b-manim-grpo-ensemble,AOS-GRPO,
,,641,pxowg7x7,qwen3-8b-manim-grpo-ensemble,AOS-GRPO,
,,642,pxowg7x7,qwen3-8b-manim-grpo-ensemble,AOS-GRPO,
,,643,pxowg7x7,qwen3-8b-manim-grpo-ensemble,AOS-GRPO,
,,644,pxowg7x7,qwen3-8b-manim-grpo-ensemble,AOS-GRPO,
,,645,pxowg7x7,qwen3-8b-manim-grpo-ensemble,AOS-GRPO,
,,646,pxowg7x7,qwen3-8b-manim-grpo-ensemble,AOS-GRPO,
,,647,pxowg7x7,qwen3-8b-manim-grpo-ensemble,AOS-GRPO,
,,648,pxowg7x7,qwen3-8b-manim-grpo-ensemble,AOS-GRPO,
,,649,pxowg7x7,qwen3-8b-manim-grpo-ensemble,AOS-GRPO,
,,650,pxowg7x7,qwen3-8b-manim-grpo-ensemble,AOS-GRPO,
,,651,pxowg7x7,qwen3-8b-manim-grpo-ensemble,AOS-GRPO,
,,652,pxowg7x7,qwen3-8b-manim-grpo-ensemble,AOS-GRPO,
,,653,pxowg7x7,qwen3-8b-manim-grpo-ensemble,AOS-GRPO,
,,654,pxowg7x7,qwen3-8b-manim-grpo-ensemble,AOS-GRPO,
,,655,pxowg7x7,qwen3-8b-manim-grpo-ensemble,AOS-GRPO,
,,656,pxowg7x7,qwen3-8b-manim-grpo-ensemble,AOS-GRPO,
,,657,pxowg7x7,qwen3-8b-manim-grpo-ensemble,AOS-GRPO,
,,658,pxowg7x7,qwen3-8b-manim-grpo-ensemble,AOS-GRPO,
,,659,pxowg7x7,qwen3-8b-manim-grpo-ensemble,AOS-GRPO,
,,660,pxowg7x7,qwen3-8b-manim-grpo-ensemble,AOS-GRPO,
,,661,pxowg7x7,qwen3-8b-manim-grpo-ensemble,AOS-GRPO,
,,662,pxowg7x7,qwen3-8b-manim-grpo-ensemble,AOS-GRPO,
,,663,pxowg7x7,qwen3-8b-manim-grpo-ensemble,AOS-GRPO,
,,664,pxowg7x7,qwen3-8b-manim-grpo-ensemble,AOS-GRPO,
,,665,pxowg7x7,qwen3-8b-manim-grpo-ensemble,AOS-GRPO,
,,666,pxowg7x7,qwen3-8b-manim-grpo-ensemble,AOS-GRPO,
,,667,pxowg7x7,qwen3-8b-manim-grpo-ensemble,AOS-GRPO,
,,668,pxowg7x7,qwen3-8b-manim-grpo-ensemble,AOS-GRPO,
,,669,pxowg7x7,qwen3-8b-manim-grpo-ensemble,AOS-GRPO,
,,670,pxowg7x7,qwen3-8b-manim-grpo-ensemble,AOS-GRPO,
,,671,pxowg7x7,qwen3-8b-manim-grpo-ensemble,AOS-GRPO,
,,672,pxowg7x7,qwen3-8b-manim-grpo-ensemble,AOS-GRPO,
,,673,pxowg7x7,qwen3-8b-manim-grpo-ensemble,AOS-GRPO,
,,674,pxowg7x7,qwen3-8b-manim-grpo-ensemble,AOS-GRPO,
,,675,pxowg7x7,qwen3-8b-manim-grpo-ensemble,AOS-GRPO,
,,676,pxowg7x7,qwen3-8b-manim-grpo-ensemble,AOS-GRPO,
,,677,pxowg7x7,qwen3-8b-manim-grpo-ensemble,AOS-GRPO,
,,678,pxowg7x7,qwen3-8b-manim-grpo-ensemble,AOS-GRPO,
,,679,pxowg7x7,qwen3-8b-manim-grpo-ensemble,AOS-GRPO,
,,680,pxowg7x7,qwen3-8b-manim-grpo-ensemble,AOS-GRPO,
,,681,pxowg7x7,qwen3-8b-manim-grpo-ensemble,AOS-GRPO,
,,682,pxowg7x7,qwen3-8b-manim-grpo-ensemble,AOS-GRPO,
,,683,pxowg7x7,qwen3-8b-manim-grpo-ensemble,AOS-GRPO,
,,684,pxowg7x7,qwen3-8b-manim-grpo-ensemble,AOS-GRPO,
,,685,pxowg7x7,qwen3-8b-manim-grpo-ensemble,AOS-GRPO,
,,686,pxowg7x7,qwen3-8b-manim-grpo-ensemble,AOS-GRPO,
,,687,pxowg7x7,qwen3-8b-manim-grpo-ensemble,AOS-GRPO,
,,688,pxowg7x7,qwen3-8b-manim-grpo-ensemble,AOS-GRPO,
,,689,pxowg7x7,qwen3-8b-manim-grpo-ensemble,AOS-GRPO,
,,690,pxowg7x7,qwen3-8b-manim-grpo-ensemble,AOS-GRPO,
,,691,pxowg7x7,qwen3-8b-manim-grpo-ensemble,AOS-GRPO,
,,692,pxowg7x7,qwen3-8b-manim-grpo-ensemble,AOS-GRPO,
,,693,pxowg7x7,qwen3-8b-manim-grpo-ensemble,AOS-GRPO,
,,694,pxowg7x7,qwen3-8b-manim-grpo-ensemble,AOS-GRPO,
,,695,pxowg7x7,qwen3-8b-manim-grpo-ensemble,AOS-GRPO,
,,696,pxowg7x7,qwen3-8b-manim-grpo-ensemble,AOS-GRPO,
,,697,pxowg7x7,qwen3-8b-manim-grpo-ensemble,AOS-GRPO,
,,698,pxowg7x7,qwen3-8b-manim-grpo-ensemble,AOS-GRPO,
,,699,pxowg7x7,qwen3-8b-manim-grpo-ensemble,AOS-GRPO,
,,700,pxowg7x7,qwen3-8b-manim-grpo-ensemble,AOS-GRPO,
,,701,pxowg7x7,qwen3-8b-manim-grpo-ensemble,AOS-GRPO,
,,702,pxowg7x7,qwen3-8b-manim-grpo-ensemble,AOS-GRPO,
,,703,pxowg7x7,qwen3-8b-manim-grpo-ensemble,AOS-GRPO,
,,704,pxowg7x7,qwen3-8b-manim-grpo-ensemble,AOS-GRPO,
,,705,pxowg7x7,qwen3-8b-manim-grpo-ensemble,AOS-GRPO,
,,706,pxowg7x7,qwen3-8b-manim-grpo-ensemble,AOS-GRPO,
,,707,pxowg7x7,qwen3-8b-manim-grpo-ensemble,AOS-GRPO,
,,708,pxowg7x7,qwen3-8b-manim-grpo-ensemble,AOS-GRPO,
8.911111111111111e-05,0.0292,709,pxowg7x7,qwen3-8b-manim-grpo-ensemble,AOS-GRPO,
,,710,pxowg7x7,qwen3-8b-manim-grpo-ensemble,AOS-GRPO,
,,711,pxowg7x7,qwen3-8b-manim-grpo-ensemble,AOS-GRPO,
,,712,pxowg7x7,qwen3-8b-manim-grpo-ensemble,AOS-GRPO,
,,713,pxowg7x7,qwen3-8b-manim-grpo-ensemble,AOS-GRPO,
,,714,pxowg7x7,qwen3-8b-manim-grpo-ensemble,AOS-GRPO,
,,715,pxowg7x7,qwen3-8b-manim-grpo-ensemble,AOS-GRPO,
,,716,pxowg7x7,qwen3-8b-manim-grpo-ensemble,AOS-GRPO,
,,717,pxowg7x7,qwen3-8b-manim-grpo-ensemble,AOS-GRPO,
,,718,pxowg7x7,qwen3-8b-manim-grpo-ensemble,AOS-GRPO,
,,719,pxowg7x7,qwen3-8b-manim-grpo-ensemble,AOS-GRPO,
,,720,pxowg7x7,qwen3-8b-manim-grpo-ensemble,AOS-GRPO,
,,721,pxowg7x7,qwen3-8b-manim-grpo-ensemble,AOS-GRPO,
,,722,pxowg7x7,qwen3-8b-manim-grpo-ensemble,AOS-GRPO,
,,723,pxowg7x7,qwen3-8b-manim-grpo-ensemble,AOS-GRPO,
,,724,pxowg7x7,qwen3-8b-manim-grpo-ensemble,AOS-GRPO,
,,725,pxowg7x7,qwen3-8b-manim-grpo-ensemble,AOS-GRPO,
,,726,pxowg7x7,qwen3-8b-manim-grpo-ensemble,AOS-GRPO,
,,727,pxowg7x7,qwen3-8b-manim-grpo-ensemble,AOS-GRPO,
,,728,pxowg7x7,qwen3-8b-manim-grpo-ensemble,AOS-GRPO,
,,729,pxowg7x7,qwen3-8b-manim-grpo-ensemble,AOS-GRPO,
,,730,pxowg7x7,qwen3-8b-manim-grpo-ensemble,AOS-GRPO,
,,731,pxowg7x7,qwen3-8b-manim-grpo-ensemble,AOS-GRPO,
,,732,pxowg7x7,qwen3-8b-manim-grpo-ensemble,AOS-GRPO,
,,733,pxowg7x7,qwen3-8b-manim-grpo-ensemble,AOS-GRPO,
,,734,pxowg7x7,qwen3-8b-manim-grpo-ensemble,AOS-GRPO,
,,735,pxowg7x7,qwen3-8b-manim-grpo-ensemble,AOS-GRPO,
,,736,pxowg7x7,qwen3-8b-manim-grpo-ensemble,AOS-GRPO,
,,737,pxowg7x7,qwen3-8b-manim-grpo-ensemble,AOS-GRPO,
,,738,pxowg7x7,qwen3-8b-manim-grpo-ensemble,AOS-GRPO,
,,739,pxowg7x7,qwen3-8b-manim-grpo-ensemble,AOS-GRPO,
,,740,pxowg7x7,qwen3-8b-manim-grpo-ensemble,AOS-GRPO,
,,741,pxowg7x7,qwen3-8b-manim-grpo-ensemble,AOS-GRPO,
,,742,pxowg7x7,qwen3-8b-manim-grpo-ensemble,AOS-GRPO,
,,743,pxowg7x7,qwen3-8b-manim-grpo-ensemble,AOS-GRPO,
,,744,pxowg7x7,qwen3-8b-manim-grpo-ensemble,AOS-GRPO,
,,745,pxowg7x7,qwen3-8b-manim-grpo-ensemble,AOS-GRPO,
,,746,pxowg7x7,qwen3-8b-manim-grpo-ensemble,AOS-GRPO,
,,747,pxowg7x7,qwen3-8b-manim-grpo-ensemble,AOS-GRPO,
,,748,pxowg7x7,qwen3-8b-manim-grpo-ensemble,AOS-GRPO,
,,749,pxowg7x7,qwen3-8b-manim-grpo-ensemble,AOS-GRPO,
,,750,pxowg7x7,qwen3-8b-manim-grpo-ensemble,AOS-GRPO,
,,751,pxowg7x7,qwen3-8b-manim-grpo-ensemble,AOS-GRPO,
,,752,pxowg7x7,qwen3-8b-manim-grpo-ensemble,AOS-GRPO,
,,753,pxowg7x7,qwen3-8b-manim-grpo-ensemble,AOS-GRPO,
,,754,pxowg7x7,qwen3-8b-manim-grpo-ensemble,AOS-GRPO,
,,755,pxowg7x7,qwen3-8b-manim-grpo-ensemble,AOS-GRPO,
,,756,pxowg7x7,qwen3-8b-manim-grpo-ensemble,AOS-GRPO,
,,757,pxowg7x7,qwen3-8b-manim-grpo-ensemble,AOS-GRPO,
,,758,pxowg7x7,qwen3-8b-manim-grpo-ensemble,AOS-GRPO,
,,759,pxowg7x7,qwen3-8b-manim-grpo-ensemble,AOS-GRPO,
,,760,pxowg7x7,qwen3-8b-manim-grpo-ensemble,AOS-GRPO,
,,761,pxowg7x7,qwen3-8b-manim-grpo-ensemble,AOS-GRPO,
,,762,pxowg7x7,qwen3-8b-manim-grpo-ensemble,AOS-GRPO,
,,763,pxowg7x7,qwen3-8b-manim-grpo-ensemble,AOS-GRPO,
,,764,pxowg7x7,qwen3-8b-manim-grpo-ensemble,AOS-GRPO,
,,765,pxowg7x7,qwen3-8b-manim-grpo-ensemble,AOS-GRPO,
,,766,pxowg7x7,qwen3-8b-manim-grpo-ensemble,AOS-GRPO,
,,767,pxowg7x7,qwen3-8b-manim-grpo-ensemble,AOS-GRPO,
,,768,pxowg7x7,qwen3-8b-manim-grpo-ensemble,AOS-GRPO,
,,769,pxowg7x7,qwen3-8b-manim-grpo-ensemble,AOS-GRPO,
,,770,pxowg7x7,qwen3-8b-manim-grpo-ensemble,AOS-GRPO,
,,771,pxowg7x7,qwen3-8b-manim-grpo-ensemble,AOS-GRPO,
,,772,pxowg7x7,qwen3-8b-manim-grpo-ensemble,AOS-GRPO,
,,773,pxowg7x7,qwen3-8b-manim-grpo-ensemble,AOS-GRPO,
,,774,pxowg7x7,qwen3-8b-manim-grpo-ensemble,AOS-GRPO,
,,775,pxowg7x7,qwen3-8b-manim-grpo-ensemble,AOS-GRPO,
,,776,pxowg7x7,qwen3-8b-manim-grpo-ensemble,AOS-GRPO,
,,777,pxowg7x7,qwen3-8b-manim-grpo-ensemble,AOS-GRPO,
,,778,pxowg7x7,qwen3-8b-manim-grpo-ensemble,AOS-GRPO,
,,779,pxowg7x7,qwen3-8b-manim-grpo-ensemble,AOS-GRPO,
8.68888888888889e-05,-0.0383,780,pxowg7x7,qwen3-8b-manim-grpo-ensemble,AOS-GRPO,
,,781,pxowg7x7,qwen3-8b-manim-grpo-ensemble,AOS-GRPO,
,,782,pxowg7x7,qwen3-8b-manim-grpo-ensemble,AOS-GRPO,
,,783,pxowg7x7,qwen3-8b-manim-grpo-ensemble,AOS-GRPO,
,,784,pxowg7x7,qwen3-8b-manim-grpo-ensemble,AOS-GRPO,
,,785,pxowg7x7,qwen3-8b-manim-grpo-ensemble,AOS-GRPO,
,,786,pxowg7x7,qwen3-8b-manim-grpo-ensemble,AOS-GRPO,
,,787,pxowg7x7,qwen3-8b-manim-grpo-ensemble,AOS-GRPO,
,,788,pxowg7x7,qwen3-8b-manim-grpo-ensemble,AOS-GRPO,
,,789,pxowg7x7,qwen3-8b-manim-grpo-ensemble,AOS-GRPO,
,,790,pxowg7x7,qwen3-8b-manim-grpo-ensemble,AOS-GRPO,
,,791,pxowg7x7,qwen3-8b-manim-grpo-ensemble,AOS-GRPO,
,,792,pxowg7x7,qwen3-8b-manim-grpo-ensemble,AOS-GRPO,
,,793,pxowg7x7,qwen3-8b-manim-grpo-ensemble,AOS-GRPO,
,,794,pxowg7x7,qwen3-8b-manim-grpo-ensemble,AOS-GRPO,
,,795,pxowg7x7,qwen3-8b-manim-grpo-ensemble,AOS-GRPO,
,,796,pxowg7x7,qwen3-8b-manim-grpo-ensemble,AOS-GRPO,
,,797,pxowg7x7,qwen3-8b-manim-grpo-ensemble,AOS-GRPO,
,,798,pxowg7x7,qwen3-8b-manim-grpo-ensemble,AOS-GRPO,
,,799,pxowg7x7,qwen3-8b-manim-grpo-ensemble,AOS-GRPO,
,,800,pxowg7x7,qwen3-8b-manim-grpo-ensemble,AOS-GRPO,
,,801,pxowg7x7,qwen3-8b-manim-grpo-ensemble,AOS-GRPO,
,,802,pxowg7x7,qwen3-8b-manim-grpo-ensemble,AOS-GRPO,
,,803,pxowg7x7,qwen3-8b-manim-grpo-ensemble,AOS-GRPO,
,,804,pxowg7x7,qwen3-8b-manim-grpo-ensemble,AOS-GRPO,
,,805,pxowg7x7,qwen3-8b-manim-grpo-ensemble,AOS-GRPO,
,,806,pxowg7x7,qwen3-8b-manim-grpo-ensemble,AOS-GRPO,
,,807,pxowg7x7,qwen3-8b-manim-grpo-ensemble,AOS-GRPO,
,,808,pxowg7x7,qwen3-8b-manim-grpo-ensemble,AOS-GRPO,
,,809,pxowg7x7,qwen3-8b-manim-grpo-ensemble,AOS-GRPO,
,,810,pxowg7x7,qwen3-8b-manim-grpo-ensemble,AOS-GRPO,
,,811,pxowg7x7,qwen3-8b-manim-grpo-ensemble,AOS-GRPO,
,,812,pxowg7x7,qwen3-8b-manim-grpo-ensemble,AOS-GRPO,
,,813,pxowg7x7,qwen3-8b-manim-grpo-ensemble,AOS-GRPO,
,,814,pxowg7x7,qwen3-8b-manim-grpo-ensemble,AOS-GRPO,
,,815,pxowg7x7,qwen3-8b-manim-grpo-ensemble,AOS-GRPO,
,,816,pxowg7x7,qwen3-8b-manim-grpo-ensemble,AOS-GRPO,
,,817,pxowg7x7,qwen3-8b-manim-grpo-ensemble,AOS-GRPO,
,,818,pxowg7x7,qwen3-8b-manim-grpo-ensemble,AOS-GRPO,
,,819,pxowg7x7,qwen3-8b-manim-grpo-ensemble,AOS-GRPO,
,,820,pxowg7x7,qwen3-8b-manim-grpo-ensemble,AOS-GRPO,
,,821,pxowg7x7,qwen3-8b-manim-grpo-ensemble,AOS-GRPO,
,,822,pxowg7x7,qwen3-8b-manim-grpo-ensemble,AOS-GRPO,
,,823,pxowg7x7,qwen3-8b-manim-grpo-ensemble,AOS-GRPO,
,,824,pxowg7x7,qwen3-8b-manim-grpo-ensemble,AOS-GRPO,
,,825,pxowg7x7,qwen3-8b-manim-grpo-ensemble,AOS-GRPO,
,,826,pxowg7x7,qwen3-8b-manim-grpo-ensemble,AOS-GRPO,
,,827,pxowg7x7,qwen3-8b-manim-grpo-ensemble,AOS-GRPO,
,,828,pxowg7x7,qwen3-8b-manim-grpo-ensemble,AOS-GRPO,
,,829,pxowg7x7,qwen3-8b-manim-grpo-ensemble,AOS-GRPO,
,,830,pxowg7x7,qwen3-8b-manim-grpo-ensemble,AOS-GRPO,
,,831,pxowg7x7,qwen3-8b-manim-grpo-ensemble,AOS-GRPO,
,,832,pxowg7x7,qwen3-8b-manim-grpo-ensemble,AOS-GRPO,
,,833,pxowg7x7,qwen3-8b-manim-grpo-ensemble,AOS-GRPO,
,,834,pxowg7x7,qwen3-8b-manim-grpo-ensemble,AOS-GRPO,
,,835,pxowg7x7,qwen3-8b-manim-grpo-ensemble,AOS-GRPO,
,,836,pxowg7x7,qwen3-8b-manim-grpo-ensemble,AOS-GRPO,
,,837,pxowg7x7,qwen3-8b-manim-grpo-ensemble,AOS-GRPO,
,,838,pxowg7x7,qwen3-8b-manim-grpo-ensemble,AOS-GRPO,
,,839,pxowg7x7,qwen3-8b-manim-grpo-ensemble,AOS-GRPO,
,,840,pxowg7x7,qwen3-8b-manim-grpo-ensemble,AOS-GRPO,
,,841,pxowg7x7,qwen3-8b-manim-grpo-ensemble,AOS-GRPO,
,,842,pxowg7x7,qwen3-8b-manim-grpo-ensemble,AOS-GRPO,
,,843,pxowg7x7,qwen3-8b-manim-grpo-ensemble,AOS-GRPO,
,,844,pxowg7x7,qwen3-8b-manim-grpo-ensemble,AOS-GRPO,
,,845,pxowg7x7,qwen3-8b-manim-grpo-ensemble,AOS-GRPO,
,,846,pxowg7x7,qwen3-8b-manim-grpo-ensemble,AOS-GRPO,
,,847,pxowg7x7,qwen3-8b-manim-grpo-ensemble,AOS-GRPO,
,,848,pxowg7x7,qwen3-8b-manim-grpo-ensemble,AOS-GRPO,
,,849,pxowg7x7,qwen3-8b-manim-grpo-ensemble,AOS-GRPO,
,,850,pxowg7x7,qwen3-8b-manim-grpo-ensemble,AOS-GRPO,
8.466666666666667e-05,-0.055,851,pxowg7x7,qwen3-8b-manim-grpo-ensemble,AOS-GRPO,
,,852,pxowg7x7,qwen3-8b-manim-grpo-ensemble,AOS-GRPO,
,,853,pxowg7x7,qwen3-8b-manim-grpo-ensemble,AOS-GRPO,
,,854,pxowg7x7,qwen3-8b-manim-grpo-ensemble,AOS-GRPO,
,,855,pxowg7x7,qwen3-8b-manim-grpo-ensemble,AOS-GRPO,
,,856,pxowg7x7,qwen3-8b-manim-grpo-ensemble,AOS-GRPO,
,,857,pxowg7x7,qwen3-8b-manim-grpo-ensemble,AOS-GRPO,
,,858,pxowg7x7,qwen3-8b-manim-grpo-ensemble,AOS-GRPO,
,,859,pxowg7x7,qwen3-8b-manim-grpo-ensemble,AOS-GRPO,
,,860,pxowg7x7,qwen3-8b-manim-grpo-ensemble,AOS-GRPO,
,,861,pxowg7x7,qwen3-8b-manim-grpo-ensemble,AOS-GRPO,
,,862,pxowg7x7,qwen3-8b-manim-grpo-ensemble,AOS-GRPO,
,,863,pxowg7x7,qwen3-8b-manim-grpo-ensemble,AOS-GRPO,
,,864,pxowg7x7,qwen3-8b-manim-grpo-ensemble,AOS-GRPO,
,,865,pxowg7x7,qwen3-8b-manim-grpo-ensemble,AOS-GRPO,
,,866,pxowg7x7,qwen3-8b-manim-grpo-ensemble,AOS-GRPO,
,,867,pxowg7x7,qwen3-8b-manim-grpo-ensemble,AOS-GRPO,
,,868,pxowg7x7,qwen3-8b-manim-grpo-ensemble,AOS-GRPO,
,,869,pxowg7x7,qwen3-8b-manim-grpo-ensemble,AOS-GRPO,
,,870,pxowg7x7,qwen3-8b-manim-grpo-ensemble,AOS-GRPO,
,,871,pxowg7x7,qwen3-8b-manim-grpo-ensemble,AOS-GRPO,
,,872,pxowg7x7,qwen3-8b-manim-grpo-ensemble,AOS-GRPO,
,,873,pxowg7x7,qwen3-8b-manim-grpo-ensemble,AOS-GRPO,
,,874,pxowg7x7,qwen3-8b-manim-grpo-ensemble,AOS-GRPO,
,,875,pxowg7x7,qwen3-8b-manim-grpo-ensemble,AOS-GRPO,
,,876,pxowg7x7,qwen3-8b-manim-grpo-ensemble,AOS-GRPO,
,,877,pxowg7x7,qwen3-8b-manim-grpo-ensemble,AOS-GRPO,
,,878,pxowg7x7,qwen3-8b-manim-grpo-ensemble,AOS-GRPO,
,,879,pxowg7x7,qwen3-8b-manim-grpo-ensemble,AOS-GRPO,
,,880,pxowg7x7,qwen3-8b-manim-grpo-ensemble,AOS-GRPO,
,,881,pxowg7x7,qwen3-8b-manim-grpo-ensemble,AOS-GRPO,
,,882,pxowg7x7,qwen3-8b-manim-grpo-ensemble,AOS-GRPO,
,,883,pxowg7x7,qwen3-8b-manim-grpo-ensemble,AOS-GRPO,
,,884,pxowg7x7,qwen3-8b-manim-grpo-ensemble,AOS-GRPO,
,,885,pxowg7x7,qwen3-8b-manim-grpo-ensemble,AOS-GRPO,
,,886,pxowg7x7,qwen3-8b-manim-grpo-ensemble,AOS-GRPO,
,,887,pxowg7x7,qwen3-8b-manim-grpo-ensemble,AOS-GRPO,
,,888,pxowg7x7,qwen3-8b-manim-grpo-ensemble,AOS-GRPO,
,,889,pxowg7x7,qwen3-8b-manim-grpo-ensemble,AOS-GRPO,
,,890,pxowg7x7,qwen3-8b-manim-grpo-ensemble,AOS-GRPO,
,,891,pxowg7x7,qwen3-8b-manim-grpo-ensemble,AOS-GRPO,
,,892,pxowg7x7,qwen3-8b-manim-grpo-ensemble,AOS-GRPO,
,,893,pxowg7x7,qwen3-8b-manim-grpo-ensemble,AOS-GRPO,
,,894,pxowg7x7,qwen3-8b-manim-grpo-ensemble,AOS-GRPO,
,,895,pxowg7x7,qwen3-8b-manim-grpo-ensemble,AOS-GRPO,
,,896,pxowg7x7,qwen3-8b-manim-grpo-ensemble,AOS-GRPO,
,,897,pxowg7x7,qwen3-8b-manim-grpo-ensemble,AOS-GRPO,
,,898,pxowg7x7,qwen3-8b-manim-grpo-ensemble,AOS-GRPO,
,,899,pxowg7x7,qwen3-8b-manim-grpo-ensemble,AOS-GRPO,
,,900,pxowg7x7,qwen3-8b-manim-grpo-ensemble,AOS-GRPO,
,,901,pxowg7x7,qwen3-8b-manim-grpo-ensemble,AOS-GRPO,
,,902,pxowg7x7,qwen3-8b-manim-grpo-ensemble,AOS-GRPO,
,,903,pxowg7x7,qwen3-8b-manim-grpo-ensemble,AOS-GRPO,
,,904,pxowg7x7,qwen3-8b-manim-grpo-ensemble,AOS-GRPO,
,,905,pxowg7x7,qwen3-8b-manim-grpo-ensemble,AOS-GRPO,
,,906,pxowg7x7,qwen3-8b-manim-grpo-ensemble,AOS-GRPO,
,,907,pxowg7x7,qwen3-8b-manim-grpo-ensemble,AOS-GRPO,
,,908,pxowg7x7,qwen3-8b-manim-grpo-ensemble,AOS-GRPO,
,,909,pxowg7x7,qwen3-8b-manim-grpo-ensemble,AOS-GRPO,
,,910,pxowg7x7,qwen3-8b-manim-grpo-ensemble,AOS-GRPO,
,,911,pxowg7x7,qwen3-8b-manim-grpo-ensemble,AOS-GRPO,
,,912,pxowg7x7,qwen3-8b-manim-grpo-ensemble,AOS-GRPO,
,,913,pxowg7x7,qwen3-8b-manim-grpo-ensemble,AOS-GRPO,
,,914,pxowg7x7,qwen3-8b-manim-grpo-ensemble,AOS-GRPO,
,,915,pxowg7x7,qwen3-8b-manim-grpo-ensemble,AOS-GRPO,
,,916,pxowg7x7,qwen3-8b-manim-grpo-ensemble,AOS-GRPO,
,,917,pxowg7x7,qwen3-8b-manim-grpo-ensemble,AOS-GRPO,
,,918,pxowg7x7,qwen3-8b-manim-grpo-ensemble,AOS-GRPO,
,,919,pxowg7x7,qwen3-8b-manim-grpo-ensemble,AOS-GRPO,
,,920,pxowg7x7,qwen3-8b-manim-grpo-ensemble,AOS-GRPO,
,,921,pxowg7x7,qwen3-8b-manim-grpo-ensemble,AOS-GRPO,
8.244444444444445e-05,-0.0359,922,pxowg7x7,qwen3-8b-manim-grpo-ensemble,AOS-GRPO,
,,923,pxowg7x7,qwen3-8b-manim-grpo-ensemble,AOS-GRPO,
,,924,pxowg7x7,qwen3-8b-manim-grpo-ensemble,AOS-GRPO,
,,925,pxowg7x7,qwen3-8b-manim-grpo-ensemble,AOS-GRPO,
,,926,pxowg7x7,qwen3-8b-manim-grpo-ensemble,AOS-GRPO,
,,927,pxowg7x7,qwen3-8b-manim-grpo-ensemble,AOS-GRPO,
,,928,pxowg7x7,qwen3-8b-manim-grpo-ensemble,AOS-GRPO,
,,929,pxowg7x7,qwen3-8b-manim-grpo-ensemble,AOS-GRPO,
,,930,pxowg7x7,qwen3-8b-manim-grpo-ensemble,AOS-GRPO,
,,931,pxowg7x7,qwen3-8b-manim-grpo-ensemble,AOS-GRPO,
,,932,pxowg7x7,qwen3-8b-manim-grpo-ensemble,AOS-GRPO,
,,933,pxowg7x7,qwen3-8b-manim-grpo-ensemble,AOS-GRPO,
,,934,pxowg7x7,qwen3-8b-manim-grpo-ensemble,AOS-GRPO,
,,935,pxowg7x7,qwen3-8b-manim-grpo-ensemble,AOS-GRPO,
,,936,pxowg7x7,qwen3-8b-manim-grpo-ensemble,AOS-GRPO,
,,937,pxowg7x7,qwen3-8b-manim-grpo-ensemble,AOS-GRPO,
,,938,pxowg7x7,qwen3-8b-manim-grpo-ensemble,AOS-GRPO,
,,939,pxowg7x7,qwen3-8b-manim-grpo-ensemble,AOS-GRPO,
,,940,pxowg7x7,qwen3-8b-manim-grpo-ensemble,AOS-GRPO,
,,941,pxowg7x7,qwen3-8b-manim-grpo-ensemble,AOS-GRPO,
,,942,pxowg7x7,qwen3-8b-manim-grpo-ensemble,AOS-GRPO,
,,943,pxowg7x7,qwen3-8b-manim-grpo-ensemble,AOS-GRPO,
,,944,pxowg7x7,qwen3-8b-manim-grpo-ensemble,AOS-GRPO,
,,945,pxowg7x7,qwen3-8b-manim-grpo-ensemble,AOS-GRPO,
,,946,pxowg7x7,qwen3-8b-manim-grpo-ensemble,AOS-GRPO,
,,947,pxowg7x7,qwen3-8b-manim-grpo-ensemble,AOS-GRPO,
,,948,pxowg7x7,qwen3-8b-manim-grpo-ensemble,AOS-GRPO,
,,949,pxowg7x7,qwen3-8b-manim-grpo-ensemble,AOS-GRPO,
,,950,pxowg7x7,qwen3-8b-manim-grpo-ensemble,AOS-GRPO,
,,951,pxowg7x7,qwen3-8b-manim-grpo-ensemble,AOS-GRPO,
,,952,pxowg7x7,qwen3-8b-manim-grpo-ensemble,AOS-GRPO,
,,953,pxowg7x7,qwen3-8b-manim-grpo-ensemble,AOS-GRPO,
,,954,pxowg7x7,qwen3-8b-manim-grpo-ensemble,AOS-GRPO,
,,955,pxowg7x7,qwen3-8b-manim-grpo-ensemble,AOS-GRPO,
,,956,pxowg7x7,qwen3-8b-manim-grpo-ensemble,AOS-GRPO,
,,957,pxowg7x7,qwen3-8b-manim-grpo-ensemble,AOS-GRPO,
,,958,pxowg7x7,qwen3-8b-manim-grpo-ensemble,AOS-GRPO,
,,959,pxowg7x7,qwen3-8b-manim-grpo-ensemble,AOS-GRPO,
,,960,pxowg7x7,qwen3-8b-manim-grpo-ensemble,AOS-GRPO,
,,961,pxowg7x7,qwen3-8b-manim-grpo-ensemble,AOS-GRPO,
,,962,pxowg7x7,qwen3-8b-manim-grpo-ensemble,AOS-GRPO,
,,963,pxowg7x7,qwen3-8b-manim-grpo-ensemble,AOS-GRPO,
,,964,pxowg7x7,qwen3-8b-manim-grpo-ensemble,AOS-GRPO,
,,965,pxowg7x7,qwen3-8b-manim-grpo-ensemble,AOS-GRPO,
,,966,pxowg7x7,qwen3-8b-manim-grpo-ensemble,AOS-GRPO,
,,967,pxowg7x7,qwen3-8b-manim-grpo-ensemble,AOS-GRPO,
,,968,pxowg7x7,qwen3-8b-manim-grpo-ensemble,AOS-GRPO,
,,969,pxowg7x7,qwen3-8b-manim-grpo-ensemble,AOS-GRPO,
,,970,pxowg7x7,qwen3-8b-manim-grpo-ensemble,AOS-GRPO,
,,971,pxowg7x7,qwen3-8b-manim-grpo-ensemble,AOS-GRPO,
,,972,pxowg7x7,qwen3-8b-manim-grpo-ensemble,AOS-GRPO,
,,973,pxowg7x7,qwen3-8b-manim-grpo-ensemble,AOS-GRPO,
,,974,pxowg7x7,qwen3-8b-manim-grpo-ensemble,AOS-GRPO,
,,975,pxowg7x7,qwen3-8b-manim-grpo-ensemble,AOS-GRPO,
,,976,pxowg7x7,qwen3-8b-manim-grpo-ensemble,AOS-GRPO,
,,977,pxowg7x7,qwen3-8b-manim-grpo-ensemble,AOS-GRPO,
,,978,pxowg7x7,qwen3-8b-manim-grpo-ensemble,AOS-GRPO,
,,979,pxowg7x7,qwen3-8b-manim-grpo-ensemble,AOS-GRPO,
,,980,pxowg7x7,qwen3-8b-manim-grpo-ensemble,AOS-GRPO,
,,981,pxowg7x7,qwen3-8b-manim-grpo-ensemble,AOS-GRPO,
,,982,pxowg7x7,qwen3-8b-manim-grpo-ensemble,AOS-GRPO,
,,983,pxowg7x7,qwen3-8b-manim-grpo-ensemble,AOS-GRPO,
,,984,pxowg7x7,qwen3-8b-manim-grpo-ensemble,AOS-GRPO,
,,985,pxowg7x7,qwen3-8b-manim-grpo-ensemble,AOS-GRPO,
,,986,pxowg7x7,qwen3-8b-manim-grpo-ensemble,AOS-GRPO,
,,987,pxowg7x7,qwen3-8b-manim-grpo-ensemble,AOS-GRPO,
,,988,pxowg7x7,qwen3-8b-manim-grpo-ensemble,AOS-GRPO,
,,989,pxowg7x7,qwen3-8b-manim-grpo-ensemble,AOS-GRPO,
,,990,pxowg7x7,qwen3-8b-manim-grpo-ensemble,AOS-GRPO,
,,991,pxowg7x7,qwen3-8b-manim-grpo-ensemble,AOS-GRPO,
,,992,pxowg7x7,qwen3-8b-manim-grpo-ensemble,AOS-GRPO,
8.022222222222222e-05,0.0703,993,pxowg7x7,qwen3-8b-manim-grpo-ensemble,AOS-GRPO,
,,994,pxowg7x7,qwen3-8b-manim-grpo-ensemble,AOS-GRPO,
,,995,pxowg7x7,qwen3-8b-manim-grpo-ensemble,AOS-GRPO,
,,996,pxowg7x7,qwen3-8b-manim-grpo-ensemble,AOS-GRPO,
,,997,pxowg7x7,qwen3-8b-manim-grpo-ensemble,AOS-GRPO,
,,998,pxowg7x7,qwen3-8b-manim-grpo-ensemble,AOS-GRPO,
,,999,pxowg7x7,qwen3-8b-manim-grpo-ensemble,AOS-GRPO,
,,1000,pxowg7x7,qwen3-8b-manim-grpo-ensemble,AOS-GRPO,
,,1001,pxowg7x7,qwen3-8b-manim-grpo-ensemble,AOS-GRPO,
,,1002,pxowg7x7,qwen3-8b-manim-grpo-ensemble,AOS-GRPO,
,,1003,pxowg7x7,qwen3-8b-manim-grpo-ensemble,AOS-GRPO,
,,1004,pxowg7x7,qwen3-8b-manim-grpo-ensemble,AOS-GRPO,
,,1005,pxowg7x7,qwen3-8b-manim-grpo-ensemble,AOS-GRPO,
,,1006,pxowg7x7,qwen3-8b-manim-grpo-ensemble,AOS-GRPO,
,,1007,pxowg7x7,qwen3-8b-manim-grpo-ensemble,AOS-GRPO,
,,1008,pxowg7x7,qwen3-8b-manim-grpo-ensemble,AOS-GRPO,
,,1009,pxowg7x7,qwen3-8b-manim-grpo-ensemble,AOS-GRPO,
,,1010,pxowg7x7,qwen3-8b-manim-grpo-ensemble,AOS-GRPO,
,,1011,pxowg7x7,qwen3-8b-manim-grpo-ensemble,AOS-GRPO,
,,1012,pxowg7x7,qwen3-8b-manim-grpo-ensemble,AOS-GRPO,
,,1013,pxowg7x7,qwen3-8b-manim-grpo-ensemble,AOS-GRPO,
,,1014,pxowg7x7,qwen3-8b-manim-grpo-ensemble,AOS-GRPO,
,,1015,pxowg7x7,qwen3-8b-manim-grpo-ensemble,AOS-GRPO,
,,1016,pxowg7x7,qwen3-8b-manim-grpo-ensemble,AOS-GRPO,
,,1017,pxowg7x7,qwen3-8b-manim-grpo-ensemble,AOS-GRPO,
,,1018,pxowg7x7,qwen3-8b-manim-grpo-ensemble,AOS-GRPO,
,,1019,pxowg7x7,qwen3-8b-manim-grpo-ensemble,AOS-GRPO,
,,1020,pxowg7x7,qwen3-8b-manim-grpo-ensemble,AOS-GRPO,
,,1021,pxowg7x7,qwen3-8b-manim-grpo-ensemble,AOS-GRPO,
,,1022,pxowg7x7,qwen3-8b-manim-grpo-ensemble,AOS-GRPO,
,,1023,pxowg7x7,qwen3-8b-manim-grpo-ensemble,AOS-GRPO,
,,1024,pxowg7x7,qwen3-8b-manim-grpo-ensemble,AOS-GRPO,
,,1025,pxowg7x7,qwen3-8b-manim-grpo-ensemble,AOS-GRPO,
,,1026,pxowg7x7,qwen3-8b-manim-grpo-ensemble,AOS-GRPO,
,,1027,pxowg7x7,qwen3-8b-manim-grpo-ensemble,AOS-GRPO,
,,1028,pxowg7x7,qwen3-8b-manim-grpo-ensemble,AOS-GRPO,
,,1029,pxowg7x7,qwen3-8b-manim-grpo-ensemble,AOS-GRPO,
,,1030,pxowg7x7,qwen3-8b-manim-grpo-ensemble,AOS-GRPO,
,,1031,pxowg7x7,qwen3-8b-manim-grpo-ensemble,AOS-GRPO,
,,1032,pxowg7x7,qwen3-8b-manim-grpo-ensemble,AOS-GRPO,
,,1033,pxowg7x7,qwen3-8b-manim-grpo-ensemble,AOS-GRPO,
,,1034,pxowg7x7,qwen3-8b-manim-grpo-ensemble,AOS-GRPO,
,,1035,pxowg7x7,qwen3-8b-manim-grpo-ensemble,AOS-GRPO,
,,1036,pxowg7x7,qwen3-8b-manim-grpo-ensemble,AOS-GRPO,
,,1037,pxowg7x7,qwen3-8b-manim-grpo-ensemble,AOS-GRPO,
,,1038,pxowg7x7,qwen3-8b-manim-grpo-ensemble,AOS-GRPO,
,,1039,pxowg7x7,qwen3-8b-manim-grpo-ensemble,AOS-GRPO,
,,1040,pxowg7x7,qwen3-8b-manim-grpo-ensemble,AOS-GRPO,
,,1041,pxowg7x7,qwen3-8b-manim-grpo-ensemble,AOS-GRPO,
,,1042,pxowg7x7,qwen3-8b-manim-grpo-ensemble,AOS-GRPO,
,,1043,pxowg7x7,qwen3-8b-manim-grpo-ensemble,AOS-GRPO,
,,1044,pxowg7x7,qwen3-8b-manim-grpo-ensemble,AOS-GRPO,
,,1045,pxowg7x7,qwen3-8b-manim-grpo-ensemble,AOS-GRPO,
,,1046,pxowg7x7,qwen3-8b-manim-grpo-ensemble,AOS-GRPO,
,,1047,pxowg7x7,qwen3-8b-manim-grpo-ensemble,AOS-GRPO,
,,1048,pxowg7x7,qwen3-8b-manim-grpo-ensemble,AOS-GRPO,
,,1049,pxowg7x7,qwen3-8b-manim-grpo-ensemble,AOS-GRPO,
,,1050,pxowg7x7,qwen3-8b-manim-grpo-ensemble,AOS-GRPO,
,,1051,pxowg7x7,qwen3-8b-manim-grpo-ensemble,AOS-GRPO,
,,1052,pxowg7x7,qwen3-8b-manim-grpo-ensemble,AOS-GRPO,
,,1053,pxowg7x7,qwen3-8b-manim-grpo-ensemble,AOS-GRPO,
,,1054,pxowg7x7,qwen3-8b-manim-grpo-ensemble,AOS-GRPO,
,,1055,pxowg7x7,qwen3-8b-manim-grpo-ensemble,AOS-GRPO,
,,1056,pxowg7x7,qwen3-8b-manim-grpo-ensemble,AOS-GRPO,
,,1057,pxowg7x7,qwen3-8b-manim-grpo-ensemble,AOS-GRPO,
,,1058,pxowg7x7,qwen3-8b-manim-grpo-ensemble,AOS-GRPO,
,,1059,pxowg7x7,qwen3-8b-manim-grpo-ensemble,AOS-GRPO,
,,1060,pxowg7x7,qwen3-8b-manim-grpo-ensemble,AOS-GRPO,
,,1061,pxowg7x7,qwen3-8b-manim-grpo-ensemble,AOS-GRPO,
,,1062,pxowg7x7,qwen3-8b-manim-grpo-ensemble,AOS-GRPO,
,,1063,pxowg7x7,qwen3-8b-manim-grpo-ensemble,AOS-GRPO,
7.800000000000001e-05,0.0259,1064,pxowg7x7,qwen3-8b-manim-grpo-ensemble,AOS-GRPO,
,,1065,pxowg7x7,qwen3-8b-manim-grpo-ensemble,AOS-GRPO,
,,1066,pxowg7x7,qwen3-8b-manim-grpo-ensemble,AOS-GRPO,
,,1067,pxowg7x7,qwen3-8b-manim-grpo-ensemble,AOS-GRPO,
,,1068,pxowg7x7,qwen3-8b-manim-grpo-ensemble,AOS-GRPO,
,,1069,pxowg7x7,qwen3-8b-manim-grpo-ensemble,AOS-GRPO,
,,1070,pxowg7x7,qwen3-8b-manim-grpo-ensemble,AOS-GRPO,
,,1071,pxowg7x7,qwen3-8b-manim-grpo-ensemble,AOS-GRPO,
,,1072,pxowg7x7,qwen3-8b-manim-grpo-ensemble,AOS-GRPO,
,,1073,pxowg7x7,qwen3-8b-manim-grpo-ensemble,AOS-GRPO,
,,1074,pxowg7x7,qwen3-8b-manim-grpo-ensemble,AOS-GRPO,
,,1075,pxowg7x7,qwen3-8b-manim-grpo-ensemble,AOS-GRPO,
,,1076,pxowg7x7,qwen3-8b-manim-grpo-ensemble,AOS-GRPO,
,,1077,pxowg7x7,qwen3-8b-manim-grpo-ensemble,AOS-GRPO,
,,1078,pxowg7x7,qwen3-8b-manim-grpo-ensemble,AOS-GRPO,
,,1079,pxowg7x7,qwen3-8b-manim-grpo-ensemble,AOS-GRPO,
,,1080,pxowg7x7,qwen3-8b-manim-grpo-ensemble,AOS-GRPO,
,,1081,pxowg7x7,qwen3-8b-manim-grpo-ensemble,AOS-GRPO,
,,1082,pxowg7x7,qwen3-8b-manim-grpo-ensemble,AOS-GRPO,
,,1083,pxowg7x7,qwen3-8b-manim-grpo-ensemble,AOS-GRPO,
,,1084,pxowg7x7,qwen3-8b-manim-grpo-ensemble,AOS-GRPO,
,,1085,pxowg7x7,qwen3-8b-manim-grpo-ensemble,AOS-GRPO,
,,1086,pxowg7x7,qwen3-8b-manim-grpo-ensemble,AOS-GRPO,
,,1087,pxowg7x7,qwen3-8b-manim-grpo-ensemble,AOS-GRPO,
,,1088,pxowg7x7,qwen3-8b-manim-grpo-ensemble,AOS-GRPO,
,,1089,pxowg7x7,qwen3-8b-manim-grpo-ensemble,AOS-GRPO,
,,1090,pxowg7x7,qwen3-8b-manim-grpo-ensemble,AOS-GRPO,
,,1091,pxowg7x7,qwen3-8b-manim-grpo-ensemble,AOS-GRPO,
,,1092,pxowg7x7,qwen3-8b-manim-grpo-ensemble,AOS-GRPO,
,,1093,pxowg7x7,qwen3-8b-manim-grpo-ensemble,AOS-GRPO,
,,1094,pxowg7x7,qwen3-8b-manim-grpo-ensemble,AOS-GRPO,
,,1095,pxowg7x7,qwen3-8b-manim-grpo-ensemble,AOS-GRPO,
,,1096,pxowg7x7,qwen3-8b-manim-grpo-ensemble,AOS-GRPO,
,,1097,pxowg7x7,qwen3-8b-manim-grpo-ensemble,AOS-GRPO,
,,1098,pxowg7x7,qwen3-8b-manim-grpo-ensemble,AOS-GRPO,
,,1099,pxowg7x7,qwen3-8b-manim-grpo-ensemble,AOS-GRPO,
,,1100,pxowg7x7,qwen3-8b-manim-grpo-ensemble,AOS-GRPO,
,,1101,pxowg7x7,qwen3-8b-manim-grpo-ensemble,AOS-GRPO,
,,1102,pxowg7x7,qwen3-8b-manim-grpo-ensemble,AOS-GRPO,
,,1103,pxowg7x7,qwen3-8b-manim-grpo-ensemble,AOS-GRPO,
,,1104,pxowg7x7,qwen3-8b-manim-grpo-ensemble,AOS-GRPO,
,,1105,pxowg7x7,qwen3-8b-manim-grpo-ensemble,AOS-GRPO,
,,1106,pxowg7x7,qwen3-8b-manim-grpo-ensemble,AOS-GRPO,
,,1107,pxowg7x7,qwen3-8b-manim-grpo-ensemble,AOS-GRPO,
,,1108,pxowg7x7,qwen3-8b-manim-grpo-ensemble,AOS-GRPO,
,,1109,pxowg7x7,qwen3-8b-manim-grpo-ensemble,AOS-GRPO,
,,1110,pxowg7x7,qwen3-8b-manim-grpo-ensemble,AOS-GRPO,
,,1111,pxowg7x7,qwen3-8b-manim-grpo-ensemble,AOS-GRPO,
,,1112,pxowg7x7,qwen3-8b-manim-grpo-ensemble,AOS-GRPO,
,,1113,pxowg7x7,qwen3-8b-manim-grpo-ensemble,AOS-GRPO,
,,1114,pxowg7x7,qwen3-8b-manim-grpo-ensemble,AOS-GRPO,
,,1115,pxowg7x7,qwen3-8b-manim-grpo-ensemble,AOS-GRPO,
,,1116,pxowg7x7,qwen3-8b-manim-grpo-ensemble,AOS-GRPO,
,,1117,pxowg7x7,qwen3-8b-manim-grpo-ensemble,AOS-GRPO,
,,1118,pxowg7x7,qwen3-8b-manim-grpo-ensemble,AOS-GRPO,
,,1119,pxowg7x7,qwen3-8b-manim-grpo-ensemble,AOS-GRPO,
,,1120,pxowg7x7,qwen3-8b-manim-grpo-ensemble,AOS-GRPO,
,,1121,pxowg7x7,qwen3-8b-manim-grpo-ensemble,AOS-GRPO,
,,1122,pxowg7x7,qwen3-8b-manim-grpo-ensemble,AOS-GRPO,
,,1123,pxowg7x7,qwen3-8b-manim-grpo-ensemble,AOS-GRPO,
,,1124,pxowg7x7,qwen3-8b-manim-grpo-ensemble,AOS-GRPO,
,,1125,pxowg7x7,qwen3-8b-manim-grpo-ensemble,AOS-GRPO,
,,1126,pxowg7x7,qwen3-8b-manim-grpo-ensemble,AOS-GRPO,
,,1127,pxowg7x7,qwen3-8b-manim-grpo-ensemble,AOS-GRPO,
,,1128,pxowg7x7,qwen3-8b-manim-grpo-ensemble,AOS-GRPO,
,,1129,pxowg7x7,qwen3-8b-manim-grpo-ensemble,AOS-GRPO,
,,1130,pxowg7x7,qwen3-8b-manim-grpo-ensemble,AOS-GRPO,
,,1131,pxowg7x7,qwen3-8b-manim-grpo-ensemble,AOS-GRPO,
,,1132,pxowg7x7,qwen3-8b-manim-grpo-ensemble,AOS-GRPO,
,,1133,pxowg7x7,qwen3-8b-manim-grpo-ensemble,AOS-GRPO,
,,1134,pxowg7x7,qwen3-8b-manim-grpo-ensemble,AOS-GRPO,
7.577777777777779e-05,-0.0021,1135,pxowg7x7,qwen3-8b-manim-grpo-ensemble,AOS-GRPO,
,,1136,pxowg7x7,qwen3-8b-manim-grpo-ensemble,AOS-GRPO,
,,1137,pxowg7x7,qwen3-8b-manim-grpo-ensemble,AOS-GRPO,
,,1138,pxowg7x7,qwen3-8b-manim-grpo-ensemble,AOS-GRPO,
,,1139,pxowg7x7,qwen3-8b-manim-grpo-ensemble,AOS-GRPO,
,,1140,pxowg7x7,qwen3-8b-manim-grpo-ensemble,AOS-GRPO,
,,1141,pxowg7x7,qwen3-8b-manim-grpo-ensemble,AOS-GRPO,
,,1142,pxowg7x7,qwen3-8b-manim-grpo-ensemble,AOS-GRPO,
,,1143,pxowg7x7,qwen3-8b-manim-grpo-ensemble,AOS-GRPO,
,,1144,pxowg7x7,qwen3-8b-manim-grpo-ensemble,AOS-GRPO,
,,1145,pxowg7x7,qwen3-8b-manim-grpo-ensemble,AOS-GRPO,
,,1146,pxowg7x7,qwen3-8b-manim-grpo-ensemble,AOS-GRPO,
,,1147,pxowg7x7,qwen3-8b-manim-grpo-ensemble,AOS-GRPO,
,,1148,pxowg7x7,qwen3-8b-manim-grpo-ensemble,AOS-GRPO,
,,1149,pxowg7x7,qwen3-8b-manim-grpo-ensemble,AOS-GRPO,
,,1150,pxowg7x7,qwen3-8b-manim-grpo-ensemble,AOS-GRPO,
,,1151,pxowg7x7,qwen3-8b-manim-grpo-ensemble,AOS-GRPO,
,,1152,pxowg7x7,qwen3-8b-manim-grpo-ensemble,AOS-GRPO,
,,1153,pxowg7x7,qwen3-8b-manim-grpo-ensemble,AOS-GRPO,
,,1154,pxowg7x7,qwen3-8b-manim-grpo-ensemble,AOS-GRPO,
,,1155,pxowg7x7,qwen3-8b-manim-grpo-ensemble,AOS-GRPO,
,,1156,pxowg7x7,qwen3-8b-manim-grpo-ensemble,AOS-GRPO,
,,1157,pxowg7x7,qwen3-8b-manim-grpo-ensemble,AOS-GRPO,
,,1158,pxowg7x7,qwen3-8b-manim-grpo-ensemble,AOS-GRPO,
,,1159,pxowg7x7,qwen3-8b-manim-grpo-ensemble,AOS-GRPO,
,,1160,pxowg7x7,qwen3-8b-manim-grpo-ensemble,AOS-GRPO,
,,1161,pxowg7x7,qwen3-8b-manim-grpo-ensemble,AOS-GRPO,
,,1162,pxowg7x7,qwen3-8b-manim-grpo-ensemble,AOS-GRPO,
,,1163,pxowg7x7,qwen3-8b-manim-grpo-ensemble,AOS-GRPO,
,,1164,pxowg7x7,qwen3-8b-manim-grpo-ensemble,AOS-GRPO,
,,1165,pxowg7x7,qwen3-8b-manim-grpo-ensemble,AOS-GRPO,
,,1166,pxowg7x7,qwen3-8b-manim-grpo-ensemble,AOS-GRPO,
,,1167,pxowg7x7,qwen3-8b-manim-grpo-ensemble,AOS-GRPO,
,,1168,pxowg7x7,qwen3-8b-manim-grpo-ensemble,AOS-GRPO,
,,1169,pxowg7x7,qwen3-8b-manim-grpo-ensemble,AOS-GRPO,
,,1170,pxowg7x7,qwen3-8b-manim-grpo-ensemble,AOS-GRPO,
,,1171,pxowg7x7,qwen3-8b-manim-grpo-ensemble,AOS-GRPO,
,,1172,pxowg7x7,qwen3-8b-manim-grpo-ensemble,AOS-GRPO,
,,1173,pxowg7x7,qwen3-8b-manim-grpo-ensemble,AOS-GRPO,
,,1174,pxowg7x7,qwen3-8b-manim-grpo-ensemble,AOS-GRPO,
,,1175,pxowg7x7,qwen3-8b-manim-grpo-ensemble,AOS-GRPO,
,,1176,pxowg7x7,qwen3-8b-manim-grpo-ensemble,AOS-GRPO,
,,1177,pxowg7x7,qwen3-8b-manim-grpo-ensemble,AOS-GRPO,
,,1178,pxowg7x7,qwen3-8b-manim-grpo-ensemble,AOS-GRPO,
,,1179,pxowg7x7,qwen3-8b-manim-grpo-ensemble,AOS-GRPO,
,,1180,pxowg7x7,qwen3-8b-manim-grpo-ensemble,AOS-GRPO,
,,1181,pxowg7x7,qwen3-8b-manim-grpo-ensemble,AOS-GRPO,
,,1182,pxowg7x7,qwen3-8b-manim-grpo-ensemble,AOS-GRPO,
,,1183,pxowg7x7,qwen3-8b-manim-grpo-ensemble,AOS-GRPO,
,,1184,pxowg7x7,qwen3-8b-manim-grpo-ensemble,AOS-GRPO,
,,1185,pxowg7x7,qwen3-8b-manim-grpo-ensemble,AOS-GRPO,
,,1186,pxowg7x7,qwen3-8b-manim-grpo-ensemble,AOS-GRPO,
,,1187,pxowg7x7,qwen3-8b-manim-grpo-ensemble,AOS-GRPO,
,,1188,pxowg7x7,qwen3-8b-manim-grpo-ensemble,AOS-GRPO,
,,1189,pxowg7x7,qwen3-8b-manim-grpo-ensemble,AOS-GRPO,
,,1190,pxowg7x7,qwen3-8b-manim-grpo-ensemble,AOS-GRPO,
,,1191,pxowg7x7,qwen3-8b-manim-grpo-ensemble,AOS-GRPO,
,,1192,pxowg7x7,qwen3-8b-manim-grpo-ensemble,AOS-GRPO,
,,1193,pxowg7x7,qwen3-8b-manim-grpo-ensemble,AOS-GRPO,
,,1194,pxowg7x7,qwen3-8b-manim-grpo-ensemble,AOS-GRPO,
,,1195,pxowg7x7,qwen3-8b-manim-grpo-ensemble,AOS-GRPO,
,,1196,pxowg7x7,qwen3-8b-manim-grpo-ensemble,AOS-GRPO,
,,1197,pxowg7x7,qwen3-8b-manim-grpo-ensemble,AOS-GRPO,
,,1198,pxowg7x7,qwen3-8b-manim-grpo-ensemble,AOS-GRPO,
,,1199,pxowg7x7,qwen3-8b-manim-grpo-ensemble,AOS-GRPO,
,,1200,pxowg7x7,qwen3-8b-manim-grpo-ensemble,AOS-GRPO,
,,1201,pxowg7x7,qwen3-8b-manim-grpo-ensemble,AOS-GRPO,
,,1202,pxowg7x7,qwen3-8b-manim-grpo-ensemble,AOS-GRPO,
,,1203,pxowg7x7,qwen3-8b-manim-grpo-ensemble,AOS-GRPO,
,,1204,pxowg7x7,qwen3-8b-manim-grpo-ensemble,AOS-GRPO,
,,1205,pxowg7x7,qwen3-8b-manim-grpo-ensemble,AOS-GRPO,
7.355555555555556e-05,-0.0036,1206,pxowg7x7,qwen3-8b-manim-grpo-ensemble,AOS-GRPO,
,,1207,pxowg7x7,qwen3-8b-manim-grpo-ensemble,AOS-GRPO,
,,1208,pxowg7x7,qwen3-8b-manim-grpo-ensemble,AOS-GRPO,
,,1209,pxowg7x7,qwen3-8b-manim-grpo-ensemble,AOS-GRPO,
,,1210,pxowg7x7,qwen3-8b-manim-grpo-ensemble,AOS-GRPO,
,,1211,pxowg7x7,qwen3-8b-manim-grpo-ensemble,AOS-GRPO,
,,1212,pxowg7x7,qwen3-8b-manim-grpo-ensemble,AOS-GRPO,
,,1213,pxowg7x7,qwen3-8b-manim-grpo-ensemble,AOS-GRPO,
,,1214,pxowg7x7,qwen3-8b-manim-grpo-ensemble,AOS-GRPO,
,,1215,pxowg7x7,qwen3-8b-manim-grpo-ensemble,AOS-GRPO,
,,1216,pxowg7x7,qwen3-8b-manim-grpo-ensemble,AOS-GRPO,
,,1217,pxowg7x7,qwen3-8b-manim-grpo-ensemble,AOS-GRPO,
,,1218,pxowg7x7,qwen3-8b-manim-grpo-ensemble,AOS-GRPO,
,,1219,pxowg7x7,qwen3-8b-manim-grpo-ensemble,AOS-GRPO,
,,1220,pxowg7x7,qwen3-8b-manim-grpo-ensemble,AOS-GRPO,
,,1221,pxowg7x7,qwen3-8b-manim-grpo-ensemble,AOS-GRPO,
,,1222,pxowg7x7,qwen3-8b-manim-grpo-ensemble,AOS-GRPO,
,,1223,pxowg7x7,qwen3-8b-manim-grpo-ensemble,AOS-GRPO,
,,1224,pxowg7x7,qwen3-8b-manim-grpo-ensemble,AOS-GRPO,
,,1225,pxowg7x7,qwen3-8b-manim-grpo-ensemble,AOS-GRPO,
,,1226,pxowg7x7,qwen3-8b-manim-grpo-ensemble,AOS-GRPO,
,,1227,pxowg7x7,qwen3-8b-manim-grpo-ensemble,AOS-GRPO,
,,1228,pxowg7x7,qwen3-8b-manim-grpo-ensemble,AOS-GRPO,
,,1229,pxowg7x7,qwen3-8b-manim-grpo-ensemble,AOS-GRPO,
,,1230,pxowg7x7,qwen3-8b-manim-grpo-ensemble,AOS-GRPO,
,,1231,pxowg7x7,qwen3-8b-manim-grpo-ensemble,AOS-GRPO,
,,1232,pxowg7x7,qwen3-8b-manim-grpo-ensemble,AOS-GRPO,
,,1233,pxowg7x7,qwen3-8b-manim-grpo-ensemble,AOS-GRPO,
,,1234,pxowg7x7,qwen3-8b-manim-grpo-ensemble,AOS-GRPO,
,,1235,pxowg7x7,qwen3-8b-manim-grpo-ensemble,AOS-GRPO,
,,1236,pxowg7x7,qwen3-8b-manim-grpo-ensemble,AOS-GRPO,
,,1237,pxowg7x7,qwen3-8b-manim-grpo-ensemble,AOS-GRPO,
,,1238,pxowg7x7,qwen3-8b-manim-grpo-ensemble,AOS-GRPO,
,,1239,pxowg7x7,qwen3-8b-manim-grpo-ensemble,AOS-GRPO,
,,1240,pxowg7x7,qwen3-8b-manim-grpo-ensemble,AOS-GRPO,
,,1241,pxowg7x7,qwen3-8b-manim-grpo-ensemble,AOS-GRPO,
,,1242,pxowg7x7,qwen3-8b-manim-grpo-ensemble,AOS-GRPO,
,,1243,pxowg7x7,qwen3-8b-manim-grpo-ensemble,AOS-GRPO,
,,1244,pxowg7x7,qwen3-8b-manim-grpo-ensemble,AOS-GRPO,
,,1245,pxowg7x7,qwen3-8b-manim-grpo-ensemble,AOS-GRPO,
,,1246,pxowg7x7,qwen3-8b-manim-grpo-ensemble,AOS-GRPO,
,,1247,pxowg7x7,qwen3-8b-manim-grpo-ensemble,AOS-GRPO,
,,1248,pxowg7x7,qwen3-8b-manim-grpo-ensemble,AOS-GRPO,
,,1249,pxowg7x7,qwen3-8b-manim-grpo-ensemble,AOS-GRPO,
,,1250,pxowg7x7,qwen3-8b-manim-grpo-ensemble,AOS-GRPO,
,,1251,pxowg7x7,qwen3-8b-manim-grpo-ensemble,AOS-GRPO,
,,1252,pxowg7x7,qwen3-8b-manim-grpo-ensemble,AOS-GRPO,
,,1253,pxowg7x7,qwen3-8b-manim-grpo-ensemble,AOS-GRPO,
,,1254,pxowg7x7,qwen3-8b-manim-grpo-ensemble,AOS-GRPO,
,,1255,pxowg7x7,qwen3-8b-manim-grpo-ensemble,AOS-GRPO,
,,1256,pxowg7x7,qwen3-8b-manim-grpo-ensemble,AOS-GRPO,
,,1257,pxowg7x7,qwen3-8b-manim-grpo-ensemble,AOS-GRPO,
,,1258,pxowg7x7,qwen3-8b-manim-grpo-ensemble,AOS-GRPO,
,,1259,pxowg7x7,qwen3-8b-manim-grpo-ensemble,AOS-GRPO,
,,1260,pxowg7x7,qwen3-8b-manim-grpo-ensemble,AOS-GRPO,
,,1261,pxowg7x7,qwen3-8b-manim-grpo-ensemble,AOS-GRPO,
,,1262,pxowg7x7,qwen3-8b-manim-grpo-ensemble,AOS-GRPO,
,,1263,pxowg7x7,qwen3-8b-manim-grpo-ensemble,AOS-GRPO,
,,1264,pxowg7x7,qwen3-8b-manim-grpo-ensemble,AOS-GRPO,
,,1265,pxowg7x7,qwen3-8b-manim-grpo-ensemble,AOS-GRPO,
,,1266,pxowg7x7,qwen3-8b-manim-grpo-ensemble,AOS-GRPO,
,,1267,pxowg7x7,qwen3-8b-manim-grpo-ensemble,AOS-GRPO,
,,1268,pxowg7x7,qwen3-8b-manim-grpo-ensemble,AOS-GRPO,
,,1269,pxowg7x7,qwen3-8b-manim-grpo-ensemble,AOS-GRPO,
,,1270,pxowg7x7,qwen3-8b-manim-grpo-ensemble,AOS-GRPO,
,,1271,pxowg7x7,qwen3-8b-manim-grpo-ensemble,AOS-GRPO,
,,1272,pxowg7x7,qwen3-8b-manim-grpo-ensemble,AOS-GRPO,
,,1273,pxowg7x7,qwen3-8b-manim-grpo-ensemble,AOS-GRPO,
,,1274,pxowg7x7,qwen3-8b-manim-grpo-ensemble,AOS-GRPO,
,,1275,pxowg7x7,qwen3-8b-manim-grpo-ensemble,AOS-GRPO,
,,1276,pxowg7x7,qwen3-8b-manim-grpo-ensemble,AOS-GRPO,
7.133333333333334e-05,0.0082,1277,pxowg7x7,qwen3-8b-manim-grpo-ensemble,AOS-GRPO,
,,1278,pxowg7x7,qwen3-8b-manim-grpo-ensemble,AOS-GRPO,
,,1279,pxowg7x7,qwen3-8b-manim-grpo-ensemble,AOS-GRPO,
,,1280,pxowg7x7,qwen3-8b-manim-grpo-ensemble,AOS-GRPO,
,,1281,pxowg7x7,qwen3-8b-manim-grpo-ensemble,AOS-GRPO,
,,1282,pxowg7x7,qwen3-8b-manim-grpo-ensemble,AOS-GRPO,
,,1283,pxowg7x7,qwen3-8b-manim-grpo-ensemble,AOS-GRPO,
,,1284,pxowg7x7,qwen3-8b-manim-grpo-ensemble,AOS-GRPO,
,,1285,pxowg7x7,qwen3-8b-manim-grpo-ensemble,AOS-GRPO,
,,1286,pxowg7x7,qwen3-8b-manim-grpo-ensemble,AOS-GRPO,
,,1287,pxowg7x7,qwen3-8b-manim-grpo-ensemble,AOS-GRPO,
,,1288,pxowg7x7,qwen3-8b-manim-grpo-ensemble,AOS-GRPO,
,,1289,pxowg7x7,qwen3-8b-manim-grpo-ensemble,AOS-GRPO,
,,1290,pxowg7x7,qwen3-8b-manim-grpo-ensemble,AOS-GRPO,
,,1291,pxowg7x7,qwen3-8b-manim-grpo-ensemble,AOS-GRPO,
,,1292,pxowg7x7,qwen3-8b-manim-grpo-ensemble,AOS-GRPO,
,,1293,pxowg7x7,qwen3-8b-manim-grpo-ensemble,AOS-GRPO,
,,1294,pxowg7x7,qwen3-8b-manim-grpo-ensemble,AOS-GRPO,
,,1295,pxowg7x7,qwen3-8b-manim-grpo-ensemble,AOS-GRPO,
,,1296,pxowg7x7,qwen3-8b-manim-grpo-ensemble,AOS-GRPO,
,,1297,pxowg7x7,qwen3-8b-manim-grpo-ensemble,AOS-GRPO,
,,1298,pxowg7x7,qwen3-8b-manim-grpo-ensemble,AOS-GRPO,
,,1299,pxowg7x7,qwen3-8b-manim-grpo-ensemble,AOS-GRPO,
,,1300,pxowg7x7,qwen3-8b-manim-grpo-ensemble,AOS-GRPO,
,,1301,pxowg7x7,qwen3-8b-manim-grpo-ensemble,AOS-GRPO,
,,1302,pxowg7x7,qwen3-8b-manim-grpo-ensemble,AOS-GRPO,
,,1303,pxowg7x7,qwen3-8b-manim-grpo-ensemble,AOS-GRPO,
,,1304,pxowg7x7,qwen3-8b-manim-grpo-ensemble,AOS-GRPO,
,,1305,pxowg7x7,qwen3-8b-manim-grpo-ensemble,AOS-GRPO,
,,1306,pxowg7x7,qwen3-8b-manim-grpo-ensemble,AOS-GRPO,
,,1307,pxowg7x7,qwen3-8b-manim-grpo-ensemble,AOS-GRPO,
,,1308,pxowg7x7,qwen3-8b-manim-grpo-ensemble,AOS-GRPO,
,,1309,pxowg7x7,qwen3-8b-manim-grpo-ensemble,AOS-GRPO,
,,1310,pxowg7x7,qwen3-8b-manim-grpo-ensemble,AOS-GRPO,
,,1311,pxowg7x7,qwen3-8b-manim-grpo-ensemble,AOS-GRPO,
,,1312,pxowg7x7,qwen3-8b-manim-grpo-ensemble,AOS-GRPO,
,,1313,pxowg7x7,qwen3-8b-manim-grpo-ensemble,AOS-GRPO,
,,1314,pxowg7x7,qwen3-8b-manim-grpo-ensemble,AOS-GRPO,
,,1315,pxowg7x7,qwen3-8b-manim-grpo-ensemble,AOS-GRPO,
,,1316,pxowg7x7,qwen3-8b-manim-grpo-ensemble,AOS-GRPO,
,,1317,pxowg7x7,qwen3-8b-manim-grpo-ensemble,AOS-GRPO,
,,1318,pxowg7x7,qwen3-8b-manim-grpo-ensemble,AOS-GRPO,
,,1319,pxowg7x7,qwen3-8b-manim-grpo-ensemble,AOS-GRPO,
,,1320,pxowg7x7,qwen3-8b-manim-grpo-ensemble,AOS-GRPO,
,,1321,pxowg7x7,qwen3-8b-manim-grpo-ensemble,AOS-GRPO,
,,1322,pxowg7x7,qwen3-8b-manim-grpo-ensemble,AOS-GRPO,
,,1323,pxowg7x7,qwen3-8b-manim-grpo-ensemble,AOS-GRPO,
,,1324,pxowg7x7,qwen3-8b-manim-grpo-ensemble,AOS-GRPO,
,,1325,pxowg7x7,qwen3-8b-manim-grpo-ensemble,AOS-GRPO,
,,1326,pxowg7x7,qwen3-8b-manim-grpo-ensemble,AOS-GRPO,
,,1327,pxowg7x7,qwen3-8b-manim-grpo-ensemble,AOS-GRPO,
,,1328,pxowg7x7,qwen3-8b-manim-grpo-ensemble,AOS-GRPO,
,,1329,pxowg7x7,qwen3-8b-manim-grpo-ensemble,AOS-GRPO,
,,1330,pxowg7x7,qwen3-8b-manim-grpo-ensemble,AOS-GRPO,
,,1331,pxowg7x7,qwen3-8b-manim-grpo-ensemble,AOS-GRPO,
,,1332,pxowg7x7,qwen3-8b-manim-grpo-ensemble,AOS-GRPO,
,,1333,pxowg7x7,qwen3-8b-manim-grpo-ensemble,AOS-GRPO,
,,1334,pxowg7x7,qwen3-8b-manim-grpo-ensemble,AOS-GRPO,
,,1335,pxowg7x7,qwen3-8b-manim-grpo-ensemble,AOS-GRPO,
,,1336,pxowg7x7,qwen3-8b-manim-grpo-ensemble,AOS-GRPO,
,,1337,pxowg7x7,qwen3-8b-manim-grpo-ensemble,AOS-GRPO,
,,1338,pxowg7x7,qwen3-8b-manim-grpo-ensemble,AOS-GRPO,
,,1339,pxowg7x7,qwen3-8b-manim-grpo-ensemble,AOS-GRPO,
,,1340,pxowg7x7,qwen3-8b-manim-grpo-ensemble,AOS-GRPO,
,,1341,pxowg7x7,qwen3-8b-manim-grpo-ensemble,AOS-GRPO,
,,1342,pxowg7x7,qwen3-8b-manim-grpo-ensemble,AOS-GRPO,
,,1343,pxowg7x7,qwen3-8b-manim-grpo-ensemble,AOS-GRPO,
,,1344,pxowg7x7,qwen3-8b-manim-grpo-ensemble,AOS-GRPO,
,,1345,pxowg7x7,qwen3-8b-manim-grpo-ensemble,AOS-GRPO,
,,1346,pxowg7x7,qwen3-8b-manim-grpo-ensemble,AOS-GRPO,
,,1347,pxowg7x7,qwen3-8b-manim-grpo-ensemble,AOS-GRPO,
6.911111111111111e-05,0.0277,1348,pxowg7x7,qwen3-8b-manim-grpo-ensemble,AOS-GRPO,
,,1349,pxowg7x7,qwen3-8b-manim-grpo-ensemble,AOS-GRPO,
,,1350,pxowg7x7,qwen3-8b-manim-grpo-ensemble,AOS-GRPO,
,,1351,pxowg7x7,qwen3-8b-manim-grpo-ensemble,AOS-GRPO,
,,1352,pxowg7x7,qwen3-8b-manim-grpo-ensemble,AOS-GRPO,
,,1353,pxowg7x7,qwen3-8b-manim-grpo-ensemble,AOS-GRPO,
,,1354,pxowg7x7,qwen3-8b-manim-grpo-ensemble,AOS-GRPO,
,,1355,pxowg7x7,qwen3-8b-manim-grpo-ensemble,AOS-GRPO,
,,1356,pxowg7x7,qwen3-8b-manim-grpo-ensemble,AOS-GRPO,
,,1357,pxowg7x7,qwen3-8b-manim-grpo-ensemble,AOS-GRPO,
,,1358,pxowg7x7,qwen3-8b-manim-grpo-ensemble,AOS-GRPO,
,,1359,pxowg7x7,qwen3-8b-manim-grpo-ensemble,AOS-GRPO,
,,1360,pxowg7x7,qwen3-8b-manim-grpo-ensemble,AOS-GRPO,
,,1361,pxowg7x7,qwen3-8b-manim-grpo-ensemble,AOS-GRPO,
,,1362,pxowg7x7,qwen3-8b-manim-grpo-ensemble,AOS-GRPO,
,,1363,pxowg7x7,qwen3-8b-manim-grpo-ensemble,AOS-GRPO,
,,1364,pxowg7x7,qwen3-8b-manim-grpo-ensemble,AOS-GRPO,
,,1365,pxowg7x7,qwen3-8b-manim-grpo-ensemble,AOS-GRPO,
,,1366,pxowg7x7,qwen3-8b-manim-grpo-ensemble,AOS-GRPO,
,,1367,pxowg7x7,qwen3-8b-manim-grpo-ensemble,AOS-GRPO,
,,1368,pxowg7x7,qwen3-8b-manim-grpo-ensemble,AOS-GRPO,
,,1369,pxowg7x7,qwen3-8b-manim-grpo-ensemble,AOS-GRPO,
,,1370,pxowg7x7,qwen3-8b-manim-grpo-ensemble,AOS-GRPO,
,,1371,pxowg7x7,qwen3-8b-manim-grpo-ensemble,AOS-GRPO,
,,1372,pxowg7x7,qwen3-8b-manim-grpo-ensemble,AOS-GRPO,
,,1373,pxowg7x7,qwen3-8b-manim-grpo-ensemble,AOS-GRPO,
,,1374,pxowg7x7,qwen3-8b-manim-grpo-ensemble,AOS-GRPO,
,,1375,pxowg7x7,qwen3-8b-manim-grpo-ensemble,AOS-GRPO,
,,1376,pxowg7x7,qwen3-8b-manim-grpo-ensemble,AOS-GRPO,
,,1377,pxowg7x7,qwen3-8b-manim-grpo-ensemble,AOS-GRPO,
,,1378,pxowg7x7,qwen3-8b-manim-grpo-ensemble,AOS-GRPO,
,,1379,pxowg7x7,qwen3-8b-manim-grpo-ensemble,AOS-GRPO,
,,1380,pxowg7x7,qwen3-8b-manim-grpo-ensemble,AOS-GRPO,
,,1381,pxowg7x7,qwen3-8b-manim-grpo-ensemble,AOS-GRPO,
,,1382,pxowg7x7,qwen3-8b-manim-grpo-ensemble,AOS-GRPO,
,,1383,pxowg7x7,qwen3-8b-manim-grpo-ensemble,AOS-GRPO,
,,1384,pxowg7x7,qwen3-8b-manim-grpo-ensemble,AOS-GRPO,
,,1385,pxowg7x7,qwen3-8b-manim-grpo-ensemble,AOS-GRPO,
,,1386,pxowg7x7,qwen3-8b-manim-grpo-ensemble,AOS-GRPO,
,,1387,pxowg7x7,qwen3-8b-manim-grpo-ensemble,AOS-GRPO,
,,1388,pxowg7x7,qwen3-8b-manim-grpo-ensemble,AOS-GRPO,
,,1389,pxowg7x7,qwen3-8b-manim-grpo-ensemble,AOS-GRPO,
,,1390,pxowg7x7,qwen3-8b-manim-grpo-ensemble,AOS-GRPO,
,,1391,pxowg7x7,qwen3-8b-manim-grpo-ensemble,AOS-GRPO,
,,1392,pxowg7x7,qwen3-8b-manim-grpo-ensemble,AOS-GRPO,
,,1393,pxowg7x7,qwen3-8b-manim-grpo-ensemble,AOS-GRPO,
,,1394,pxowg7x7,qwen3-8b-manim-grpo-ensemble,AOS-GRPO,
,,1395,pxowg7x7,qwen3-8b-manim-grpo-ensemble,AOS-GRPO,
,,1396,pxowg7x7,qwen3-8b-manim-grpo-ensemble,AOS-GRPO,
,,1397,pxowg7x7,qwen3-8b-manim-grpo-ensemble,AOS-GRPO,
,,1398,pxowg7x7,qwen3-8b-manim-grpo-ensemble,AOS-GRPO,
,,1399,pxowg7x7,qwen3-8b-manim-grpo-ensemble,AOS-GRPO,
,,1400,pxowg7x7,qwen3-8b-manim-grpo-ensemble,AOS-GRPO,
,,1401,pxowg7x7,qwen3-8b-manim-grpo-ensemble,AOS-GRPO,
,,1402,pxowg7x7,qwen3-8b-manim-grpo-ensemble,AOS-GRPO,
,,1403,pxowg7x7,qwen3-8b-manim-grpo-ensemble,AOS-GRPO,
,,1404,pxowg7x7,qwen3-8b-manim-grpo-ensemble,AOS-GRPO,
,,1405,pxowg7x7,qwen3-8b-manim-grpo-ensemble,AOS-GRPO,
,,1406,pxowg7x7,qwen3-8b-manim-grpo-ensemble,AOS-GRPO,
,,1407,pxowg7x7,qwen3-8b-manim-grpo-ensemble,AOS-GRPO,
,,1408,pxowg7x7,qwen3-8b-manim-grpo-ensemble,AOS-GRPO,
,,1409,pxowg7x7,qwen3-8b-manim-grpo-ensemble,AOS-GRPO,
,,1410,pxowg7x7,qwen3-8b-manim-grpo-ensemble,AOS-GRPO,
,,1411,pxowg7x7,qwen3-8b-manim-grpo-ensemble,AOS-GRPO,
,,1412,pxowg7x7,qwen3-8b-manim-grpo-ensemble,AOS-GRPO,
,,1413,pxowg7x7,qwen3-8b-manim-grpo-ensemble,AOS-GRPO,
,,1414,pxowg7x7,qwen3-8b-manim-grpo-ensemble,AOS-GRPO,
,,1415,pxowg7x7,qwen3-8b-manim-grpo-ensemble,AOS-GRPO,
,,1416,pxowg7x7,qwen3-8b-manim-grpo-ensemble,AOS-GRPO,
,,1417,pxowg7x7,qwen3-8b-manim-grpo-ensemble,AOS-GRPO,
,,1418,pxowg7x7,qwen3-8b-manim-grpo-ensemble,AOS-GRPO,
6.688888888888889e-05,0.0263,1419,pxowg7x7,qwen3-8b-manim-grpo-ensemble,AOS-GRPO,
,,1420,pxowg7x7,qwen3-8b-manim-grpo-ensemble,AOS-GRPO,
,,1421,pxowg7x7,qwen3-8b-manim-grpo-ensemble,AOS-GRPO,
,,1422,pxowg7x7,qwen3-8b-manim-grpo-ensemble,AOS-GRPO,
,,1423,pxowg7x7,qwen3-8b-manim-grpo-ensemble,AOS-GRPO,
,,1424,pxowg7x7,qwen3-8b-manim-grpo-ensemble,AOS-GRPO,
,,1425,pxowg7x7,qwen3-8b-manim-grpo-ensemble,AOS-GRPO,
,,1426,pxowg7x7,qwen3-8b-manim-grpo-ensemble,AOS-GRPO,
,,1427,pxowg7x7,qwen3-8b-manim-grpo-ensemble,AOS-GRPO,
,,1428,pxowg7x7,qwen3-8b-manim-grpo-ensemble,AOS-GRPO,
,,1429,pxowg7x7,qwen3-8b-manim-grpo-ensemble,AOS-GRPO,
,,1430,pxowg7x7,qwen3-8b-manim-grpo-ensemble,AOS-GRPO,
,,1431,pxowg7x7,qwen3-8b-manim-grpo-ensemble,AOS-GRPO,
,,1432,pxowg7x7,qwen3-8b-manim-grpo-ensemble,AOS-GRPO,
,,1433,pxowg7x7,qwen3-8b-manim-grpo-ensemble,AOS-GRPO,
,,1434,pxowg7x7,qwen3-8b-manim-grpo-ensemble,AOS-GRPO,
,,1435,pxowg7x7,qwen3-8b-manim-grpo-ensemble,AOS-GRPO,
,,1436,pxowg7x7,qwen3-8b-manim-grpo-ensemble,AOS-GRPO,
,,1437,pxowg7x7,qwen3-8b-manim-grpo-ensemble,AOS-GRPO,
,,1438,pxowg7x7,qwen3-8b-manim-grpo-ensemble,AOS-GRPO,
,,1439,pxowg7x7,qwen3-8b-manim-grpo-ensemble,AOS-GRPO,
,,1440,pxowg7x7,qwen3-8b-manim-grpo-ensemble,AOS-GRPO,
,,1441,pxowg7x7,qwen3-8b-manim-grpo-ensemble,AOS-GRPO,
,,1442,pxowg7x7,qwen3-8b-manim-grpo-ensemble,AOS-GRPO,
,,1443,pxowg7x7,qwen3-8b-manim-grpo-ensemble,AOS-GRPO,
,,1444,pxowg7x7,qwen3-8b-manim-grpo-ensemble,AOS-GRPO,
,,1445,pxowg7x7,qwen3-8b-manim-grpo-ensemble,AOS-GRPO,
,,1446,pxowg7x7,qwen3-8b-manim-grpo-ensemble,AOS-GRPO,
,,1447,pxowg7x7,qwen3-8b-manim-grpo-ensemble,AOS-GRPO,
,,1448,pxowg7x7,qwen3-8b-manim-grpo-ensemble,AOS-GRPO,
,,1449,pxowg7x7,qwen3-8b-manim-grpo-ensemble,AOS-GRPO,
,,1450,pxowg7x7,qwen3-8b-manim-grpo-ensemble,AOS-GRPO,
,,1451,pxowg7x7,qwen3-8b-manim-grpo-ensemble,AOS-GRPO,
,,1452,pxowg7x7,qwen3-8b-manim-grpo-ensemble,AOS-GRPO,
,,1453,pxowg7x7,qwen3-8b-manim-grpo-ensemble,AOS-GRPO,
,,1454,pxowg7x7,qwen3-8b-manim-grpo-ensemble,AOS-GRPO,
,,1455,pxowg7x7,qwen3-8b-manim-grpo-ensemble,AOS-GRPO,
,,1456,pxowg7x7,qwen3-8b-manim-grpo-ensemble,AOS-GRPO,
,,1457,pxowg7x7,qwen3-8b-manim-grpo-ensemble,AOS-GRPO,
,,1458,pxowg7x7,qwen3-8b-manim-grpo-ensemble,AOS-GRPO,
,,1459,pxowg7x7,qwen3-8b-manim-grpo-ensemble,AOS-GRPO,
,,1460,pxowg7x7,qwen3-8b-manim-grpo-ensemble,AOS-GRPO,
,,1461,pxowg7x7,qwen3-8b-manim-grpo-ensemble,AOS-GRPO,
,,1462,pxowg7x7,qwen3-8b-manim-grpo-ensemble,AOS-GRPO,
,,1463,pxowg7x7,qwen3-8b-manim-grpo-ensemble,AOS-GRPO,
,,1464,pxowg7x7,qwen3-8b-manim-grpo-ensemble,AOS-GRPO,
,,1465,pxowg7x7,qwen3-8b-manim-grpo-ensemble,AOS-GRPO,
,,1466,pxowg7x7,qwen3-8b-manim-grpo-ensemble,AOS-GRPO,
,,1467,pxowg7x7,qwen3-8b-manim-grpo-ensemble,AOS-GRPO,
,,1468,pxowg7x7,qwen3-8b-manim-grpo-ensemble,AOS-GRPO,
,,1469,pxowg7x7,qwen3-8b-manim-grpo-ensemble,AOS-GRPO,
,,1470,pxowg7x7,qwen3-8b-manim-grpo-ensemble,AOS-GRPO,
,,1471,pxowg7x7,qwen3-8b-manim-grpo-ensemble,AOS-GRPO,
,,1472,pxowg7x7,qwen3-8b-manim-grpo-ensemble,AOS-GRPO,
,,1473,pxowg7x7,qwen3-8b-manim-grpo-ensemble,AOS-GRPO,
,,1474,pxowg7x7,qwen3-8b-manim-grpo-ensemble,AOS-GRPO,
,,1475,pxowg7x7,qwen3-8b-manim-grpo-ensemble,AOS-GRPO,
,,1476,pxowg7x7,qwen3-8b-manim-grpo-ensemble,AOS-GRPO,
,,1477,pxowg7x7,qwen3-8b-manim-grpo-ensemble,AOS-GRPO,
,,1478,pxowg7x7,qwen3-8b-manim-grpo-ensemble,AOS-GRPO,
,,1479,pxowg7x7,qwen3-8b-manim-grpo-ensemble,AOS-GRPO,
,,1480,pxowg7x7,qwen3-8b-manim-grpo-ensemble,AOS-GRPO,
,,1481,pxowg7x7,qwen3-8b-manim-grpo-ensemble,AOS-GRPO,
,,1482,pxowg7x7,qwen3-8b-manim-grpo-ensemble,AOS-GRPO,
,,1483,pxowg7x7,qwen3-8b-manim-grpo-ensemble,AOS-GRPO,
,,1484,pxowg7x7,qwen3-8b-manim-grpo-ensemble,AOS-GRPO,
,,1485,pxowg7x7,qwen3-8b-manim-grpo-ensemble,AOS-GRPO,
,,1486,pxowg7x7,qwen3-8b-manim-grpo-ensemble,AOS-GRPO,
,,1487,pxowg7x7,qwen3-8b-manim-grpo-ensemble,AOS-GRPO,
,,1488,pxowg7x7,qwen3-8b-manim-grpo-ensemble,AOS-GRPO,
,,1489,pxowg7x7,qwen3-8b-manim-grpo-ensemble,AOS-GRPO,
6.466666666666666e-05,-0.0117,1490,pxowg7x7,qwen3-8b-manim-grpo-ensemble,AOS-GRPO,
,,1491,pxowg7x7,qwen3-8b-manim-grpo-ensemble,AOS-GRPO,
,,1492,pxowg7x7,qwen3-8b-manim-grpo-ensemble,AOS-GRPO,
,,1493,pxowg7x7,qwen3-8b-manim-grpo-ensemble,AOS-GRPO,
,,1494,pxowg7x7,qwen3-8b-manim-grpo-ensemble,AOS-GRPO,
,,1495,pxowg7x7,qwen3-8b-manim-grpo-ensemble,AOS-GRPO,
,,1496,pxowg7x7,qwen3-8b-manim-grpo-ensemble,AOS-GRPO,
,,1497,pxowg7x7,qwen3-8b-manim-grpo-ensemble,AOS-GRPO,
,,1498,pxowg7x7,qwen3-8b-manim-grpo-ensemble,AOS-GRPO,
,,1499,pxowg7x7,qwen3-8b-manim-grpo-ensemble,AOS-GRPO,
,,1500,pxowg7x7,qwen3-8b-manim-grpo-ensemble,AOS-GRPO,
,,1501,pxowg7x7,qwen3-8b-manim-grpo-ensemble,AOS-GRPO,
,,1502,pxowg7x7,qwen3-8b-manim-grpo-ensemble,AOS-GRPO,
,,1503,pxowg7x7,qwen3-8b-manim-grpo-ensemble,AOS-GRPO,
,,1504,pxowg7x7,qwen3-8b-manim-grpo-ensemble,AOS-GRPO,
,,1505,pxowg7x7,qwen3-8b-manim-grpo-ensemble,AOS-GRPO,
,,1506,pxowg7x7,qwen3-8b-manim-grpo-ensemble,AOS-GRPO,
,,1507,pxowg7x7,qwen3-8b-manim-grpo-ensemble,AOS-GRPO,
,,1508,pxowg7x7,qwen3-8b-manim-grpo-ensemble,AOS-GRPO,
,,1509,pxowg7x7,qwen3-8b-manim-grpo-ensemble,AOS-GRPO,
,,1510,pxowg7x7,qwen3-8b-manim-grpo-ensemble,AOS-GRPO,
,,1511,pxowg7x7,qwen3-8b-manim-grpo-ensemble,AOS-GRPO,
,,1512,pxowg7x7,qwen3-8b-manim-grpo-ensemble,AOS-GRPO,
,,1513,pxowg7x7,qwen3-8b-manim-grpo-ensemble,AOS-GRPO,
,,1514,pxowg7x7,qwen3-8b-manim-grpo-ensemble,AOS-GRPO,
,,1515,pxowg7x7,qwen3-8b-manim-grpo-ensemble,AOS-GRPO,
,,1516,pxowg7x7,qwen3-8b-manim-grpo-ensemble,AOS-GRPO,
,,1517,pxowg7x7,qwen3-8b-manim-grpo-ensemble,AOS-GRPO,
,,1518,pxowg7x7,qwen3-8b-manim-grpo-ensemble,AOS-GRPO,
,,1519,pxowg7x7,qwen3-8b-manim-grpo-ensemble,AOS-GRPO,
,,1520,pxowg7x7,qwen3-8b-manim-grpo-ensemble,AOS-GRPO,
,,1521,pxowg7x7,qwen3-8b-manim-grpo-ensemble,AOS-GRPO,
,,1522,pxowg7x7,qwen3-8b-manim-grpo-ensemble,AOS-GRPO,
,,1523,pxowg7x7,qwen3-8b-manim-grpo-ensemble,AOS-GRPO,
,,1524,pxowg7x7,qwen3-8b-manim-grpo-ensemble,AOS-GRPO,
,,1525,pxowg7x7,qwen3-8b-manim-grpo-ensemble,AOS-GRPO,
,,1526,pxowg7x7,qwen3-8b-manim-grpo-ensemble,AOS-GRPO,
,,1527,pxowg7x7,qwen3-8b-manim-grpo-ensemble,AOS-GRPO,
,,1528,pxowg7x7,qwen3-8b-manim-grpo-ensemble,AOS-GRPO,
,,1529,pxowg7x7,qwen3-8b-manim-grpo-ensemble,AOS-GRPO,
,,1530,pxowg7x7,qwen3-8b-manim-grpo-ensemble,AOS-GRPO,
,,1531,pxowg7x7,qwen3-8b-manim-grpo-ensemble,AOS-GRPO,
,,1532,pxowg7x7,qwen3-8b-manim-grpo-ensemble,AOS-GRPO,
,,1533,pxowg7x7,qwen3-8b-manim-grpo-ensemble,AOS-GRPO,
,,1534,pxowg7x7,qwen3-8b-manim-grpo-ensemble,AOS-GRPO,
,,1535,pxowg7x7,qwen3-8b-manim-grpo-ensemble,AOS-GRPO,
,,1536,pxowg7x7,qwen3-8b-manim-grpo-ensemble,AOS-GRPO,
,,1537,pxowg7x7,qwen3-8b-manim-grpo-ensemble,AOS-GRPO,
,,1538,pxowg7x7,qwen3-8b-manim-grpo-ensemble,AOS-GRPO,
,,1539,pxowg7x7,qwen3-8b-manim-grpo-ensemble,AOS-GRPO,
,,1540,pxowg7x7,qwen3-8b-manim-grpo-ensemble,AOS-GRPO,
,,1541,pxowg7x7,qwen3-8b-manim-grpo-ensemble,AOS-GRPO,
,,1542,pxowg7x7,qwen3-8b-manim-grpo-ensemble,AOS-GRPO,
,,1543,pxowg7x7,qwen3-8b-manim-grpo-ensemble,AOS-GRPO,
,,1544,pxowg7x7,qwen3-8b-manim-grpo-ensemble,AOS-GRPO,
,,1545,pxowg7x7,qwen3-8b-manim-grpo-ensemble,AOS-GRPO,
,,1546,pxowg7x7,qwen3-8b-manim-grpo-ensemble,AOS-GRPO,
,,1547,pxowg7x7,qwen3-8b-manim-grpo-ensemble,AOS-GRPO,
,,1548,pxowg7x7,qwen3-8b-manim-grpo-ensemble,AOS-GRPO,
,,1549,pxowg7x7,qwen3-8b-manim-grpo-ensemble,AOS-GRPO,
,,1550,pxowg7x7,qwen3-8b-manim-grpo-ensemble,AOS-GRPO,
,,1551,pxowg7x7,qwen3-8b-manim-grpo-ensemble,AOS-GRPO,
,,1552,pxowg7x7,qwen3-8b-manim-grpo-ensemble,AOS-GRPO,
,,1553,pxowg7x7,qwen3-8b-manim-grpo-ensemble,AOS-GRPO,
,,1554,pxowg7x7,qwen3-8b-manim-grpo-ensemble,AOS-GRPO,
,,1555,pxowg7x7,qwen3-8b-manim-grpo-ensemble,AOS-GRPO,
,,1556,pxowg7x7,qwen3-8b-manim-grpo-ensemble,AOS-GRPO,
,,1557,pxowg7x7,qwen3-8b-manim-grpo-ensemble,AOS-GRPO,
,,1558,pxowg7x7,qwen3-8b-manim-grpo-ensemble,AOS-GRPO,
,,1559,pxowg7x7,qwen3-8b-manim-grpo-ensemble,AOS-GRPO,
,,1560,pxowg7x7,qwen3-8b-manim-grpo-ensemble,AOS-GRPO,
6.244444444444445e-05,-0.0224,1561,pxowg7x7,qwen3-8b-manim-grpo-ensemble,AOS-GRPO,
,,1562,pxowg7x7,qwen3-8b-manim-grpo-ensemble,AOS-GRPO,
,,1563,pxowg7x7,qwen3-8b-manim-grpo-ensemble,AOS-GRPO,
,,1564,pxowg7x7,qwen3-8b-manim-grpo-ensemble,AOS-GRPO,
,,1565,pxowg7x7,qwen3-8b-manim-grpo-ensemble,AOS-GRPO,
,,1566,pxowg7x7,qwen3-8b-manim-grpo-ensemble,AOS-GRPO,
,,1567,pxowg7x7,qwen3-8b-manim-grpo-ensemble,AOS-GRPO,
,,1568,pxowg7x7,qwen3-8b-manim-grpo-ensemble,AOS-GRPO,
,,1569,pxowg7x7,qwen3-8b-manim-grpo-ensemble,AOS-GRPO,
,,1570,pxowg7x7,qwen3-8b-manim-grpo-ensemble,AOS-GRPO,
,,1571,pxowg7x7,qwen3-8b-manim-grpo-ensemble,AOS-GRPO,
,,1572,pxowg7x7,qwen3-8b-manim-grpo-ensemble,AOS-GRPO,
,,1573,pxowg7x7,qwen3-8b-manim-grpo-ensemble,AOS-GRPO,
,,1574,pxowg7x7,qwen3-8b-manim-grpo-ensemble,AOS-GRPO,
,,1575,pxowg7x7,qwen3-8b-manim-grpo-ensemble,AOS-GRPO,
,,1576,pxowg7x7,qwen3-8b-manim-grpo-ensemble,AOS-GRPO,
,,1577,pxowg7x7,qwen3-8b-manim-grpo-ensemble,AOS-GRPO,
,,1578,pxowg7x7,qwen3-8b-manim-grpo-ensemble,AOS-GRPO,
,,1579,pxowg7x7,qwen3-8b-manim-grpo-ensemble,AOS-GRPO,
,,1580,pxowg7x7,qwen3-8b-manim-grpo-ensemble,AOS-GRPO,
,,1581,pxowg7x7,qwen3-8b-manim-grpo-ensemble,AOS-GRPO,
,,1582,pxowg7x7,qwen3-8b-manim-grpo-ensemble,AOS-GRPO,
,,1583,pxowg7x7,qwen3-8b-manim-grpo-ensemble,AOS-GRPO,
,,1584,pxowg7x7,qwen3-8b-manim-grpo-ensemble,AOS-GRPO,
,,1585,pxowg7x7,qwen3-8b-manim-grpo-ensemble,AOS-GRPO,
,,1586,pxowg7x7,qwen3-8b-manim-grpo-ensemble,AOS-GRPO,
,,1587,pxowg7x7,qwen3-8b-manim-grpo-ensemble,AOS-GRPO,
,,1588,pxowg7x7,qwen3-8b-manim-grpo-ensemble,AOS-GRPO,
,,1589,pxowg7x7,qwen3-8b-manim-grpo-ensemble,AOS-GRPO,
,,1590,pxowg7x7,qwen3-8b-manim-grpo-ensemble,AOS-GRPO,
,,1591,pxowg7x7,qwen3-8b-manim-grpo-ensemble,AOS-GRPO,
,,1592,pxowg7x7,qwen3-8b-manim-grpo-ensemble,AOS-GRPO,
,,1593,pxowg7x7,qwen3-8b-manim-grpo-ensemble,AOS-GRPO,
,,1594,pxowg7x7,qwen3-8b-manim-grpo-ensemble,AOS-GRPO,
,,1595,pxowg7x7,qwen3-8b-manim-grpo-ensemble,AOS-GRPO,
,,1596,pxowg7x7,qwen3-8b-manim-grpo-ensemble,AOS-GRPO,
,,1597,pxowg7x7,qwen3-8b-manim-grpo-ensemble,AOS-GRPO,
,,1598,pxowg7x7,qwen3-8b-manim-grpo-ensemble,AOS-GRPO,
,,1599,pxowg7x7,qwen3-8b-manim-grpo-ensemble,AOS-GRPO,
,,1600,pxowg7x7,qwen3-8b-manim-grpo-ensemble,AOS-GRPO,
,,1601,pxowg7x7,qwen3-8b-manim-grpo-ensemble,AOS-GRPO,
,,1602,pxowg7x7,qwen3-8b-manim-grpo-ensemble,AOS-GRPO,
,,1603,pxowg7x7,qwen3-8b-manim-grpo-ensemble,AOS-GRPO,
,,1604,pxowg7x7,qwen3-8b-manim-grpo-ensemble,AOS-GRPO,
,,1605,pxowg7x7,qwen3-8b-manim-grpo-ensemble,AOS-GRPO,
,,1606,pxowg7x7,qwen3-8b-manim-grpo-ensemble,AOS-GRPO,
,,1607,pxowg7x7,qwen3-8b-manim-grpo-ensemble,AOS-GRPO,
,,1608,pxowg7x7,qwen3-8b-manim-grpo-ensemble,AOS-GRPO,
,,1609,pxowg7x7,qwen3-8b-manim-grpo-ensemble,AOS-GRPO,
,,1610,pxowg7x7,qwen3-8b-manim-grpo-ensemble,AOS-GRPO,
,,1611,pxowg7x7,qwen3-8b-manim-grpo-ensemble,AOS-GRPO,
,,1612,pxowg7x7,qwen3-8b-manim-grpo-ensemble,AOS-GRPO,
,,1613,pxowg7x7,qwen3-8b-manim-grpo-ensemble,AOS-GRPO,
,,1614,pxowg7x7,qwen3-8b-manim-grpo-ensemble,AOS-GRPO,
,,1615,pxowg7x7,qwen3-8b-manim-grpo-ensemble,AOS-GRPO,
,,1616,pxowg7x7,qwen3-8b-manim-grpo-ensemble,AOS-GRPO,
,,1617,pxowg7x7,qwen3-8b-manim-grpo-ensemble,AOS-GRPO,
,,1618,pxowg7x7,qwen3-8b-manim-grpo-ensemble,AOS-GRPO,
,,1619,pxowg7x7,qwen3-8b-manim-grpo-ensemble,AOS-GRPO,
,,1620,pxowg7x7,qwen3-8b-manim-grpo-ensemble,AOS-GRPO,
,,1621,pxowg7x7,qwen3-8b-manim-grpo-ensemble,AOS-GRPO,
,,1622,pxowg7x7,qwen3-8b-manim-grpo-ensemble,AOS-GRPO,
,,1623,pxowg7x7,qwen3-8b-manim-grpo-ensemble,AOS-GRPO,
,,1624,pxowg7x7,qwen3-8b-manim-grpo-ensemble,AOS-GRPO,
,,1625,pxowg7x7,qwen3-8b-manim-grpo-ensemble,AOS-GRPO,
,,1626,pxowg7x7,qwen3-8b-manim-grpo-ensemble,AOS-GRPO,
,,1627,pxowg7x7,qwen3-8b-manim-grpo-ensemble,AOS-GRPO,
,,1628,pxowg7x7,qwen3-8b-manim-grpo-ensemble,AOS-GRPO,
,,1629,pxowg7x7,qwen3-8b-manim-grpo-ensemble,AOS-GRPO,
,,1630,pxowg7x7,qwen3-8b-manim-grpo-ensemble,AOS-GRPO,
,,1631,pxowg7x7,qwen3-8b-manim-grpo-ensemble,AOS-GRPO,
6.0222222222222225e-05,0.0066,1632,pxowg7x7,qwen3-8b-manim-grpo-ensemble,AOS-GRPO,
,,1633,pxowg7x7,qwen3-8b-manim-grpo-ensemble,AOS-GRPO,
,,1634,pxowg7x7,qwen3-8b-manim-grpo-ensemble,AOS-GRPO,
,,1635,pxowg7x7,qwen3-8b-manim-grpo-ensemble,AOS-GRPO,
,,1636,pxowg7x7,qwen3-8b-manim-grpo-ensemble,AOS-GRPO,
,,1637,pxowg7x7,qwen3-8b-manim-grpo-ensemble,AOS-GRPO,
,,1638,pxowg7x7,qwen3-8b-manim-grpo-ensemble,AOS-GRPO,
,,1639,pxowg7x7,qwen3-8b-manim-grpo-ensemble,AOS-GRPO,
,,1640,pxowg7x7,qwen3-8b-manim-grpo-ensemble,AOS-GRPO,
,,1641,pxowg7x7,qwen3-8b-manim-grpo-ensemble,AOS-GRPO,
,,1642,pxowg7x7,qwen3-8b-manim-grpo-ensemble,AOS-GRPO,
,,1643,pxowg7x7,qwen3-8b-manim-grpo-ensemble,AOS-GRPO,
,,1644,pxowg7x7,qwen3-8b-manim-grpo-ensemble,AOS-GRPO,
,,1645,pxowg7x7,qwen3-8b-manim-grpo-ensemble,AOS-GRPO,
,,1646,pxowg7x7,qwen3-8b-manim-grpo-ensemble,AOS-GRPO,
,,1647,pxowg7x7,qwen3-8b-manim-grpo-ensemble,AOS-GRPO,
,,1648,pxowg7x7,qwen3-8b-manim-grpo-ensemble,AOS-GRPO,
,,1649,pxowg7x7,qwen3-8b-manim-grpo-ensemble,AOS-GRPO,
,,1650,pxowg7x7,qwen3-8b-manim-grpo-ensemble,AOS-GRPO,
,,1651,pxowg7x7,qwen3-8b-manim-grpo-ensemble,AOS-GRPO,
,,1652,pxowg7x7,qwen3-8b-manim-grpo-ensemble,AOS-GRPO,
,,1653,pxowg7x7,qwen3-8b-manim-grpo-ensemble,AOS-GRPO,
,,1654,pxowg7x7,qwen3-8b-manim-grpo-ensemble,AOS-GRPO,
,,1655,pxowg7x7,qwen3-8b-manim-grpo-ensemble,AOS-GRPO,
,,1656,pxowg7x7,qwen3-8b-manim-grpo-ensemble,AOS-GRPO,
,,1657,pxowg7x7,qwen3-8b-manim-grpo-ensemble,AOS-GRPO,
,,1658,pxowg7x7,qwen3-8b-manim-grpo-ensemble,AOS-GRPO,
,,1659,pxowg7x7,qwen3-8b-manim-grpo-ensemble,AOS-GRPO,
,,1660,pxowg7x7,qwen3-8b-manim-grpo-ensemble,AOS-GRPO,
,,1661,pxowg7x7,qwen3-8b-manim-grpo-ensemble,AOS-GRPO,
,,1662,pxowg7x7,qwen3-8b-manim-grpo-ensemble,AOS-GRPO,
,,1663,pxowg7x7,qwen3-8b-manim-grpo-ensemble,AOS-GRPO,
,,1664,pxowg7x7,qwen3-8b-manim-grpo-ensemble,AOS-GRPO,
,,1665,pxowg7x7,qwen3-8b-manim-grpo-ensemble,AOS-GRPO,
,,1666,pxowg7x7,qwen3-8b-manim-grpo-ensemble,AOS-GRPO,
,,1667,pxowg7x7,qwen3-8b-manim-grpo-ensemble,AOS-GRPO,
,,1668,pxowg7x7,qwen3-8b-manim-grpo-ensemble,AOS-GRPO,
,,0,a3izlyz5,qwen3-8b-manim-grpo-ensemble,AOS-GRPO,
,,1,a3izlyz5,qwen3-8b-manim-grpo-ensemble,AOS-GRPO,
,,2,a3izlyz5,qwen3-8b-manim-grpo-ensemble,AOS-GRPO,
,,3,a3izlyz5,qwen3-8b-manim-grpo-ensemble,AOS-GRPO,
,,4,a3izlyz5,qwen3-8b-manim-grpo-ensemble,AOS-GRPO,
,,5,a3izlyz5,qwen3-8b-manim-grpo-ensemble,AOS-GRPO,
,,6,a3izlyz5,qwen3-8b-manim-grpo-ensemble,AOS-GRPO,
,,7,a3izlyz5,qwen3-8b-manim-grpo-ensemble,AOS-GRPO,
,,8,a3izlyz5,qwen3-8b-manim-grpo-ensemble,AOS-GRPO,
,,9,a3izlyz5,qwen3-8b-manim-grpo-ensemble,AOS-GRPO,
,,10,a3izlyz5,qwen3-8b-manim-grpo-ensemble,AOS-GRPO,
,,11,a3izlyz5,qwen3-8b-manim-grpo-ensemble,AOS-GRPO,
,,12,a3izlyz5,qwen3-8b-manim-grpo-ensemble,AOS-GRPO,
,,13,a3izlyz5,qwen3-8b-manim-grpo-ensemble,AOS-GRPO,
,,14,a3izlyz5,qwen3-8b-manim-grpo-ensemble,AOS-GRPO,
,,15,a3izlyz5,qwen3-8b-manim-grpo-ensemble,AOS-GRPO,
,,16,a3izlyz5,qwen3-8b-manim-grpo-ensemble,AOS-GRPO,
,,17,a3izlyz5,qwen3-8b-manim-grpo-ensemble,AOS-GRPO,
,,18,a3izlyz5,qwen3-8b-manim-grpo-ensemble,AOS-GRPO,
,,19,a3izlyz5,qwen3-8b-manim-grpo-ensemble,AOS-GRPO,
,,20,a3izlyz5,qwen3-8b-manim-grpo-ensemble,AOS-GRPO,
,,21,a3izlyz5,qwen3-8b-manim-grpo-ensemble,AOS-GRPO,
,,22,a3izlyz5,qwen3-8b-manim-grpo-ensemble,AOS-GRPO,
,,23,a3izlyz5,qwen3-8b-manim-grpo-ensemble,AOS-GRPO,
,,24,a3izlyz5,qwen3-8b-manim-grpo-ensemble,AOS-GRPO,
,,25,a3izlyz5,qwen3-8b-manim-grpo-ensemble,AOS-GRPO,
,,26,a3izlyz5,qwen3-8b-manim-grpo-ensemble,AOS-GRPO,
,,27,a3izlyz5,qwen3-8b-manim-grpo-ensemble,AOS-GRPO,
,,28,a3izlyz5,qwen3-8b-manim-grpo-ensemble,AOS-GRPO,
,,29,a3izlyz5,qwen3-8b-manim-grpo-ensemble,AOS-GRPO,
,,30,a3izlyz5,qwen3-8b-manim-grpo-ensemble,AOS-GRPO,
,,31,a3izlyz5,qwen3-8b-manim-grpo-ensemble,AOS-GRPO,
,,32,a3izlyz5,qwen3-8b-manim-grpo-ensemble,AOS-GRPO,
,,33,a3izlyz5,qwen3-8b-manim-grpo-ensemble,AOS-GRPO,
,,34,a3izlyz5,qwen3-8b-manim-grpo-ensemble,AOS-GRPO,
5.8e-05,0.0,35,a3izlyz5,qwen3-8b-manim-grpo-ensemble,AOS-GRPO,
,,36,a3izlyz5,qwen3-8b-manim-grpo-ensemble,AOS-GRPO,
,,37,a3izlyz5,qwen3-8b-manim-grpo-ensemble,AOS-GRPO,
,,38,a3izlyz5,qwen3-8b-manim-grpo-ensemble,AOS-GRPO,
,,39,a3izlyz5,qwen3-8b-manim-grpo-ensemble,AOS-GRPO,
,,40,a3izlyz5,qwen3-8b-manim-grpo-ensemble,AOS-GRPO,
,,41,a3izlyz5,qwen3-8b-manim-grpo-ensemble,AOS-GRPO,
,,42,a3izlyz5,qwen3-8b-manim-grpo-ensemble,AOS-GRPO,
,,43,a3izlyz5,qwen3-8b-manim-grpo-ensemble,AOS-GRPO,
,,44,a3izlyz5,qwen3-8b-manim-grpo-ensemble,AOS-GRPO,
,,45,a3izlyz5,qwen3-8b-manim-grpo-ensemble,AOS-GRPO,
,,46,a3izlyz5,qwen3-8b-manim-grpo-ensemble,AOS-GRPO,
,,47,a3izlyz5,qwen3-8b-manim-grpo-ensemble,AOS-GRPO,
,,48,a3izlyz5,qwen3-8b-manim-grpo-ensemble,AOS-GRPO,
,,49,a3izlyz5,qwen3-8b-manim-grpo-ensemble,AOS-GRPO,
,,50,a3izlyz5,qwen3-8b-manim-grpo-ensemble,AOS-GRPO,
,,51,a3izlyz5,qwen3-8b-manim-grpo-ensemble,AOS-GRPO,
,,52,a3izlyz5,qwen3-8b-manim-grpo-ensemble,AOS-GRPO,
,,53,a3izlyz5,qwen3-8b-manim-grpo-ensemble,AOS-GRPO,
,,54,a3izlyz5,qwen3-8b-manim-grpo-ensemble,AOS-GRPO,
,,55,a3izlyz5,qwen3-8b-manim-grpo-ensemble,AOS-GRPO,
,,56,a3izlyz5,qwen3-8b-manim-grpo-ensemble,AOS-GRPO,
,,57,a3izlyz5,qwen3-8b-manim-grpo-ensemble,AOS-GRPO,
,,58,a3izlyz5,qwen3-8b-manim-grpo-ensemble,AOS-GRPO,
,,59,a3izlyz5,qwen3-8b-manim-grpo-ensemble,AOS-GRPO,
,,60,a3izlyz5,qwen3-8b-manim-grpo-ensemble,AOS-GRPO,
,,61,a3izlyz5,qwen3-8b-manim-grpo-ensemble,AOS-GRPO,
,,62,a3izlyz5,qwen3-8b-manim-grpo-ensemble,AOS-GRPO,
,,63,a3izlyz5,qwen3-8b-manim-grpo-ensemble,AOS-GRPO,
,,64,a3izlyz5,qwen3-8b-manim-grpo-ensemble,AOS-GRPO,
,,65,a3izlyz5,qwen3-8b-manim-grpo-ensemble,AOS-GRPO,
,,66,a3izlyz5,qwen3-8b-manim-grpo-ensemble,AOS-GRPO,
,,67,a3izlyz5,qwen3-8b-manim-grpo-ensemble,AOS-GRPO,
,,68,a3izlyz5,qwen3-8b-manim-grpo-ensemble,AOS-GRPO,
,,69,a3izlyz5,qwen3-8b-manim-grpo-ensemble,AOS-GRPO,
,,70,a3izlyz5,qwen3-8b-manim-grpo-ensemble,AOS-GRPO,
,,71,a3izlyz5,qwen3-8b-manim-grpo-ensemble,AOS-GRPO,
,,72,a3izlyz5,qwen3-8b-manim-grpo-ensemble,AOS-GRPO,
,,73,a3izlyz5,qwen3-8b-manim-grpo-ensemble,AOS-GRPO,
,,74,a3izlyz5,qwen3-8b-manim-grpo-ensemble,AOS-GRPO,
,,75,a3izlyz5,qwen3-8b-manim-grpo-ensemble,AOS-GRPO,
,,76,a3izlyz5,qwen3-8b-manim-grpo-ensemble,AOS-GRPO,
,,77,a3izlyz5,qwen3-8b-manim-grpo-ensemble,AOS-GRPO,
,,78,a3izlyz5,qwen3-8b-manim-grpo-ensemble,AOS-GRPO,
,,79,a3izlyz5,qwen3-8b-manim-grpo-ensemble,AOS-GRPO,
,,80,a3izlyz5,qwen3-8b-manim-grpo-ensemble,AOS-GRPO,
,,81,a3izlyz5,qwen3-8b-manim-grpo-ensemble,AOS-GRPO,
,,82,a3izlyz5,qwen3-8b-manim-grpo-ensemble,AOS-GRPO,
,,83,a3izlyz5,qwen3-8b-manim-grpo-ensemble,AOS-GRPO,
,,84,a3izlyz5,qwen3-8b-manim-grpo-ensemble,AOS-GRPO,
,,85,a3izlyz5,qwen3-8b-manim-grpo-ensemble,AOS-GRPO,
,,86,a3izlyz5,qwen3-8b-manim-grpo-ensemble,AOS-GRPO,
,,87,a3izlyz5,qwen3-8b-manim-grpo-ensemble,AOS-GRPO,
,,88,a3izlyz5,qwen3-8b-manim-grpo-ensemble,AOS-GRPO,
,,89,a3izlyz5,qwen3-8b-manim-grpo-ensemble,AOS-GRPO,
,,90,a3izlyz5,qwen3-8b-manim-grpo-ensemble,AOS-GRPO,
,,91,a3izlyz5,qwen3-8b-manim-grpo-ensemble,AOS-GRPO,
,,92,a3izlyz5,qwen3-8b-manim-grpo-ensemble,AOS-GRPO,
,,93,a3izlyz5,qwen3-8b-manim-grpo-ensemble,AOS-GRPO,
,,94,a3izlyz5,qwen3-8b-manim-grpo-ensemble,AOS-GRPO,
,,95,a3izlyz5,qwen3-8b-manim-grpo-ensemble,AOS-GRPO,
,,96,a3izlyz5,qwen3-8b-manim-grpo-ensemble,AOS-GRPO,
,,97,a3izlyz5,qwen3-8b-manim-grpo-ensemble,AOS-GRPO,
,,98,a3izlyz5,qwen3-8b-manim-grpo-ensemble,AOS-GRPO,
,,99,a3izlyz5,qwen3-8b-manim-grpo-ensemble,AOS-GRPO,
,,100,a3izlyz5,qwen3-8b-manim-grpo-ensemble,AOS-GRPO,
,,101,a3izlyz5,qwen3-8b-manim-grpo-ensemble,AOS-GRPO,
,,102,a3izlyz5,qwen3-8b-manim-grpo-ensemble,AOS-GRPO,
,,103,a3izlyz5,qwen3-8b-manim-grpo-ensemble,AOS-GRPO,
,,104,a3izlyz5,qwen3-8b-manim-grpo-ensemble,AOS-GRPO,
,,105,a3izlyz5,qwen3-8b-manim-grpo-ensemble,AOS-GRPO,
5.577777777777778e-05,0.0,106,a3izlyz5,qwen3-8b-manim-grpo-ensemble,AOS-GRPO,
,,107,a3izlyz5,qwen3-8b-manim-grpo-ensemble,AOS-GRPO,
,,108,a3izlyz5,qwen3-8b-manim-grpo-ensemble,AOS-GRPO,
,,109,a3izlyz5,qwen3-8b-manim-grpo-ensemble,AOS-GRPO,
,,110,a3izlyz5,qwen3-8b-manim-grpo-ensemble,AOS-GRPO,
,,111,a3izlyz5,qwen3-8b-manim-grpo-ensemble,AOS-GRPO,
,,112,a3izlyz5,qwen3-8b-manim-grpo-ensemble,AOS-GRPO,
,,113,a3izlyz5,qwen3-8b-manim-grpo-ensemble,AOS-GRPO,
,,114,a3izlyz5,qwen3-8b-manim-grpo-ensemble,AOS-GRPO,
,,115,a3izlyz5,qwen3-8b-manim-grpo-ensemble,AOS-GRPO,
,,116,a3izlyz5,qwen3-8b-manim-grpo-ensemble,AOS-GRPO,
,,117,a3izlyz5,qwen3-8b-manim-grpo-ensemble,AOS-GRPO,
,,118,a3izlyz5,qwen3-8b-manim-grpo-ensemble,AOS-GRPO,
,,119,a3izlyz5,qwen3-8b-manim-grpo-ensemble,AOS-GRPO,
,,120,a3izlyz5,qwen3-8b-manim-grpo-ensemble,AOS-GRPO,
,,121,a3izlyz5,qwen3-8b-manim-grpo-ensemble,AOS-GRPO,
,,122,a3izlyz5,qwen3-8b-manim-grpo-ensemble,AOS-GRPO,
,,123,a3izlyz5,qwen3-8b-manim-grpo-ensemble,AOS-GRPO,
,,124,a3izlyz5,qwen3-8b-manim-grpo-ensemble,AOS-GRPO,
,,125,a3izlyz5,qwen3-8b-manim-grpo-ensemble,AOS-GRPO,
,,126,a3izlyz5,qwen3-8b-manim-grpo-ensemble,AOS-GRPO,
,,127,a3izlyz5,qwen3-8b-manim-grpo-ensemble,AOS-GRPO,
,,128,a3izlyz5,qwen3-8b-manim-grpo-ensemble,AOS-GRPO,
,,129,a3izlyz5,qwen3-8b-manim-grpo-ensemble,AOS-GRPO,
,,130,a3izlyz5,qwen3-8b-manim-grpo-ensemble,AOS-GRPO,
,,131,a3izlyz5,qwen3-8b-manim-grpo-ensemble,AOS-GRPO,
,,132,a3izlyz5,qwen3-8b-manim-grpo-ensemble,AOS-GRPO,
,,133,a3izlyz5,qwen3-8b-manim-grpo-ensemble,AOS-GRPO,
,,134,a3izlyz5,qwen3-8b-manim-grpo-ensemble,AOS-GRPO,
,,135,a3izlyz5,qwen3-8b-manim-grpo-ensemble,AOS-GRPO,
,,136,a3izlyz5,qwen3-8b-manim-grpo-ensemble,AOS-GRPO,
,,137,a3izlyz5,qwen3-8b-manim-grpo-ensemble,AOS-GRPO,
,,138,a3izlyz5,qwen3-8b-manim-grpo-ensemble,AOS-GRPO,
,,139,a3izlyz5,qwen3-8b-manim-grpo-ensemble,AOS-GRPO,
,,140,a3izlyz5,qwen3-8b-manim-grpo-ensemble,AOS-GRPO,
,,141,a3izlyz5,qwen3-8b-manim-grpo-ensemble,AOS-GRPO,
,,142,a3izlyz5,qwen3-8b-manim-grpo-ensemble,AOS-GRPO,
,,143,a3izlyz5,qwen3-8b-manim-grpo-ensemble,AOS-GRPO,
,,144,a3izlyz5,qwen3-8b-manim-grpo-ensemble,AOS-GRPO,
,,145,a3izlyz5,qwen3-8b-manim-grpo-ensemble,AOS-GRPO,
,,146,a3izlyz5,qwen3-8b-manim-grpo-ensemble,AOS-GRPO,
,,147,a3izlyz5,qwen3-8b-manim-grpo-ensemble,AOS-GRPO,
,,148,a3izlyz5,qwen3-8b-manim-grpo-ensemble,AOS-GRPO,
,,149,a3izlyz5,qwen3-8b-manim-grpo-ensemble,AOS-GRPO,
,,150,a3izlyz5,qwen3-8b-manim-grpo-ensemble,AOS-GRPO,
,,151,a3izlyz5,qwen3-8b-manim-grpo-ensemble,AOS-GRPO,
,,152,a3izlyz5,qwen3-8b-manim-grpo-ensemble,AOS-GRPO,
,,153,a3izlyz5,qwen3-8b-manim-grpo-ensemble,AOS-GRPO,
,,154,a3izlyz5,qwen3-8b-manim-grpo-ensemble,AOS-GRPO,
,,155,a3izlyz5,qwen3-8b-manim-grpo-ensemble,AOS-GRPO,
,,156,a3izlyz5,qwen3-8b-manim-grpo-ensemble,AOS-GRPO,
,,157,a3izlyz5,qwen3-8b-manim-grpo-ensemble,AOS-GRPO,
,,158,a3izlyz5,qwen3-8b-manim-grpo-ensemble,AOS-GRPO,
,,159,a3izlyz5,qwen3-8b-manim-grpo-ensemble,AOS-GRPO,
,,160,a3izlyz5,qwen3-8b-manim-grpo-ensemble,AOS-GRPO,
,,161,a3izlyz5,qwen3-8b-manim-grpo-ensemble,AOS-GRPO,
,,162,a3izlyz5,qwen3-8b-manim-grpo-ensemble,AOS-GRPO,
,,163,a3izlyz5,qwen3-8b-manim-grpo-ensemble,AOS-GRPO,
,,164,a3izlyz5,qwen3-8b-manim-grpo-ensemble,AOS-GRPO,
,,165,a3izlyz5,qwen3-8b-manim-grpo-ensemble,AOS-GRPO,
,,166,a3izlyz5,qwen3-8b-manim-grpo-ensemble,AOS-GRPO,
,,167,a3izlyz5,qwen3-8b-manim-grpo-ensemble,AOS-GRPO,
,,168,a3izlyz5,qwen3-8b-manim-grpo-ensemble,AOS-GRPO,
,,169,a3izlyz5,qwen3-8b-manim-grpo-ensemble,AOS-GRPO,
,,170,a3izlyz5,qwen3-8b-manim-grpo-ensemble,AOS-GRPO,
,,171,a3izlyz5,qwen3-8b-manim-grpo-ensemble,AOS-GRPO,
,,172,a3izlyz5,qwen3-8b-manim-grpo-ensemble,AOS-GRPO,
,,173,a3izlyz5,qwen3-8b-manim-grpo-ensemble,AOS-GRPO,
,,174,a3izlyz5,qwen3-8b-manim-grpo-ensemble,AOS-GRPO,
,,175,a3izlyz5,qwen3-8b-manim-grpo-ensemble,AOS-GRPO,
,,176,a3izlyz5,qwen3-8b-manim-grpo-ensemble,AOS-GRPO,
5.355555555555556e-05,0.0047,177,a3izlyz5,qwen3-8b-manim-grpo-ensemble,AOS-GRPO,
,,178,a3izlyz5,qwen3-8b-manim-grpo-ensemble,AOS-GRPO,
,,179,a3izlyz5,qwen3-8b-manim-grpo-ensemble,AOS-GRPO,
,,180,a3izlyz5,qwen3-8b-manim-grpo-ensemble,AOS-GRPO,
,,181,a3izlyz5,qwen3-8b-manim-grpo-ensemble,AOS-GRPO,
,,182,a3izlyz5,qwen3-8b-manim-grpo-ensemble,AOS-GRPO,
,,183,a3izlyz5,qwen3-8b-manim-grpo-ensemble,AOS-GRPO,
,,184,a3izlyz5,qwen3-8b-manim-grpo-ensemble,AOS-GRPO,
,,185,a3izlyz5,qwen3-8b-manim-grpo-ensemble,AOS-GRPO,
,,186,a3izlyz5,qwen3-8b-manim-grpo-ensemble,AOS-GRPO,
,,187,a3izlyz5,qwen3-8b-manim-grpo-ensemble,AOS-GRPO,
,,188,a3izlyz5,qwen3-8b-manim-grpo-ensemble,AOS-GRPO,
,,189,a3izlyz5,qwen3-8b-manim-grpo-ensemble,AOS-GRPO,
,,190,a3izlyz5,qwen3-8b-manim-grpo-ensemble,AOS-GRPO,
,,191,a3izlyz5,qwen3-8b-manim-grpo-ensemble,AOS-GRPO,
,,192,a3izlyz5,qwen3-8b-manim-grpo-ensemble,AOS-GRPO,
,,193,a3izlyz5,qwen3-8b-manim-grpo-ensemble,AOS-GRPO,
,,194,a3izlyz5,qwen3-8b-manim-grpo-ensemble,AOS-GRPO,
,,195,a3izlyz5,qwen3-8b-manim-grpo-ensemble,AOS-GRPO,
,,196,a3izlyz5,qwen3-8b-manim-grpo-ensemble,AOS-GRPO,
,,197,a3izlyz5,qwen3-8b-manim-grpo-ensemble,AOS-GRPO,
,,198,a3izlyz5,qwen3-8b-manim-grpo-ensemble,AOS-GRPO,
,,199,a3izlyz5,qwen3-8b-manim-grpo-ensemble,AOS-GRPO,
,,200,a3izlyz5,qwen3-8b-manim-grpo-ensemble,AOS-GRPO,
,,201,a3izlyz5,qwen3-8b-manim-grpo-ensemble,AOS-GRPO,
,,202,a3izlyz5,qwen3-8b-manim-grpo-ensemble,AOS-GRPO,
,,203,a3izlyz5,qwen3-8b-manim-grpo-ensemble,AOS-GRPO,
,,204,a3izlyz5,qwen3-8b-manim-grpo-ensemble,AOS-GRPO,
,,205,a3izlyz5,qwen3-8b-manim-grpo-ensemble,AOS-GRPO,
,,206,a3izlyz5,qwen3-8b-manim-grpo-ensemble,AOS-GRPO,
,,207,a3izlyz5,qwen3-8b-manim-grpo-ensemble,AOS-GRPO,
,,208,a3izlyz5,qwen3-8b-manim-grpo-ensemble,AOS-GRPO,
,,209,a3izlyz5,qwen3-8b-manim-grpo-ensemble,AOS-GRPO,
,,210,a3izlyz5,qwen3-8b-manim-grpo-ensemble,AOS-GRPO,
,,211,a3izlyz5,qwen3-8b-manim-grpo-ensemble,AOS-GRPO,
,,212,a3izlyz5,qwen3-8b-manim-grpo-ensemble,AOS-GRPO,
,,213,a3izlyz5,qwen3-8b-manim-grpo-ensemble,AOS-GRPO,
,,214,a3izlyz5,qwen3-8b-manim-grpo-ensemble,AOS-GRPO,
,,215,a3izlyz5,qwen3-8b-manim-grpo-ensemble,AOS-GRPO,
,,216,a3izlyz5,qwen3-8b-manim-grpo-ensemble,AOS-GRPO,
,,217,a3izlyz5,qwen3-8b-manim-grpo-ensemble,AOS-GRPO,
,,218,a3izlyz5,qwen3-8b-manim-grpo-ensemble,AOS-GRPO,
,,219,a3izlyz5,qwen3-8b-manim-grpo-ensemble,AOS-GRPO,
,,220,a3izlyz5,qwen3-8b-manim-grpo-ensemble,AOS-GRPO,
,,221,a3izlyz5,qwen3-8b-manim-grpo-ensemble,AOS-GRPO,
,,222,a3izlyz5,qwen3-8b-manim-grpo-ensemble,AOS-GRPO,
,,223,a3izlyz5,qwen3-8b-manim-grpo-ensemble,AOS-GRPO,
,,224,a3izlyz5,qwen3-8b-manim-grpo-ensemble,AOS-GRPO,
,,225,a3izlyz5,qwen3-8b-manim-grpo-ensemble,AOS-GRPO,
,,226,a3izlyz5,qwen3-8b-manim-grpo-ensemble,AOS-GRPO,
,,227,a3izlyz5,qwen3-8b-manim-grpo-ensemble,AOS-GRPO,
,,228,a3izlyz5,qwen3-8b-manim-grpo-ensemble,AOS-GRPO,
,,229,a3izlyz5,qwen3-8b-manim-grpo-ensemble,AOS-GRPO,
,,230,a3izlyz5,qwen3-8b-manim-grpo-ensemble,AOS-GRPO,
,,231,a3izlyz5,qwen3-8b-manim-grpo-ensemble,AOS-GRPO,
,,232,a3izlyz5,qwen3-8b-manim-grpo-ensemble,AOS-GRPO,
,,233,a3izlyz5,qwen3-8b-manim-grpo-ensemble,AOS-GRPO,
,,234,a3izlyz5,qwen3-8b-manim-grpo-ensemble,AOS-GRPO,
,,235,a3izlyz5,qwen3-8b-manim-grpo-ensemble,AOS-GRPO,
,,236,a3izlyz5,qwen3-8b-manim-grpo-ensemble,AOS-GRPO,
,,237,a3izlyz5,qwen3-8b-manim-grpo-ensemble,AOS-GRPO,
,,238,a3izlyz5,qwen3-8b-manim-grpo-ensemble,AOS-GRPO,
,,239,a3izlyz5,qwen3-8b-manim-grpo-ensemble,AOS-GRPO,
,,240,a3izlyz5,qwen3-8b-manim-grpo-ensemble,AOS-GRPO,
,,241,a3izlyz5,qwen3-8b-manim-grpo-ensemble,AOS-GRPO,
,,242,a3izlyz5,qwen3-8b-manim-grpo-ensemble,AOS-GRPO,
,,243,a3izlyz5,qwen3-8b-manim-grpo-ensemble,AOS-GRPO,
,,244,a3izlyz5,qwen3-8b-manim-grpo-ensemble,AOS-GRPO,
,,245,a3izlyz5,qwen3-8b-manim-grpo-ensemble,AOS-GRPO,
,,246,a3izlyz5,qwen3-8b-manim-grpo-ensemble,AOS-GRPO,
,,247,a3izlyz5,qwen3-8b-manim-grpo-ensemble,AOS-GRPO,
5.133333333333333e-05,-0.0185,248,a3izlyz5,qwen3-8b-manim-grpo-ensemble,AOS-GRPO,
,,249,a3izlyz5,qwen3-8b-manim-grpo-ensemble,AOS-GRPO,
,,250,a3izlyz5,qwen3-8b-manim-grpo-ensemble,AOS-GRPO,
,,251,a3izlyz5,qwen3-8b-manim-grpo-ensemble,AOS-GRPO,
,,252,a3izlyz5,qwen3-8b-manim-grpo-ensemble,AOS-GRPO,
,,253,a3izlyz5,qwen3-8b-manim-grpo-ensemble,AOS-GRPO,
,,254,a3izlyz5,qwen3-8b-manim-grpo-ensemble,AOS-GRPO,
,,255,a3izlyz5,qwen3-8b-manim-grpo-ensemble,AOS-GRPO,
,,256,a3izlyz5,qwen3-8b-manim-grpo-ensemble,AOS-GRPO,
,,257,a3izlyz5,qwen3-8b-manim-grpo-ensemble,AOS-GRPO,
,,258,a3izlyz5,qwen3-8b-manim-grpo-ensemble,AOS-GRPO,
,,259,a3izlyz5,qwen3-8b-manim-grpo-ensemble,AOS-GRPO,
,,260,a3izlyz5,qwen3-8b-manim-grpo-ensemble,AOS-GRPO,
,,261,a3izlyz5,qwen3-8b-manim-grpo-ensemble,AOS-GRPO,
,,262,a3izlyz5,qwen3-8b-manim-grpo-ensemble,AOS-GRPO,
,,263,a3izlyz5,qwen3-8b-manim-grpo-ensemble,AOS-GRPO,
,,264,a3izlyz5,qwen3-8b-manim-grpo-ensemble,AOS-GRPO,
,,265,a3izlyz5,qwen3-8b-manim-grpo-ensemble,AOS-GRPO,
,,266,a3izlyz5,qwen3-8b-manim-grpo-ensemble,AOS-GRPO,
,,267,a3izlyz5,qwen3-8b-manim-grpo-ensemble,AOS-GRPO,
,,268,a3izlyz5,qwen3-8b-manim-grpo-ensemble,AOS-GRPO,
,,269,a3izlyz5,qwen3-8b-manim-grpo-ensemble,AOS-GRPO,
,,270,a3izlyz5,qwen3-8b-manim-grpo-ensemble,AOS-GRPO,
,,271,a3izlyz5,qwen3-8b-manim-grpo-ensemble,AOS-GRPO,
,,272,a3izlyz5,qwen3-8b-manim-grpo-ensemble,AOS-GRPO,
,,273,a3izlyz5,qwen3-8b-manim-grpo-ensemble,AOS-GRPO,
,,274,a3izlyz5,qwen3-8b-manim-grpo-ensemble,AOS-GRPO,
,,275,a3izlyz5,qwen3-8b-manim-grpo-ensemble,AOS-GRPO,
,,276,a3izlyz5,qwen3-8b-manim-grpo-ensemble,AOS-GRPO,
,,277,a3izlyz5,qwen3-8b-manim-grpo-ensemble,AOS-GRPO,
,,278,a3izlyz5,qwen3-8b-manim-grpo-ensemble,AOS-GRPO,
,,279,a3izlyz5,qwen3-8b-manim-grpo-ensemble,AOS-GRPO,
,,280,a3izlyz5,qwen3-8b-manim-grpo-ensemble,AOS-GRPO,
,,281,a3izlyz5,qwen3-8b-manim-grpo-ensemble,AOS-GRPO,
,,282,a3izlyz5,qwen3-8b-manim-grpo-ensemble,AOS-GRPO,
,,283,a3izlyz5,qwen3-8b-manim-grpo-ensemble,AOS-GRPO,
,,284,a3izlyz5,qwen3-8b-manim-grpo-ensemble,AOS-GRPO,
,,285,a3izlyz5,qwen3-8b-manim-grpo-ensemble,AOS-GRPO,
,,286,a3izlyz5,qwen3-8b-manim-grpo-ensemble,AOS-GRPO,
,,287,a3izlyz5,qwen3-8b-manim-grpo-ensemble,AOS-GRPO,
,,288,a3izlyz5,qwen3-8b-manim-grpo-ensemble,AOS-GRPO,
,,289,a3izlyz5,qwen3-8b-manim-grpo-ensemble,AOS-GRPO,
,,290,a3izlyz5,qwen3-8b-manim-grpo-ensemble,AOS-GRPO,
,,291,a3izlyz5,qwen3-8b-manim-grpo-ensemble,AOS-GRPO,
,,292,a3izlyz5,qwen3-8b-manim-grpo-ensemble,AOS-GRPO,
,,293,a3izlyz5,qwen3-8b-manim-grpo-ensemble,AOS-GRPO,
,,294,a3izlyz5,qwen3-8b-manim-grpo-ensemble,AOS-GRPO,
,,295,a3izlyz5,qwen3-8b-manim-grpo-ensemble,AOS-GRPO,
,,296,a3izlyz5,qwen3-8b-manim-grpo-ensemble,AOS-GRPO,
,,297,a3izlyz5,qwen3-8b-manim-grpo-ensemble,AOS-GRPO,
,,298,a3izlyz5,qwen3-8b-manim-grpo-ensemble,AOS-GRPO,
,,299,a3izlyz5,qwen3-8b-manim-grpo-ensemble,AOS-GRPO,
,,300,a3izlyz5,qwen3-8b-manim-grpo-ensemble,AOS-GRPO,
,,301,a3izlyz5,qwen3-8b-manim-grpo-ensemble,AOS-GRPO,
,,302,a3izlyz5,qwen3-8b-manim-grpo-ensemble,AOS-GRPO,
,,303,a3izlyz5,qwen3-8b-manim-grpo-ensemble,AOS-GRPO,
,,304,a3izlyz5,qwen3-8b-manim-grpo-ensemble,AOS-GRPO,
,,305,a3izlyz5,qwen3-8b-manim-grpo-ensemble,AOS-GRPO,
,,306,a3izlyz5,qwen3-8b-manim-grpo-ensemble,AOS-GRPO,
,,307,a3izlyz5,qwen3-8b-manim-grpo-ensemble,AOS-GRPO,
,,308,a3izlyz5,qwen3-8b-manim-grpo-ensemble,AOS-GRPO,
,,309,a3izlyz5,qwen3-8b-manim-grpo-ensemble,AOS-GRPO,
,,310,a3izlyz5,qwen3-8b-manim-grpo-ensemble,AOS-GRPO,
,,311,a3izlyz5,qwen3-8b-manim-grpo-ensemble,AOS-GRPO,
,,312,a3izlyz5,qwen3-8b-manim-grpo-ensemble,AOS-GRPO,
,,313,a3izlyz5,qwen3-8b-manim-grpo-ensemble,AOS-GRPO,
,,314,a3izlyz5,qwen3-8b-manim-grpo-ensemble,AOS-GRPO,
,,315,a3izlyz5,qwen3-8b-manim-grpo-ensemble,AOS-GRPO,
,,316,a3izlyz5,qwen3-8b-manim-grpo-ensemble,AOS-GRPO,
,,317,a3izlyz5,qwen3-8b-manim-grpo-ensemble,AOS-GRPO,
,,318,a3izlyz5,qwen3-8b-manim-grpo-ensemble,AOS-GRPO,
4.9111111111111114e-05,0.0004,319,a3izlyz5,qwen3-8b-manim-grpo-ensemble,AOS-GRPO,
,,320,a3izlyz5,qwen3-8b-manim-grpo-ensemble,AOS-GRPO,
,,321,a3izlyz5,qwen3-8b-manim-grpo-ensemble,AOS-GRPO,
,,322,a3izlyz5,qwen3-8b-manim-grpo-ensemble,AOS-GRPO,
,,323,a3izlyz5,qwen3-8b-manim-grpo-ensemble,AOS-GRPO,
,,324,a3izlyz5,qwen3-8b-manim-grpo-ensemble,AOS-GRPO,
,,325,a3izlyz5,qwen3-8b-manim-grpo-ensemble,AOS-GRPO,
,,326,a3izlyz5,qwen3-8b-manim-grpo-ensemble,AOS-GRPO,
,,327,a3izlyz5,qwen3-8b-manim-grpo-ensemble,AOS-GRPO,
,,328,a3izlyz5,qwen3-8b-manim-grpo-ensemble,AOS-GRPO,
,,329,a3izlyz5,qwen3-8b-manim-grpo-ensemble,AOS-GRPO,
,,330,a3izlyz5,qwen3-8b-manim-grpo-ensemble,AOS-GRPO,
,,331,a3izlyz5,qwen3-8b-manim-grpo-ensemble,AOS-GRPO,
,,332,a3izlyz5,qwen3-8b-manim-grpo-ensemble,AOS-GRPO,
,,333,a3izlyz5,qwen3-8b-manim-grpo-ensemble,AOS-GRPO,
,,334,a3izlyz5,qwen3-8b-manim-grpo-ensemble,AOS-GRPO,
,,335,a3izlyz5,qwen3-8b-manim-grpo-ensemble,AOS-GRPO,
,,336,a3izlyz5,qwen3-8b-manim-grpo-ensemble,AOS-GRPO,
,,337,a3izlyz5,qwen3-8b-manim-grpo-ensemble,AOS-GRPO,
,,338,a3izlyz5,qwen3-8b-manim-grpo-ensemble,AOS-GRPO,
,,339,a3izlyz5,qwen3-8b-manim-grpo-ensemble,AOS-GRPO,
,,340,a3izlyz5,qwen3-8b-manim-grpo-ensemble,AOS-GRPO,
,,341,a3izlyz5,qwen3-8b-manim-grpo-ensemble,AOS-GRPO,
,,342,a3izlyz5,qwen3-8b-manim-grpo-ensemble,AOS-GRPO,
,,343,a3izlyz5,qwen3-8b-manim-grpo-ensemble,AOS-GRPO,
,,344,a3izlyz5,qwen3-8b-manim-grpo-ensemble,AOS-GRPO,
,,345,a3izlyz5,qwen3-8b-manim-grpo-ensemble,AOS-GRPO,
,,346,a3izlyz5,qwen3-8b-manim-grpo-ensemble,AOS-GRPO,
,,347,a3izlyz5,qwen3-8b-manim-grpo-ensemble,AOS-GRPO,
,,348,a3izlyz5,qwen3-8b-manim-grpo-ensemble,AOS-GRPO,
,,349,a3izlyz5,qwen3-8b-manim-grpo-ensemble,AOS-GRPO,
,,350,a3izlyz5,qwen3-8b-manim-grpo-ensemble,AOS-GRPO,
,,351,a3izlyz5,qwen3-8b-manim-grpo-ensemble,AOS-GRPO,
,,352,a3izlyz5,qwen3-8b-manim-grpo-ensemble,AOS-GRPO,
,,353,a3izlyz5,qwen3-8b-manim-grpo-ensemble,AOS-GRPO,
,,354,a3izlyz5,qwen3-8b-manim-grpo-ensemble,AOS-GRPO,
,,355,a3izlyz5,qwen3-8b-manim-grpo-ensemble,AOS-GRPO,
,,356,a3izlyz5,qwen3-8b-manim-grpo-ensemble,AOS-GRPO,
,,357,a3izlyz5,qwen3-8b-manim-grpo-ensemble,AOS-GRPO,
,,358,a3izlyz5,qwen3-8b-manim-grpo-ensemble,AOS-GRPO,
,,359,a3izlyz5,qwen3-8b-manim-grpo-ensemble,AOS-GRPO,
,,360,a3izlyz5,qwen3-8b-manim-grpo-ensemble,AOS-GRPO,
,,361,a3izlyz5,qwen3-8b-manim-grpo-ensemble,AOS-GRPO,
,,362,a3izlyz5,qwen3-8b-manim-grpo-ensemble,AOS-GRPO,
,,363,a3izlyz5,qwen3-8b-manim-grpo-ensemble,AOS-GRPO,
,,364,a3izlyz5,qwen3-8b-manim-grpo-ensemble,AOS-GRPO,
,,365,a3izlyz5,qwen3-8b-manim-grpo-ensemble,AOS-GRPO,
,,366,a3izlyz5,qwen3-8b-manim-grpo-ensemble,AOS-GRPO,
,,367,a3izlyz5,qwen3-8b-manim-grpo-ensemble,AOS-GRPO,
,,368,a3izlyz5,qwen3-8b-manim-grpo-ensemble,AOS-GRPO,
,,369,a3izlyz5,qwen3-8b-manim-grpo-ensemble,AOS-GRPO,
,,370,a3izlyz5,qwen3-8b-manim-grpo-ensemble,AOS-GRPO,
,,371,a3izlyz5,qwen3-8b-manim-grpo-ensemble,AOS-GRPO,
,,372,a3izlyz5,qwen3-8b-manim-grpo-ensemble,AOS-GRPO,
,,373,a3izlyz5,qwen3-8b-manim-grpo-ensemble,AOS-GRPO,
,,374,a3izlyz5,qwen3-8b-manim-grpo-ensemble,AOS-GRPO,
,,375,a3izlyz5,qwen3-8b-manim-grpo-ensemble,AOS-GRPO,
,,376,a3izlyz5,qwen3-8b-manim-grpo-ensemble,AOS-GRPO,
,,377,a3izlyz5,qwen3-8b-manim-grpo-ensemble,AOS-GRPO,
,,378,a3izlyz5,qwen3-8b-manim-grpo-ensemble,AOS-GRPO,
,,379,a3izlyz5,qwen3-8b-manim-grpo-ensemble,AOS-GRPO,
,,380,a3izlyz5,qwen3-8b-manim-grpo-ensemble,AOS-GRPO,
,,381,a3izlyz5,qwen3-8b-manim-grpo-ensemble,AOS-GRPO,
,,382,a3izlyz5,qwen3-8b-manim-grpo-ensemble,AOS-GRPO,
,,383,a3izlyz5,qwen3-8b-manim-grpo-ensemble,AOS-GRPO,
,,384,a3izlyz5,qwen3-8b-manim-grpo-ensemble,AOS-GRPO,
,,385,a3izlyz5,qwen3-8b-manim-grpo-ensemble,AOS-GRPO,
,,386,a3izlyz5,qwen3-8b-manim-grpo-ensemble,AOS-GRPO,
,,387,a3izlyz5,qwen3-8b-manim-grpo-ensemble,AOS-GRPO,
,,388,a3izlyz5,qwen3-8b-manim-grpo-ensemble,AOS-GRPO,
,,389,a3izlyz5,qwen3-8b-manim-grpo-ensemble,AOS-GRPO,
4.6888888888888895e-05,-0.0054,390,a3izlyz5,qwen3-8b-manim-grpo-ensemble,AOS-GRPO,
,,391,a3izlyz5,qwen3-8b-manim-grpo-ensemble,AOS-GRPO,
,,392,a3izlyz5,qwen3-8b-manim-grpo-ensemble,AOS-GRPO,
,,393,a3izlyz5,qwen3-8b-manim-grpo-ensemble,AOS-GRPO,
,,394,a3izlyz5,qwen3-8b-manim-grpo-ensemble,AOS-GRPO,
,,395,a3izlyz5,qwen3-8b-manim-grpo-ensemble,AOS-GRPO,
,,396,a3izlyz5,qwen3-8b-manim-grpo-ensemble,AOS-GRPO,
,,397,a3izlyz5,qwen3-8b-manim-grpo-ensemble,AOS-GRPO,
,,398,a3izlyz5,qwen3-8b-manim-grpo-ensemble,AOS-GRPO,
,,399,a3izlyz5,qwen3-8b-manim-grpo-ensemble,AOS-GRPO,
,,400,a3izlyz5,qwen3-8b-manim-grpo-ensemble,AOS-GRPO,
,,401,a3izlyz5,qwen3-8b-manim-grpo-ensemble,AOS-GRPO,
,,402,a3izlyz5,qwen3-8b-manim-grpo-ensemble,AOS-GRPO,
,,403,a3izlyz5,qwen3-8b-manim-grpo-ensemble,AOS-GRPO,
,,404,a3izlyz5,qwen3-8b-manim-grpo-ensemble,AOS-GRPO,
,,405,a3izlyz5,qwen3-8b-manim-grpo-ensemble,AOS-GRPO,
,,406,a3izlyz5,qwen3-8b-manim-grpo-ensemble,AOS-GRPO,
,,407,a3izlyz5,qwen3-8b-manim-grpo-ensemble,AOS-GRPO,
,,408,a3izlyz5,qwen3-8b-manim-grpo-ensemble,AOS-GRPO,
,,409,a3izlyz5,qwen3-8b-manim-grpo-ensemble,AOS-GRPO,
,,410,a3izlyz5,qwen3-8b-manim-grpo-ensemble,AOS-GRPO,
,,411,a3izlyz5,qwen3-8b-manim-grpo-ensemble,AOS-GRPO,
,,412,a3izlyz5,qwen3-8b-manim-grpo-ensemble,AOS-GRPO,
,,413,a3izlyz5,qwen3-8b-manim-grpo-ensemble,AOS-GRPO,
,,414,a3izlyz5,qwen3-8b-manim-grpo-ensemble,AOS-GRPO,
,,415,a3izlyz5,qwen3-8b-manim-grpo-ensemble,AOS-GRPO,
,,416,a3izlyz5,qwen3-8b-manim-grpo-ensemble,AOS-GRPO,
,,417,a3izlyz5,qwen3-8b-manim-grpo-ensemble,AOS-GRPO,
,,418,a3izlyz5,qwen3-8b-manim-grpo-ensemble,AOS-GRPO,
,,419,a3izlyz5,qwen3-8b-manim-grpo-ensemble,AOS-GRPO,
,,420,a3izlyz5,qwen3-8b-manim-grpo-ensemble,AOS-GRPO,
,,421,a3izlyz5,qwen3-8b-manim-grpo-ensemble,AOS-GRPO,
,,422,a3izlyz5,qwen3-8b-manim-grpo-ensemble,AOS-GRPO,
,,423,a3izlyz5,qwen3-8b-manim-grpo-ensemble,AOS-GRPO,
,,424,a3izlyz5,qwen3-8b-manim-grpo-ensemble,AOS-GRPO,
,,425,a3izlyz5,qwen3-8b-manim-grpo-ensemble,AOS-GRPO,
,,426,a3izlyz5,qwen3-8b-manim-grpo-ensemble,AOS-GRPO,
,,427,a3izlyz5,qwen3-8b-manim-grpo-ensemble,AOS-GRPO,
,,428,a3izlyz5,qwen3-8b-manim-grpo-ensemble,AOS-GRPO,
,,429,a3izlyz5,qwen3-8b-manim-grpo-ensemble,AOS-GRPO,
,,430,a3izlyz5,qwen3-8b-manim-grpo-ensemble,AOS-GRPO,
,,431,a3izlyz5,qwen3-8b-manim-grpo-ensemble,AOS-GRPO,
,,432,a3izlyz5,qwen3-8b-manim-grpo-ensemble,AOS-GRPO,
,,433,a3izlyz5,qwen3-8b-manim-grpo-ensemble,AOS-GRPO,
,,434,a3izlyz5,qwen3-8b-manim-grpo-ensemble,AOS-GRPO,
,,435,a3izlyz5,qwen3-8b-manim-grpo-ensemble,AOS-GRPO,
,,436,a3izlyz5,qwen3-8b-manim-grpo-ensemble,AOS-GRPO,
,,437,a3izlyz5,qwen3-8b-manim-grpo-ensemble,AOS-GRPO,
,,438,a3izlyz5,qwen3-8b-manim-grpo-ensemble,AOS-GRPO,
,,439,a3izlyz5,qwen3-8b-manim-grpo-ensemble,AOS-GRPO,
,,440,a3izlyz5,qwen3-8b-manim-grpo-ensemble,AOS-GRPO,
,,441,a3izlyz5,qwen3-8b-manim-grpo-ensemble,AOS-GRPO,
,,442,a3izlyz5,qwen3-8b-manim-grpo-ensemble,AOS-GRPO,
,,443,a3izlyz5,qwen3-8b-manim-grpo-ensemble,AOS-GRPO,
,,444,a3izlyz5,qwen3-8b-manim-grpo-ensemble,AOS-GRPO,
,,445,a3izlyz5,qwen3-8b-manim-grpo-ensemble,AOS-GRPO,
,,446,a3izlyz5,qwen3-8b-manim-grpo-ensemble,AOS-GRPO,
,,447,a3izlyz5,qwen3-8b-manim-grpo-ensemble,AOS-GRPO,
,,448,a3izlyz5,qwen3-8b-manim-grpo-ensemble,AOS-GRPO,
,,449,a3izlyz5,qwen3-8b-manim-grpo-ensemble,AOS-GRPO,
,,450,a3izlyz5,qwen3-8b-manim-grpo-ensemble,AOS-GRPO,
,,451,a3izlyz5,qwen3-8b-manim-grpo-ensemble,AOS-GRPO,
,,452,a3izlyz5,qwen3-8b-manim-grpo-ensemble,AOS-GRPO,
,,453,a3izlyz5,qwen3-8b-manim-grpo-ensemble,AOS-GRPO,
,,454,a3izlyz5,qwen3-8b-manim-grpo-ensemble,AOS-GRPO,
,,455,a3izlyz5,qwen3-8b-manim-grpo-ensemble,AOS-GRPO,
,,456,a3izlyz5,qwen3-8b-manim-grpo-ensemble,AOS-GRPO,
,,457,a3izlyz5,qwen3-8b-manim-grpo-ensemble,AOS-GRPO,
,,458,a3izlyz5,qwen3-8b-manim-grpo-ensemble,AOS-GRPO,
,,459,a3izlyz5,qwen3-8b-manim-grpo-ensemble,AOS-GRPO,
,,460,a3izlyz5,qwen3-8b-manim-grpo-ensemble,AOS-GRPO,
4.466666666666667e-05,-0.0287,461,a3izlyz5,qwen3-8b-manim-grpo-ensemble,AOS-GRPO,
,,462,a3izlyz5,qwen3-8b-manim-grpo-ensemble,AOS-GRPO,
,,463,a3izlyz5,qwen3-8b-manim-grpo-ensemble,AOS-GRPO,
,,464,a3izlyz5,qwen3-8b-manim-grpo-ensemble,AOS-GRPO,
,,465,a3izlyz5,qwen3-8b-manim-grpo-ensemble,AOS-GRPO,
,,466,a3izlyz5,qwen3-8b-manim-grpo-ensemble,AOS-GRPO,
,,467,a3izlyz5,qwen3-8b-manim-grpo-ensemble,AOS-GRPO,
,,468,a3izlyz5,qwen3-8b-manim-grpo-ensemble,AOS-GRPO,
,,469,a3izlyz5,qwen3-8b-manim-grpo-ensemble,AOS-GRPO,
,,470,a3izlyz5,qwen3-8b-manim-grpo-ensemble,AOS-GRPO,
,,471,a3izlyz5,qwen3-8b-manim-grpo-ensemble,AOS-GRPO,
,,472,a3izlyz5,qwen3-8b-manim-grpo-ensemble,AOS-GRPO,
,,473,a3izlyz5,qwen3-8b-manim-grpo-ensemble,AOS-GRPO,
,,474,a3izlyz5,qwen3-8b-manim-grpo-ensemble,AOS-GRPO,
,,475,a3izlyz5,qwen3-8b-manim-grpo-ensemble,AOS-GRPO,
,,476,a3izlyz5,qwen3-8b-manim-grpo-ensemble,AOS-GRPO,
,,477,a3izlyz5,qwen3-8b-manim-grpo-ensemble,AOS-GRPO,
,,478,a3izlyz5,qwen3-8b-manim-grpo-ensemble,AOS-GRPO,
,,479,a3izlyz5,qwen3-8b-manim-grpo-ensemble,AOS-GRPO,
,,480,a3izlyz5,qwen3-8b-manim-grpo-ensemble,AOS-GRPO,
,,481,a3izlyz5,qwen3-8b-manim-grpo-ensemble,AOS-GRPO,
,,482,a3izlyz5,qwen3-8b-manim-grpo-ensemble,AOS-GRPO,
,,483,a3izlyz5,qwen3-8b-manim-grpo-ensemble,AOS-GRPO,
,,484,a3izlyz5,qwen3-8b-manim-grpo-ensemble,AOS-GRPO,
,,485,a3izlyz5,qwen3-8b-manim-grpo-ensemble,AOS-GRPO,
,,486,a3izlyz5,qwen3-8b-manim-grpo-ensemble,AOS-GRPO,
,,487,a3izlyz5,qwen3-8b-manim-grpo-ensemble,AOS-GRPO,
,,488,a3izlyz5,qwen3-8b-manim-grpo-ensemble,AOS-GRPO,
,,489,a3izlyz5,qwen3-8b-manim-grpo-ensemble,AOS-GRPO,
,,490,a3izlyz5,qwen3-8b-manim-grpo-ensemble,AOS-GRPO,
,,491,a3izlyz5,qwen3-8b-manim-grpo-ensemble,AOS-GRPO,
,,492,a3izlyz5,qwen3-8b-manim-grpo-ensemble,AOS-GRPO,
,,493,a3izlyz5,qwen3-8b-manim-grpo-ensemble,AOS-GRPO,
,,494,a3izlyz5,qwen3-8b-manim-grpo-ensemble,AOS-GRPO,
,,495,a3izlyz5,qwen3-8b-manim-grpo-ensemble,AOS-GRPO,
,,496,a3izlyz5,qwen3-8b-manim-grpo-ensemble,AOS-GRPO,
,,497,a3izlyz5,qwen3-8b-manim-grpo-ensemble,AOS-GRPO,
,,498,a3izlyz5,qwen3-8b-manim-grpo-ensemble,AOS-GRPO,
,,499,a3izlyz5,qwen3-8b-manim-grpo-ensemble,AOS-GRPO,
,,500,a3izlyz5,qwen3-8b-manim-grpo-ensemble,AOS-GRPO,
,,501,a3izlyz5,qwen3-8b-manim-grpo-ensemble,AOS-GRPO,
,,502,a3izlyz5,qwen3-8b-manim-grpo-ensemble,AOS-GRPO,
,,503,a3izlyz5,qwen3-8b-manim-grpo-ensemble,AOS-GRPO,
,,504,a3izlyz5,qwen3-8b-manim-grpo-ensemble,AOS-GRPO,
,,505,a3izlyz5,qwen3-8b-manim-grpo-ensemble,AOS-GRPO,
,,506,a3izlyz5,qwen3-8b-manim-grpo-ensemble,AOS-GRPO,
,,507,a3izlyz5,qwen3-8b-manim-grpo-ensemble,AOS-GRPO,
,,508,a3izlyz5,qwen3-8b-manim-grpo-ensemble,AOS-GRPO,
,,509,a3izlyz5,qwen3-8b-manim-grpo-ensemble,AOS-GRPO,
,,510,a3izlyz5,qwen3-8b-manim-grpo-ensemble,AOS-GRPO,
,,511,a3izlyz5,qwen3-8b-manim-grpo-ensemble,AOS-GRPO,
,,512,a3izlyz5,qwen3-8b-manim-grpo-ensemble,AOS-GRPO,
,,513,a3izlyz5,qwen3-8b-manim-grpo-ensemble,AOS-GRPO,
,,514,a3izlyz5,qwen3-8b-manim-grpo-ensemble,AOS-GRPO,
,,515,a3izlyz5,qwen3-8b-manim-grpo-ensemble,AOS-GRPO,
,,516,a3izlyz5,qwen3-8b-manim-grpo-ensemble,AOS-GRPO,
,,517,a3izlyz5,qwen3-8b-manim-grpo-ensemble,AOS-GRPO,
,,518,a3izlyz5,qwen3-8b-manim-grpo-ensemble,AOS-GRPO,
,,519,a3izlyz5,qwen3-8b-manim-grpo-ensemble,AOS-GRPO,
,,520,a3izlyz5,qwen3-8b-manim-grpo-ensemble,AOS-GRPO,
,,521,a3izlyz5,qwen3-8b-manim-grpo-ensemble,AOS-GRPO,
,,522,a3izlyz5,qwen3-8b-manim-grpo-ensemble,AOS-GRPO,
,,523,a3izlyz5,qwen3-8b-manim-grpo-ensemble,AOS-GRPO,
,,524,a3izlyz5,qwen3-8b-manim-grpo-ensemble,AOS-GRPO,
,,525,a3izlyz5,qwen3-8b-manim-grpo-ensemble,AOS-GRPO,
,,526,a3izlyz5,qwen3-8b-manim-grpo-ensemble,AOS-GRPO,
,,527,a3izlyz5,qwen3-8b-manim-grpo-ensemble,AOS-GRPO,
,,528,a3izlyz5,qwen3-8b-manim-grpo-ensemble,AOS-GRPO,
,,529,a3izlyz5,qwen3-8b-manim-grpo-ensemble,AOS-GRPO,
,,530,a3izlyz5,qwen3-8b-manim-grpo-ensemble,AOS-GRPO,
,,531,a3izlyz5,qwen3-8b-manim-grpo-ensemble,AOS-GRPO,
4.2444444444444445e-05,0.0034,532,a3izlyz5,qwen3-8b-manim-grpo-ensemble,AOS-GRPO,
,,533,a3izlyz5,qwen3-8b-manim-grpo-ensemble,AOS-GRPO,
,,534,a3izlyz5,qwen3-8b-manim-grpo-ensemble,AOS-GRPO,
,,535,a3izlyz5,qwen3-8b-manim-grpo-ensemble,AOS-GRPO,
,,536,a3izlyz5,qwen3-8b-manim-grpo-ensemble,AOS-GRPO,
,,537,a3izlyz5,qwen3-8b-manim-grpo-ensemble,AOS-GRPO,
,,538,a3izlyz5,qwen3-8b-manim-grpo-ensemble,AOS-GRPO,
,,539,a3izlyz5,qwen3-8b-manim-grpo-ensemble,AOS-GRPO,
,,540,a3izlyz5,qwen3-8b-manim-grpo-ensemble,AOS-GRPO,
,,541,a3izlyz5,qwen3-8b-manim-grpo-ensemble,AOS-GRPO,
,,542,a3izlyz5,qwen3-8b-manim-grpo-ensemble,AOS-GRPO,
,,543,a3izlyz5,qwen3-8b-manim-grpo-ensemble,AOS-GRPO,
,,544,a3izlyz5,qwen3-8b-manim-grpo-ensemble,AOS-GRPO,
,,545,a3izlyz5,qwen3-8b-manim-grpo-ensemble,AOS-GRPO,
,,546,a3izlyz5,qwen3-8b-manim-grpo-ensemble,AOS-GRPO,
,,547,a3izlyz5,qwen3-8b-manim-grpo-ensemble,AOS-GRPO,
,,548,a3izlyz5,qwen3-8b-manim-grpo-ensemble,AOS-GRPO,
,,549,a3izlyz5,qwen3-8b-manim-grpo-ensemble,AOS-GRPO,
,,550,a3izlyz5,qwen3-8b-manim-grpo-ensemble,AOS-GRPO,
,,551,a3izlyz5,qwen3-8b-manim-grpo-ensemble,AOS-GRPO,
,,552,a3izlyz5,qwen3-8b-manim-grpo-ensemble,AOS-GRPO,
,,553,a3izlyz5,qwen3-8b-manim-grpo-ensemble,AOS-GRPO,
,,554,a3izlyz5,qwen3-8b-manim-grpo-ensemble,AOS-GRPO,
,,555,a3izlyz5,qwen3-8b-manim-grpo-ensemble,AOS-GRPO,
,,556,a3izlyz5,qwen3-8b-manim-grpo-ensemble,AOS-GRPO,
,,557,a3izlyz5,qwen3-8b-manim-grpo-ensemble,AOS-GRPO,
,,558,a3izlyz5,qwen3-8b-manim-grpo-ensemble,AOS-GRPO,
,,559,a3izlyz5,qwen3-8b-manim-grpo-ensemble,AOS-GRPO,
,,560,a3izlyz5,qwen3-8b-manim-grpo-ensemble,AOS-GRPO,
,,561,a3izlyz5,qwen3-8b-manim-grpo-ensemble,AOS-GRPO,
,,562,a3izlyz5,qwen3-8b-manim-grpo-ensemble,AOS-GRPO,
,,563,a3izlyz5,qwen3-8b-manim-grpo-ensemble,AOS-GRPO,
,,564,a3izlyz5,qwen3-8b-manim-grpo-ensemble,AOS-GRPO,
,,565,a3izlyz5,qwen3-8b-manim-grpo-ensemble,AOS-GRPO,
,,566,a3izlyz5,qwen3-8b-manim-grpo-ensemble,AOS-GRPO,
,,567,a3izlyz5,qwen3-8b-manim-grpo-ensemble,AOS-GRPO,
,,568,a3izlyz5,qwen3-8b-manim-grpo-ensemble,AOS-GRPO,
,,569,a3izlyz5,qwen3-8b-manim-grpo-ensemble,AOS-GRPO,
,,570,a3izlyz5,qwen3-8b-manim-grpo-ensemble,AOS-GRPO,
,,571,a3izlyz5,qwen3-8b-manim-grpo-ensemble,AOS-GRPO,
,,572,a3izlyz5,qwen3-8b-manim-grpo-ensemble,AOS-GRPO,
,,573,a3izlyz5,qwen3-8b-manim-grpo-ensemble,AOS-GRPO,
,,574,a3izlyz5,qwen3-8b-manim-grpo-ensemble,AOS-GRPO,
,,575,a3izlyz5,qwen3-8b-manim-grpo-ensemble,AOS-GRPO,
,,576,a3izlyz5,qwen3-8b-manim-grpo-ensemble,AOS-GRPO,
,,577,a3izlyz5,qwen3-8b-manim-grpo-ensemble,AOS-GRPO,
,,578,a3izlyz5,qwen3-8b-manim-grpo-ensemble,AOS-GRPO,
,,579,a3izlyz5,qwen3-8b-manim-grpo-ensemble,AOS-GRPO,
,,580,a3izlyz5,qwen3-8b-manim-grpo-ensemble,AOS-GRPO,
,,581,a3izlyz5,qwen3-8b-manim-grpo-ensemble,AOS-GRPO,
,,582,a3izlyz5,qwen3-8b-manim-grpo-ensemble,AOS-GRPO,
,,583,a3izlyz5,qwen3-8b-manim-grpo-ensemble,AOS-GRPO,
,,584,a3izlyz5,qwen3-8b-manim-grpo-ensemble,AOS-GRPO,
,,585,a3izlyz5,qwen3-8b-manim-grpo-ensemble,AOS-GRPO,
,,586,a3izlyz5,qwen3-8b-manim-grpo-ensemble,AOS-GRPO,
,,587,a3izlyz5,qwen3-8b-manim-grpo-ensemble,AOS-GRPO,
,,588,a3izlyz5,qwen3-8b-manim-grpo-ensemble,AOS-GRPO,
,,589,a3izlyz5,qwen3-8b-manim-grpo-ensemble,AOS-GRPO,
,,590,a3izlyz5,qwen3-8b-manim-grpo-ensemble,AOS-GRPO,
,,591,a3izlyz5,qwen3-8b-manim-grpo-ensemble,AOS-GRPO,
,,592,a3izlyz5,qwen3-8b-manim-grpo-ensemble,AOS-GRPO,
,,593,a3izlyz5,qwen3-8b-manim-grpo-ensemble,AOS-GRPO,
,,594,a3izlyz5,qwen3-8b-manim-grpo-ensemble,AOS-GRPO,
,,595,a3izlyz5,qwen3-8b-manim-grpo-ensemble,AOS-GRPO,
,,596,a3izlyz5,qwen3-8b-manim-grpo-ensemble,AOS-GRPO,
,,597,a3izlyz5,qwen3-8b-manim-grpo-ensemble,AOS-GRPO,
,,598,a3izlyz5,qwen3-8b-manim-grpo-ensemble,AOS-GRPO,
,,599,a3izlyz5,qwen3-8b-manim-grpo-ensemble,AOS-GRPO,
,,600,a3izlyz5,qwen3-8b-manim-grpo-ensemble,AOS-GRPO,
,,601,a3izlyz5,qwen3-8b-manim-grpo-ensemble,AOS-GRPO,
,,602,a3izlyz5,qwen3-8b-manim-grpo-ensemble,AOS-GRPO,
4.022222222222222e-05,-0.0399,603,a3izlyz5,qwen3-8b-manim-grpo-ensemble,AOS-GRPO,
,,604,a3izlyz5,qwen3-8b-manim-grpo-ensemble,AOS-GRPO,
,,605,a3izlyz5,qwen3-8b-manim-grpo-ensemble,AOS-GRPO,
,,606,a3izlyz5,qwen3-8b-manim-grpo-ensemble,AOS-GRPO,
,,607,a3izlyz5,qwen3-8b-manim-grpo-ensemble,AOS-GRPO,
,,608,a3izlyz5,qwen3-8b-manim-grpo-ensemble,AOS-GRPO,
,,609,a3izlyz5,qwen3-8b-manim-grpo-ensemble,AOS-GRPO,
,,610,a3izlyz5,qwen3-8b-manim-grpo-ensemble,AOS-GRPO,
,,611,a3izlyz5,qwen3-8b-manim-grpo-ensemble,AOS-GRPO,
,,612,a3izlyz5,qwen3-8b-manim-grpo-ensemble,AOS-GRPO,
,,613,a3izlyz5,qwen3-8b-manim-grpo-ensemble,AOS-GRPO,
,,614,a3izlyz5,qwen3-8b-manim-grpo-ensemble,AOS-GRPO,
,,615,a3izlyz5,qwen3-8b-manim-grpo-ensemble,AOS-GRPO,
,,616,a3izlyz5,qwen3-8b-manim-grpo-ensemble,AOS-GRPO,
,,617,a3izlyz5,qwen3-8b-manim-grpo-ensemble,AOS-GRPO,
,,618,a3izlyz5,qwen3-8b-manim-grpo-ensemble,AOS-GRPO,
,,619,a3izlyz5,qwen3-8b-manim-grpo-ensemble,AOS-GRPO,
,,620,a3izlyz5,qwen3-8b-manim-grpo-ensemble,AOS-GRPO,
,,621,a3izlyz5,qwen3-8b-manim-grpo-ensemble,AOS-GRPO,
,,622,a3izlyz5,qwen3-8b-manim-grpo-ensemble,AOS-GRPO,
,,623,a3izlyz5,qwen3-8b-manim-grpo-ensemble,AOS-GRPO,
,,624,a3izlyz5,qwen3-8b-manim-grpo-ensemble,AOS-GRPO,
,,625,a3izlyz5,qwen3-8b-manim-grpo-ensemble,AOS-GRPO,
,,626,a3izlyz5,qwen3-8b-manim-grpo-ensemble,AOS-GRPO,
,,627,a3izlyz5,qwen3-8b-manim-grpo-ensemble,AOS-GRPO,
,,628,a3izlyz5,qwen3-8b-manim-grpo-ensemble,AOS-GRPO,
,,629,a3izlyz5,qwen3-8b-manim-grpo-ensemble,AOS-GRPO,
,,630,a3izlyz5,qwen3-8b-manim-grpo-ensemble,AOS-GRPO,
,,631,a3izlyz5,qwen3-8b-manim-grpo-ensemble,AOS-GRPO,
,,632,a3izlyz5,qwen3-8b-manim-grpo-ensemble,AOS-GRPO,
,,633,a3izlyz5,qwen3-8b-manim-grpo-ensemble,AOS-GRPO,
,,634,a3izlyz5,qwen3-8b-manim-grpo-ensemble,AOS-GRPO,
,,635,a3izlyz5,qwen3-8b-manim-grpo-ensemble,AOS-GRPO,
,,636,a3izlyz5,qwen3-8b-manim-grpo-ensemble,AOS-GRPO,
,,637,a3izlyz5,qwen3-8b-manim-grpo-ensemble,AOS-GRPO,
,,638,a3izlyz5,qwen3-8b-manim-grpo-ensemble,AOS-GRPO,
,,639,a3izlyz5,qwen3-8b-manim-grpo-ensemble,AOS-GRPO,
,,640,a3izlyz5,qwen3-8b-manim-grpo-ensemble,AOS-GRPO,
,,641,a3izlyz5,qwen3-8b-manim-grpo-ensemble,AOS-GRPO,
,,642,a3izlyz5,qwen3-8b-manim-grpo-ensemble,AOS-GRPO,
,,643,a3izlyz5,qwen3-8b-manim-grpo-ensemble,AOS-GRPO,
,,644,a3izlyz5,qwen3-8b-manim-grpo-ensemble,AOS-GRPO,
,,645,a3izlyz5,qwen3-8b-manim-grpo-ensemble,AOS-GRPO,
,,646,a3izlyz5,qwen3-8b-manim-grpo-ensemble,AOS-GRPO,
,,647,a3izlyz5,qwen3-8b-manim-grpo-ensemble,AOS-GRPO,
,,648,a3izlyz5,qwen3-8b-manim-grpo-ensemble,AOS-GRPO,
,,649,a3izlyz5,qwen3-8b-manim-grpo-ensemble,AOS-GRPO,
,,650,a3izlyz5,qwen3-8b-manim-grpo-ensemble,AOS-GRPO,
,,651,a3izlyz5,qwen3-8b-manim-grpo-ensemble,AOS-GRPO,
,,652,a3izlyz5,qwen3-8b-manim-grpo-ensemble,AOS-GRPO,
,,653,a3izlyz5,qwen3-8b-manim-grpo-ensemble,AOS-GRPO,
,,654,a3izlyz5,qwen3-8b-manim-grpo-ensemble,AOS-GRPO,
,,655,a3izlyz5,qwen3-8b-manim-grpo-ensemble,AOS-GRPO,
,,656,a3izlyz5,qwen3-8b-manim-grpo-ensemble,AOS-GRPO,
,,657,a3izlyz5,qwen3-8b-manim-grpo-ensemble,AOS-GRPO,
,,658,a3izlyz5,qwen3-8b-manim-grpo-ensemble,AOS-GRPO,
,,659,a3izlyz5,qwen3-8b-manim-grpo-ensemble,AOS-GRPO,
,,660,a3izlyz5,qwen3-8b-manim-grpo-ensemble,AOS-GRPO,
,,661,a3izlyz5,qwen3-8b-manim-grpo-ensemble,AOS-GRPO,
,,662,a3izlyz5,qwen3-8b-manim-grpo-ensemble,AOS-GRPO,
,,663,a3izlyz5,qwen3-8b-manim-grpo-ensemble,AOS-GRPO,
,,664,a3izlyz5,qwen3-8b-manim-grpo-ensemble,AOS-GRPO,
,,665,a3izlyz5,qwen3-8b-manim-grpo-ensemble,AOS-GRPO,
,,666,a3izlyz5,qwen3-8b-manim-grpo-ensemble,AOS-GRPO,
,,667,a3izlyz5,qwen3-8b-manim-grpo-ensemble,AOS-GRPO,
,,668,a3izlyz5,qwen3-8b-manim-grpo-ensemble,AOS-GRPO,
,,669,a3izlyz5,qwen3-8b-manim-grpo-ensemble,AOS-GRPO,
,,670,a3izlyz5,qwen3-8b-manim-grpo-ensemble,AOS-GRPO,
,,671,a3izlyz5,qwen3-8b-manim-grpo-ensemble,AOS-GRPO,
,,672,a3izlyz5,qwen3-8b-manim-grpo-ensemble,AOS-GRPO,
,,673,a3izlyz5,qwen3-8b-manim-grpo-ensemble,AOS-GRPO,
3.8e-05,0.0034,674,a3izlyz5,qwen3-8b-manim-grpo-ensemble,AOS-GRPO,
,,675,a3izlyz5,qwen3-8b-manim-grpo-ensemble,AOS-GRPO,
,,676,a3izlyz5,qwen3-8b-manim-grpo-ensemble,AOS-GRPO,
,,677,a3izlyz5,qwen3-8b-manim-grpo-ensemble,AOS-GRPO,
,,678,a3izlyz5,qwen3-8b-manim-grpo-ensemble,AOS-GRPO,
,,679,a3izlyz5,qwen3-8b-manim-grpo-ensemble,AOS-GRPO,
,,680,a3izlyz5,qwen3-8b-manim-grpo-ensemble,AOS-GRPO,
,,681,a3izlyz5,qwen3-8b-manim-grpo-ensemble,AOS-GRPO,
,,682,a3izlyz5,qwen3-8b-manim-grpo-ensemble,AOS-GRPO,
,,683,a3izlyz5,qwen3-8b-manim-grpo-ensemble,AOS-GRPO,
,,684,a3izlyz5,qwen3-8b-manim-grpo-ensemble,AOS-GRPO,
,,685,a3izlyz5,qwen3-8b-manim-grpo-ensemble,AOS-GRPO,
,,686,a3izlyz5,qwen3-8b-manim-grpo-ensemble,AOS-GRPO,
,,687,a3izlyz5,qwen3-8b-manim-grpo-ensemble,AOS-GRPO,
,,688,a3izlyz5,qwen3-8b-manim-grpo-ensemble,AOS-GRPO,
,,689,a3izlyz5,qwen3-8b-manim-grpo-ensemble,AOS-GRPO,
,,690,a3izlyz5,qwen3-8b-manim-grpo-ensemble,AOS-GRPO,
,,691,a3izlyz5,qwen3-8b-manim-grpo-ensemble,AOS-GRPO,
,,692,a3izlyz5,qwen3-8b-manim-grpo-ensemble,AOS-GRPO,
,,693,a3izlyz5,qwen3-8b-manim-grpo-ensemble,AOS-GRPO,
,,694,a3izlyz5,qwen3-8b-manim-grpo-ensemble,AOS-GRPO,
,,695,a3izlyz5,qwen3-8b-manim-grpo-ensemble,AOS-GRPO,
,,696,a3izlyz5,qwen3-8b-manim-grpo-ensemble,AOS-GRPO,
,,697,a3izlyz5,qwen3-8b-manim-grpo-ensemble,AOS-GRPO,
,,698,a3izlyz5,qwen3-8b-manim-grpo-ensemble,AOS-GRPO,
,,699,a3izlyz5,qwen3-8b-manim-grpo-ensemble,AOS-GRPO,
,,700,a3izlyz5,qwen3-8b-manim-grpo-ensemble,AOS-GRPO,
,,701,a3izlyz5,qwen3-8b-manim-grpo-ensemble,AOS-GRPO,
,,702,a3izlyz5,qwen3-8b-manim-grpo-ensemble,AOS-GRPO,
,,703,a3izlyz5,qwen3-8b-manim-grpo-ensemble,AOS-GRPO,
,,704,a3izlyz5,qwen3-8b-manim-grpo-ensemble,AOS-GRPO,
,,705,a3izlyz5,qwen3-8b-manim-grpo-ensemble,AOS-GRPO,
,,706,a3izlyz5,qwen3-8b-manim-grpo-ensemble,AOS-GRPO,
,,707,a3izlyz5,qwen3-8b-manim-grpo-ensemble,AOS-GRPO,
,,708,a3izlyz5,qwen3-8b-manim-grpo-ensemble,AOS-GRPO,
,,709,a3izlyz5,qwen3-8b-manim-grpo-ensemble,AOS-GRPO,
,,710,a3izlyz5,qwen3-8b-manim-grpo-ensemble,AOS-GRPO,
,,711,a3izlyz5,qwen3-8b-manim-grpo-ensemble,AOS-GRPO,
,,712,a3izlyz5,qwen3-8b-manim-grpo-ensemble,AOS-GRPO,
,,713,a3izlyz5,qwen3-8b-manim-grpo-ensemble,AOS-GRPO,
,,714,a3izlyz5,qwen3-8b-manim-grpo-ensemble,AOS-GRPO,
,,715,a3izlyz5,qwen3-8b-manim-grpo-ensemble,AOS-GRPO,
,,716,a3izlyz5,qwen3-8b-manim-grpo-ensemble,AOS-GRPO,
,,717,a3izlyz5,qwen3-8b-manim-grpo-ensemble,AOS-GRPO,
,,718,a3izlyz5,qwen3-8b-manim-grpo-ensemble,AOS-GRPO,
,,719,a3izlyz5,qwen3-8b-manim-grpo-ensemble,AOS-GRPO,
,,720,a3izlyz5,qwen3-8b-manim-grpo-ensemble,AOS-GRPO,
,,721,a3izlyz5,qwen3-8b-manim-grpo-ensemble,AOS-GRPO,
,,722,a3izlyz5,qwen3-8b-manim-grpo-ensemble,AOS-GRPO,
,,723,a3izlyz5,qwen3-8b-manim-grpo-ensemble,AOS-GRPO,
,,724,a3izlyz5,qwen3-8b-manim-grpo-ensemble,AOS-GRPO,
,,725,a3izlyz5,qwen3-8b-manim-grpo-ensemble,AOS-GRPO,
,,726,a3izlyz5,qwen3-8b-manim-grpo-ensemble,AOS-GRPO,
,,727,a3izlyz5,qwen3-8b-manim-grpo-ensemble,AOS-GRPO,
,,728,a3izlyz5,qwen3-8b-manim-grpo-ensemble,AOS-GRPO,
,,729,a3izlyz5,qwen3-8b-manim-grpo-ensemble,AOS-GRPO,
,,730,a3izlyz5,qwen3-8b-manim-grpo-ensemble,AOS-GRPO,
,,731,a3izlyz5,qwen3-8b-manim-grpo-ensemble,AOS-GRPO,
,,732,a3izlyz5,qwen3-8b-manim-grpo-ensemble,AOS-GRPO,
,,733,a3izlyz5,qwen3-8b-manim-grpo-ensemble,AOS-GRPO,
,,734,a3izlyz5,qwen3-8b-manim-grpo-ensemble,AOS-GRPO,
,,735,a3izlyz5,qwen3-8b-manim-grpo-ensemble,AOS-GRPO,
,,736,a3izlyz5,qwen3-8b-manim-grpo-ensemble,AOS-GRPO,
,,737,a3izlyz5,qwen3-8b-manim-grpo-ensemble,AOS-GRPO,
,,738,a3izlyz5,qwen3-8b-manim-grpo-ensemble,AOS-GRPO,
,,739,a3izlyz5,qwen3-8b-manim-grpo-ensemble,AOS-GRPO,
,,740,a3izlyz5,qwen3-8b-manim-grpo-ensemble,AOS-GRPO,
,,741,a3izlyz5,qwen3-8b-manim-grpo-ensemble,AOS-GRPO,
,,742,a3izlyz5,qwen3-8b-manim-grpo-ensemble,AOS-GRPO,
,,743,a3izlyz5,qwen3-8b-manim-grpo-ensemble,AOS-GRPO,
,,744,a3izlyz5,qwen3-8b-manim-grpo-ensemble,AOS-GRPO,
3.577777777777778e-05,-0.0002,745,a3izlyz5,qwen3-8b-manim-grpo-ensemble,AOS-GRPO,
,,746,a3izlyz5,qwen3-8b-manim-grpo-ensemble,AOS-GRPO,
,,747,a3izlyz5,qwen3-8b-manim-grpo-ensemble,AOS-GRPO,
,,748,a3izlyz5,qwen3-8b-manim-grpo-ensemble,AOS-GRPO,
,,749,a3izlyz5,qwen3-8b-manim-grpo-ensemble,AOS-GRPO,
,,750,a3izlyz5,qwen3-8b-manim-grpo-ensemble,AOS-GRPO,
,,751,a3izlyz5,qwen3-8b-manim-grpo-ensemble,AOS-GRPO,
,,752,a3izlyz5,qwen3-8b-manim-grpo-ensemble,AOS-GRPO,
,,753,a3izlyz5,qwen3-8b-manim-grpo-ensemble,AOS-GRPO,
,,754,a3izlyz5,qwen3-8b-manim-grpo-ensemble,AOS-GRPO,
,,755,a3izlyz5,qwen3-8b-manim-grpo-ensemble,AOS-GRPO,
,,756,a3izlyz5,qwen3-8b-manim-grpo-ensemble,AOS-GRPO,
,,757,a3izlyz5,qwen3-8b-manim-grpo-ensemble,AOS-GRPO,
,,758,a3izlyz5,qwen3-8b-manim-grpo-ensemble,AOS-GRPO,
,,759,a3izlyz5,qwen3-8b-manim-grpo-ensemble,AOS-GRPO,
,,760,a3izlyz5,qwen3-8b-manim-grpo-ensemble,AOS-GRPO,
,,761,a3izlyz5,qwen3-8b-manim-grpo-ensemble,AOS-GRPO,
,,762,a3izlyz5,qwen3-8b-manim-grpo-ensemble,AOS-GRPO,
,,763,a3izlyz5,qwen3-8b-manim-grpo-ensemble,AOS-GRPO,
,,764,a3izlyz5,qwen3-8b-manim-grpo-ensemble,AOS-GRPO,
,,765,a3izlyz5,qwen3-8b-manim-grpo-ensemble,AOS-GRPO,
,,766,a3izlyz5,qwen3-8b-manim-grpo-ensemble,AOS-GRPO,
,,767,a3izlyz5,qwen3-8b-manim-grpo-ensemble,AOS-GRPO,
,,768,a3izlyz5,qwen3-8b-manim-grpo-ensemble,AOS-GRPO,
,,769,a3izlyz5,qwen3-8b-manim-grpo-ensemble,AOS-GRPO,
,,770,a3izlyz5,qwen3-8b-manim-grpo-ensemble,AOS-GRPO,
,,771,a3izlyz5,qwen3-8b-manim-grpo-ensemble,AOS-GRPO,
,,772,a3izlyz5,qwen3-8b-manim-grpo-ensemble,AOS-GRPO,
,,773,a3izlyz5,qwen3-8b-manim-grpo-ensemble,AOS-GRPO,
,,774,a3izlyz5,qwen3-8b-manim-grpo-ensemble,AOS-GRPO,
,,775,a3izlyz5,qwen3-8b-manim-grpo-ensemble,AOS-GRPO,
,,776,a3izlyz5,qwen3-8b-manim-grpo-ensemble,AOS-GRPO,
,,777,a3izlyz5,qwen3-8b-manim-grpo-ensemble,AOS-GRPO,
,,778,a3izlyz5,qwen3-8b-manim-grpo-ensemble,AOS-GRPO,
,,779,a3izlyz5,qwen3-8b-manim-grpo-ensemble,AOS-GRPO,
,,780,a3izlyz5,qwen3-8b-manim-grpo-ensemble,AOS-GRPO,
,,781,a3izlyz5,qwen3-8b-manim-grpo-ensemble,AOS-GRPO,
,,782,a3izlyz5,qwen3-8b-manim-grpo-ensemble,AOS-GRPO,
,,783,a3izlyz5,qwen3-8b-manim-grpo-ensemble,AOS-GRPO,
,,784,a3izlyz5,qwen3-8b-manim-grpo-ensemble,AOS-GRPO,
,,785,a3izlyz5,qwen3-8b-manim-grpo-ensemble,AOS-GRPO,
,,786,a3izlyz5,qwen3-8b-manim-grpo-ensemble,AOS-GRPO,
,,787,a3izlyz5,qwen3-8b-manim-grpo-ensemble,AOS-GRPO,
,,788,a3izlyz5,qwen3-8b-manim-grpo-ensemble,AOS-GRPO,
,,789,a3izlyz5,qwen3-8b-manim-grpo-ensemble,AOS-GRPO,
,,790,a3izlyz5,qwen3-8b-manim-grpo-ensemble,AOS-GRPO,
,,791,a3izlyz5,qwen3-8b-manim-grpo-ensemble,AOS-GRPO,
,,792,a3izlyz5,qwen3-8b-manim-grpo-ensemble,AOS-GRPO,
,,793,a3izlyz5,qwen3-8b-manim-grpo-ensemble,AOS-GRPO,
,,794,a3izlyz5,qwen3-8b-manim-grpo-ensemble,AOS-GRPO,
,,795,a3izlyz5,qwen3-8b-manim-grpo-ensemble,AOS-GRPO,
,,796,a3izlyz5,qwen3-8b-manim-grpo-ensemble,AOS-GRPO,
,,797,a3izlyz5,qwen3-8b-manim-grpo-ensemble,AOS-GRPO,
,,798,a3izlyz5,qwen3-8b-manim-grpo-ensemble,AOS-GRPO,
,,799,a3izlyz5,qwen3-8b-manim-grpo-ensemble,AOS-GRPO,
,,800,a3izlyz5,qwen3-8b-manim-grpo-ensemble,AOS-GRPO,
,,801,a3izlyz5,qwen3-8b-manim-grpo-ensemble,AOS-GRPO,
,,802,a3izlyz5,qwen3-8b-manim-grpo-ensemble,AOS-GRPO,
,,803,a3izlyz5,qwen3-8b-manim-grpo-ensemble,AOS-GRPO,
,,804,a3izlyz5,qwen3-8b-manim-grpo-ensemble,AOS-GRPO,
,,805,a3izlyz5,qwen3-8b-manim-grpo-ensemble,AOS-GRPO,
,,806,a3izlyz5,qwen3-8b-manim-grpo-ensemble,AOS-GRPO,
,,807,a3izlyz5,qwen3-8b-manim-grpo-ensemble,AOS-GRPO,
,,808,a3izlyz5,qwen3-8b-manim-grpo-ensemble,AOS-GRPO,
,,809,a3izlyz5,qwen3-8b-manim-grpo-ensemble,AOS-GRPO,
,,810,a3izlyz5,qwen3-8b-manim-grpo-ensemble,AOS-GRPO,
,,811,a3izlyz5,qwen3-8b-manim-grpo-ensemble,AOS-GRPO,
,,812,a3izlyz5,qwen3-8b-manim-grpo-ensemble,AOS-GRPO,
,,813,a3izlyz5,qwen3-8b-manim-grpo-ensemble,AOS-GRPO,
,,814,a3izlyz5,qwen3-8b-manim-grpo-ensemble,AOS-GRPO,
,,815,a3izlyz5,qwen3-8b-manim-grpo-ensemble,AOS-GRPO,
3.355555555555556e-05,-0.0103,816,a3izlyz5,qwen3-8b-manim-grpo-ensemble,AOS-GRPO,
,,817,a3izlyz5,qwen3-8b-manim-grpo-ensemble,AOS-GRPO,
,,818,a3izlyz5,qwen3-8b-manim-grpo-ensemble,AOS-GRPO,
,,819,a3izlyz5,qwen3-8b-manim-grpo-ensemble,AOS-GRPO,
,,820,a3izlyz5,qwen3-8b-manim-grpo-ensemble,AOS-GRPO,
,,821,a3izlyz5,qwen3-8b-manim-grpo-ensemble,AOS-GRPO,
,,822,a3izlyz5,qwen3-8b-manim-grpo-ensemble,AOS-GRPO,
,,823,a3izlyz5,qwen3-8b-manim-grpo-ensemble,AOS-GRPO,
,,824,a3izlyz5,qwen3-8b-manim-grpo-ensemble,AOS-GRPO,
,,825,a3izlyz5,qwen3-8b-manim-grpo-ensemble,AOS-GRPO,
,,826,a3izlyz5,qwen3-8b-manim-grpo-ensemble,AOS-GRPO,
,,827,a3izlyz5,qwen3-8b-manim-grpo-ensemble,AOS-GRPO,
,,828,a3izlyz5,qwen3-8b-manim-grpo-ensemble,AOS-GRPO,
,,829,a3izlyz5,qwen3-8b-manim-grpo-ensemble,AOS-GRPO,
,,830,a3izlyz5,qwen3-8b-manim-grpo-ensemble,AOS-GRPO,
,,831,a3izlyz5,qwen3-8b-manim-grpo-ensemble,AOS-GRPO,
,,832,a3izlyz5,qwen3-8b-manim-grpo-ensemble,AOS-GRPO,
,,833,a3izlyz5,qwen3-8b-manim-grpo-ensemble,AOS-GRPO,
,,834,a3izlyz5,qwen3-8b-manim-grpo-ensemble,AOS-GRPO,
,,835,a3izlyz5,qwen3-8b-manim-grpo-ensemble,AOS-GRPO,
,,836,a3izlyz5,qwen3-8b-manim-grpo-ensemble,AOS-GRPO,
,,837,a3izlyz5,qwen3-8b-manim-grpo-ensemble,AOS-GRPO,
,,838,a3izlyz5,qwen3-8b-manim-grpo-ensemble,AOS-GRPO,
,,839,a3izlyz5,qwen3-8b-manim-grpo-ensemble,AOS-GRPO,
,,840,a3izlyz5,qwen3-8b-manim-grpo-ensemble,AOS-GRPO,
,,841,a3izlyz5,qwen3-8b-manim-grpo-ensemble,AOS-GRPO,
,,842,a3izlyz5,qwen3-8b-manim-grpo-ensemble,AOS-GRPO,
,,843,a3izlyz5,qwen3-8b-manim-grpo-ensemble,AOS-GRPO,
,,844,a3izlyz5,qwen3-8b-manim-grpo-ensemble,AOS-GRPO,
,,845,a3izlyz5,qwen3-8b-manim-grpo-ensemble,AOS-GRPO,
,,846,a3izlyz5,qwen3-8b-manim-grpo-ensemble,AOS-GRPO,
,,847,a3izlyz5,qwen3-8b-manim-grpo-ensemble,AOS-GRPO,
,,848,a3izlyz5,qwen3-8b-manim-grpo-ensemble,AOS-GRPO,
,,849,a3izlyz5,qwen3-8b-manim-grpo-ensemble,AOS-GRPO,
,,850,a3izlyz5,qwen3-8b-manim-grpo-ensemble,AOS-GRPO,
,,851,a3izlyz5,qwen3-8b-manim-grpo-ensemble,AOS-GRPO,
,,852,a3izlyz5,qwen3-8b-manim-grpo-ensemble,AOS-GRPO,
,,853,a3izlyz5,qwen3-8b-manim-grpo-ensemble,AOS-GRPO,
,,854,a3izlyz5,qwen3-8b-manim-grpo-ensemble,AOS-GRPO,
,,855,a3izlyz5,qwen3-8b-manim-grpo-ensemble,AOS-GRPO,
,,856,a3izlyz5,qwen3-8b-manim-grpo-ensemble,AOS-GRPO,
,,857,a3izlyz5,qwen3-8b-manim-grpo-ensemble,AOS-GRPO,
,,858,a3izlyz5,qwen3-8b-manim-grpo-ensemble,AOS-GRPO,
,,859,a3izlyz5,qwen3-8b-manim-grpo-ensemble,AOS-GRPO,
,,860,a3izlyz5,qwen3-8b-manim-grpo-ensemble,AOS-GRPO,
,,861,a3izlyz5,qwen3-8b-manim-grpo-ensemble,AOS-GRPO,
,,862,a3izlyz5,qwen3-8b-manim-grpo-ensemble,AOS-GRPO,
,,863,a3izlyz5,qwen3-8b-manim-grpo-ensemble,AOS-GRPO,
,,864,a3izlyz5,qwen3-8b-manim-grpo-ensemble,AOS-GRPO,
,,865,a3izlyz5,qwen3-8b-manim-grpo-ensemble,AOS-GRPO,
,,866,a3izlyz5,qwen3-8b-manim-grpo-ensemble,AOS-GRPO,
,,867,a3izlyz5,qwen3-8b-manim-grpo-ensemble,AOS-GRPO,
,,868,a3izlyz5,qwen3-8b-manim-grpo-ensemble,AOS-GRPO,
,,869,a3izlyz5,qwen3-8b-manim-grpo-ensemble,AOS-GRPO,
,,870,a3izlyz5,qwen3-8b-manim-grpo-ensemble,AOS-GRPO,
,,871,a3izlyz5,qwen3-8b-manim-grpo-ensemble,AOS-GRPO,
,,872,a3izlyz5,qwen3-8b-manim-grpo-ensemble,AOS-GRPO,
,,873,a3izlyz5,qwen3-8b-manim-grpo-ensemble,AOS-GRPO,
,,874,a3izlyz5,qwen3-8b-manim-grpo-ensemble,AOS-GRPO,
,,875,a3izlyz5,qwen3-8b-manim-grpo-ensemble,AOS-GRPO,
,,876,a3izlyz5,qwen3-8b-manim-grpo-ensemble,AOS-GRPO,
,,877,a3izlyz5,qwen3-8b-manim-grpo-ensemble,AOS-GRPO,
,,878,a3izlyz5,qwen3-8b-manim-grpo-ensemble,AOS-GRPO,
,,879,a3izlyz5,qwen3-8b-manim-grpo-ensemble,AOS-GRPO,
,,880,a3izlyz5,qwen3-8b-manim-grpo-ensemble,AOS-GRPO,
,,881,a3izlyz5,qwen3-8b-manim-grpo-ensemble,AOS-GRPO,
,,882,a3izlyz5,qwen3-8b-manim-grpo-ensemble,AOS-GRPO,
,,883,a3izlyz5,qwen3-8b-manim-grpo-ensemble,AOS-GRPO,
,,884,a3izlyz5,qwen3-8b-manim-grpo-ensemble,AOS-GRPO,
,,885,a3izlyz5,qwen3-8b-manim-grpo-ensemble,AOS-GRPO,
,,886,a3izlyz5,qwen3-8b-manim-grpo-ensemble,AOS-GRPO,
3.1333333333333334e-05,-0.0062,887,a3izlyz5,qwen3-8b-manim-grpo-ensemble,AOS-GRPO,
,,888,a3izlyz5,qwen3-8b-manim-grpo-ensemble,AOS-GRPO,
,,889,a3izlyz5,qwen3-8b-manim-grpo-ensemble,AOS-GRPO,
,,890,a3izlyz5,qwen3-8b-manim-grpo-ensemble,AOS-GRPO,
,,891,a3izlyz5,qwen3-8b-manim-grpo-ensemble,AOS-GRPO,
,,892,a3izlyz5,qwen3-8b-manim-grpo-ensemble,AOS-GRPO,
,,893,a3izlyz5,qwen3-8b-manim-grpo-ensemble,AOS-GRPO,
,,894,a3izlyz5,qwen3-8b-manim-grpo-ensemble,AOS-GRPO,
,,895,a3izlyz5,qwen3-8b-manim-grpo-ensemble,AOS-GRPO,
,,896,a3izlyz5,qwen3-8b-manim-grpo-ensemble,AOS-GRPO,
,,897,a3izlyz5,qwen3-8b-manim-grpo-ensemble,AOS-GRPO,
,,898,a3izlyz5,qwen3-8b-manim-grpo-ensemble,AOS-GRPO,
,,899,a3izlyz5,qwen3-8b-manim-grpo-ensemble,AOS-GRPO,
,,900,a3izlyz5,qwen3-8b-manim-grpo-ensemble,AOS-GRPO,
,,901,a3izlyz5,qwen3-8b-manim-grpo-ensemble,AOS-GRPO,
,,902,a3izlyz5,qwen3-8b-manim-grpo-ensemble,AOS-GRPO,
,,903,a3izlyz5,qwen3-8b-manim-grpo-ensemble,AOS-GRPO,
,,904,a3izlyz5,qwen3-8b-manim-grpo-ensemble,AOS-GRPO,
,,905,a3izlyz5,qwen3-8b-manim-grpo-ensemble,AOS-GRPO,
,,906,a3izlyz5,qwen3-8b-manim-grpo-ensemble,AOS-GRPO,
,,907,a3izlyz5,qwen3-8b-manim-grpo-ensemble,AOS-GRPO,
,,908,a3izlyz5,qwen3-8b-manim-grpo-ensemble,AOS-GRPO,
,,909,a3izlyz5,qwen3-8b-manim-grpo-ensemble,AOS-GRPO,
,,910,a3izlyz5,qwen3-8b-manim-grpo-ensemble,AOS-GRPO,
,,911,a3izlyz5,qwen3-8b-manim-grpo-ensemble,AOS-GRPO,
,,912,a3izlyz5,qwen3-8b-manim-grpo-ensemble,AOS-GRPO,
,,913,a3izlyz5,qwen3-8b-manim-grpo-ensemble,AOS-GRPO,
,,914,a3izlyz5,qwen3-8b-manim-grpo-ensemble,AOS-GRPO,
,,915,a3izlyz5,qwen3-8b-manim-grpo-ensemble,AOS-GRPO,
,,916,a3izlyz5,qwen3-8b-manim-grpo-ensemble,AOS-GRPO,
,,917,a3izlyz5,qwen3-8b-manim-grpo-ensemble,AOS-GRPO,
,,918,a3izlyz5,qwen3-8b-manim-grpo-ensemble,AOS-GRPO,
,,919,a3izlyz5,qwen3-8b-manim-grpo-ensemble,AOS-GRPO,
,,920,a3izlyz5,qwen3-8b-manim-grpo-ensemble,AOS-GRPO,
,,921,a3izlyz5,qwen3-8b-manim-grpo-ensemble,AOS-GRPO,
,,922,a3izlyz5,qwen3-8b-manim-grpo-ensemble,AOS-GRPO,
,,923,a3izlyz5,qwen3-8b-manim-grpo-ensemble,AOS-GRPO,
,,924,a3izlyz5,qwen3-8b-manim-grpo-ensemble,AOS-GRPO,
,,925,a3izlyz5,qwen3-8b-manim-grpo-ensemble,AOS-GRPO,
,,926,a3izlyz5,qwen3-8b-manim-grpo-ensemble,AOS-GRPO,
,,927,a3izlyz5,qwen3-8b-manim-grpo-ensemble,AOS-GRPO,
,,928,a3izlyz5,qwen3-8b-manim-grpo-ensemble,AOS-GRPO,
,,929,a3izlyz5,qwen3-8b-manim-grpo-ensemble,AOS-GRPO,
,,930,a3izlyz5,qwen3-8b-manim-grpo-ensemble,AOS-GRPO,
,,931,a3izlyz5,qwen3-8b-manim-grpo-ensemble,AOS-GRPO,
,,932,a3izlyz5,qwen3-8b-manim-grpo-ensemble,AOS-GRPO,
,,933,a3izlyz5,qwen3-8b-manim-grpo-ensemble,AOS-GRPO,
,,934,a3izlyz5,qwen3-8b-manim-grpo-ensemble,AOS-GRPO,
,,935,a3izlyz5,qwen3-8b-manim-grpo-ensemble,AOS-GRPO,
,,936,a3izlyz5,qwen3-8b-manim-grpo-ensemble,AOS-GRPO,
,,937,a3izlyz5,qwen3-8b-manim-grpo-ensemble,AOS-GRPO,
,,938,a3izlyz5,qwen3-8b-manim-grpo-ensemble,AOS-GRPO,
,,939,a3izlyz5,qwen3-8b-manim-grpo-ensemble,AOS-GRPO,
,,940,a3izlyz5,qwen3-8b-manim-grpo-ensemble,AOS-GRPO,
,,941,a3izlyz5,qwen3-8b-manim-grpo-ensemble,AOS-GRPO,
,,942,a3izlyz5,qwen3-8b-manim-grpo-ensemble,AOS-GRPO,
,,943,a3izlyz5,qwen3-8b-manim-grpo-ensemble,AOS-GRPO,
,,944,a3izlyz5,qwen3-8b-manim-grpo-ensemble,AOS-GRPO,
,,945,a3izlyz5,qwen3-8b-manim-grpo-ensemble,AOS-GRPO,
,,946,a3izlyz5,qwen3-8b-manim-grpo-ensemble,AOS-GRPO,
,,947,a3izlyz5,qwen3-8b-manim-grpo-ensemble,AOS-GRPO,
,,948,a3izlyz5,qwen3-8b-manim-grpo-ensemble,AOS-GRPO,
,,949,a3izlyz5,qwen3-8b-manim-grpo-ensemble,AOS-GRPO,
,,950,a3izlyz5,qwen3-8b-manim-grpo-ensemble,AOS-GRPO,
,,951,a3izlyz5,qwen3-8b-manim-grpo-ensemble,AOS-GRPO,
,,952,a3izlyz5,qwen3-8b-manim-grpo-ensemble,AOS-GRPO,
,,953,a3izlyz5,qwen3-8b-manim-grpo-ensemble,AOS-GRPO,
,,954,a3izlyz5,qwen3-8b-manim-grpo-ensemble,AOS-GRPO,
,,955,a3izlyz5,qwen3-8b-manim-grpo-ensemble,AOS-GRPO,
,,956,a3izlyz5,qwen3-8b-manim-grpo-ensemble,AOS-GRPO,
,,957,a3izlyz5,qwen3-8b-manim-grpo-ensemble,AOS-GRPO,
2.9111111111111112e-05,0.0004,958,a3izlyz5,qwen3-8b-manim-grpo-ensemble,AOS-GRPO,
,,959,a3izlyz5,qwen3-8b-manim-grpo-ensemble,AOS-GRPO,
,,960,a3izlyz5,qwen3-8b-manim-grpo-ensemble,AOS-GRPO,
,,961,a3izlyz5,qwen3-8b-manim-grpo-ensemble,AOS-GRPO,
,,962,a3izlyz5,qwen3-8b-manim-grpo-ensemble,AOS-GRPO,
,,963,a3izlyz5,qwen3-8b-manim-grpo-ensemble,AOS-GRPO,
,,964,a3izlyz5,qwen3-8b-manim-grpo-ensemble,AOS-GRPO,
,,965,a3izlyz5,qwen3-8b-manim-grpo-ensemble,AOS-GRPO,
,,966,a3izlyz5,qwen3-8b-manim-grpo-ensemble,AOS-GRPO,
,,967,a3izlyz5,qwen3-8b-manim-grpo-ensemble,AOS-GRPO,
,,968,a3izlyz5,qwen3-8b-manim-grpo-ensemble,AOS-GRPO,
,,969,a3izlyz5,qwen3-8b-manim-grpo-ensemble,AOS-GRPO,
,,970,a3izlyz5,qwen3-8b-manim-grpo-ensemble,AOS-GRPO,
,,971,a3izlyz5,qwen3-8b-manim-grpo-ensemble,AOS-GRPO,
,,972,a3izlyz5,qwen3-8b-manim-grpo-ensemble,AOS-GRPO,
,,973,a3izlyz5,qwen3-8b-manim-grpo-ensemble,AOS-GRPO,
,,974,a3izlyz5,qwen3-8b-manim-grpo-ensemble,AOS-GRPO,
,,975,a3izlyz5,qwen3-8b-manim-grpo-ensemble,AOS-GRPO,
,,976,a3izlyz5,qwen3-8b-manim-grpo-ensemble,AOS-GRPO,
,,977,a3izlyz5,qwen3-8b-manim-grpo-ensemble,AOS-GRPO,
,,978,a3izlyz5,qwen3-8b-manim-grpo-ensemble,AOS-GRPO,
,,979,a3izlyz5,qwen3-8b-manim-grpo-ensemble,AOS-GRPO,
,,980,a3izlyz5,qwen3-8b-manim-grpo-ensemble,AOS-GRPO,
,,981,a3izlyz5,qwen3-8b-manim-grpo-ensemble,AOS-GRPO,
,,982,a3izlyz5,qwen3-8b-manim-grpo-ensemble,AOS-GRPO,
,,983,a3izlyz5,qwen3-8b-manim-grpo-ensemble,AOS-GRPO,
,,984,a3izlyz5,qwen3-8b-manim-grpo-ensemble,AOS-GRPO,
,,985,a3izlyz5,qwen3-8b-manim-grpo-ensemble,AOS-GRPO,
,,986,a3izlyz5,qwen3-8b-manim-grpo-ensemble,AOS-GRPO,
,,987,a3izlyz5,qwen3-8b-manim-grpo-ensemble,AOS-GRPO,
,,988,a3izlyz5,qwen3-8b-manim-grpo-ensemble,AOS-GRPO,
,,989,a3izlyz5,qwen3-8b-manim-grpo-ensemble,AOS-GRPO,
,,990,a3izlyz5,qwen3-8b-manim-grpo-ensemble,AOS-GRPO,
,,991,a3izlyz5,qwen3-8b-manim-grpo-ensemble,AOS-GRPO,
,,992,a3izlyz5,qwen3-8b-manim-grpo-ensemble,AOS-GRPO,
,,993,a3izlyz5,qwen3-8b-manim-grpo-ensemble,AOS-GRPO,
,,994,a3izlyz5,qwen3-8b-manim-grpo-ensemble,AOS-GRPO,
,,995,a3izlyz5,qwen3-8b-manim-grpo-ensemble,AOS-GRPO,
,,996,a3izlyz5,qwen3-8b-manim-grpo-ensemble,AOS-GRPO,
,,997,a3izlyz5,qwen3-8b-manim-grpo-ensemble,AOS-GRPO,
,,998,a3izlyz5,qwen3-8b-manim-grpo-ensemble,AOS-GRPO,
,,999,a3izlyz5,qwen3-8b-manim-grpo-ensemble,AOS-GRPO,
,,1000,a3izlyz5,qwen3-8b-manim-grpo-ensemble,AOS-GRPO,
,,1001,a3izlyz5,qwen3-8b-manim-grpo-ensemble,AOS-GRPO,
,,1002,a3izlyz5,qwen3-8b-manim-grpo-ensemble,AOS-GRPO,
,,1003,a3izlyz5,qwen3-8b-manim-grpo-ensemble,AOS-GRPO,
,,1004,a3izlyz5,qwen3-8b-manim-grpo-ensemble,AOS-GRPO,
,,1005,a3izlyz5,qwen3-8b-manim-grpo-ensemble,AOS-GRPO,
,,1006,a3izlyz5,qwen3-8b-manim-grpo-ensemble,AOS-GRPO,
,,1007,a3izlyz5,qwen3-8b-manim-grpo-ensemble,AOS-GRPO,
,,1008,a3izlyz5,qwen3-8b-manim-grpo-ensemble,AOS-GRPO,
,,1009,a3izlyz5,qwen3-8b-manim-grpo-ensemble,AOS-GRPO,
,,1010,a3izlyz5,qwen3-8b-manim-grpo-ensemble,AOS-GRPO,
,,1011,a3izlyz5,qwen3-8b-manim-grpo-ensemble,AOS-GRPO,
,,1012,a3izlyz5,qwen3-8b-manim-grpo-ensemble,AOS-GRPO,
,,1013,a3izlyz5,qwen3-8b-manim-grpo-ensemble,AOS-GRPO,
,,1014,a3izlyz5,qwen3-8b-manim-grpo-ensemble,AOS-GRPO,
,,1015,a3izlyz5,qwen3-8b-manim-grpo-ensemble,AOS-GRPO,
,,1016,a3izlyz5,qwen3-8b-manim-grpo-ensemble,AOS-GRPO,
,,1017,a3izlyz5,qwen3-8b-manim-grpo-ensemble,AOS-GRPO,
,,1018,a3izlyz5,qwen3-8b-manim-grpo-ensemble,AOS-GRPO,
,,1019,a3izlyz5,qwen3-8b-manim-grpo-ensemble,AOS-GRPO,
,,1020,a3izlyz5,qwen3-8b-manim-grpo-ensemble,AOS-GRPO,
,,1021,a3izlyz5,qwen3-8b-manim-grpo-ensemble,AOS-GRPO,
,,1022,a3izlyz5,qwen3-8b-manim-grpo-ensemble,AOS-GRPO,
,,1023,a3izlyz5,qwen3-8b-manim-grpo-ensemble,AOS-GRPO,
,,1024,a3izlyz5,qwen3-8b-manim-grpo-ensemble,AOS-GRPO,
,,1025,a3izlyz5,qwen3-8b-manim-grpo-ensemble,AOS-GRPO,
,,1026,a3izlyz5,qwen3-8b-manim-grpo-ensemble,AOS-GRPO,
,,1027,a3izlyz5,qwen3-8b-manim-grpo-ensemble,AOS-GRPO,
,,1028,a3izlyz5,qwen3-8b-manim-grpo-ensemble,AOS-GRPO,
2.688888888888889e-05,0.0015,1029,a3izlyz5,qwen3-8b-manim-grpo-ensemble,AOS-GRPO,
,,1030,a3izlyz5,qwen3-8b-manim-grpo-ensemble,AOS-GRPO,
,,1031,a3izlyz5,qwen3-8b-manim-grpo-ensemble,AOS-GRPO,
,,1032,a3izlyz5,qwen3-8b-manim-grpo-ensemble,AOS-GRPO,
,,1033,a3izlyz5,qwen3-8b-manim-grpo-ensemble,AOS-GRPO,
,,1034,a3izlyz5,qwen3-8b-manim-grpo-ensemble,AOS-GRPO,
,,1035,a3izlyz5,qwen3-8b-manim-grpo-ensemble,AOS-GRPO,
,,1036,a3izlyz5,qwen3-8b-manim-grpo-ensemble,AOS-GRPO,
,,1037,a3izlyz5,qwen3-8b-manim-grpo-ensemble,AOS-GRPO,
,,1038,a3izlyz5,qwen3-8b-manim-grpo-ensemble,AOS-GRPO,
,,1039,a3izlyz5,qwen3-8b-manim-grpo-ensemble,AOS-GRPO,
,,1040,a3izlyz5,qwen3-8b-manim-grpo-ensemble,AOS-GRPO,
,,1041,a3izlyz5,qwen3-8b-manim-grpo-ensemble,AOS-GRPO,
,,1042,a3izlyz5,qwen3-8b-manim-grpo-ensemble,AOS-GRPO,
,,1043,a3izlyz5,qwen3-8b-manim-grpo-ensemble,AOS-GRPO,
,,1044,a3izlyz5,qwen3-8b-manim-grpo-ensemble,AOS-GRPO,
,,1045,a3izlyz5,qwen3-8b-manim-grpo-ensemble,AOS-GRPO,
,,1046,a3izlyz5,qwen3-8b-manim-grpo-ensemble,AOS-GRPO,
,,1047,a3izlyz5,qwen3-8b-manim-grpo-ensemble,AOS-GRPO,
,,1048,a3izlyz5,qwen3-8b-manim-grpo-ensemble,AOS-GRPO,
,,1049,a3izlyz5,qwen3-8b-manim-grpo-ensemble,AOS-GRPO,
,,1050,a3izlyz5,qwen3-8b-manim-grpo-ensemble,AOS-GRPO,
,,1051,a3izlyz5,qwen3-8b-manim-grpo-ensemble,AOS-GRPO,
,,1052,a3izlyz5,qwen3-8b-manim-grpo-ensemble,AOS-GRPO,
,,1053,a3izlyz5,qwen3-8b-manim-grpo-ensemble,AOS-GRPO,
,,1054,a3izlyz5,qwen3-8b-manim-grpo-ensemble,AOS-GRPO,
,,1055,a3izlyz5,qwen3-8b-manim-grpo-ensemble,AOS-GRPO,
,,1056,a3izlyz5,qwen3-8b-manim-grpo-ensemble,AOS-GRPO,
,,1057,a3izlyz5,qwen3-8b-manim-grpo-ensemble,AOS-GRPO,
,,1058,a3izlyz5,qwen3-8b-manim-grpo-ensemble,AOS-GRPO,
,,1059,a3izlyz5,qwen3-8b-manim-grpo-ensemble,AOS-GRPO,
,,1060,a3izlyz5,qwen3-8b-manim-grpo-ensemble,AOS-GRPO,
,,1061,a3izlyz5,qwen3-8b-manim-grpo-ensemble,AOS-GRPO,
,,1062,a3izlyz5,qwen3-8b-manim-grpo-ensemble,AOS-GRPO,
,,1063,a3izlyz5,qwen3-8b-manim-grpo-ensemble,AOS-GRPO,
,,1064,a3izlyz5,qwen3-8b-manim-grpo-ensemble,AOS-GRPO,
,,1065,a3izlyz5,qwen3-8b-manim-grpo-ensemble,AOS-GRPO,
,,1066,a3izlyz5,qwen3-8b-manim-grpo-ensemble,AOS-GRPO,
,,1067,a3izlyz5,qwen3-8b-manim-grpo-ensemble,AOS-GRPO,
,,1068,a3izlyz5,qwen3-8b-manim-grpo-ensemble,AOS-GRPO,
,,1069,a3izlyz5,qwen3-8b-manim-grpo-ensemble,AOS-GRPO,
,,1070,a3izlyz5,qwen3-8b-manim-grpo-ensemble,AOS-GRPO,
,,1071,a3izlyz5,qwen3-8b-manim-grpo-ensemble,AOS-GRPO,
,,1072,a3izlyz5,qwen3-8b-manim-grpo-ensemble,AOS-GRPO,
,,1073,a3izlyz5,qwen3-8b-manim-grpo-ensemble,AOS-GRPO,
,,1074,a3izlyz5,qwen3-8b-manim-grpo-ensemble,AOS-GRPO,
,,1075,a3izlyz5,qwen3-8b-manim-grpo-ensemble,AOS-GRPO,
,,1076,a3izlyz5,qwen3-8b-manim-grpo-ensemble,AOS-GRPO,
,,1077,a3izlyz5,qwen3-8b-manim-grpo-ensemble,AOS-GRPO,
,,1078,a3izlyz5,qwen3-8b-manim-grpo-ensemble,AOS-GRPO,
,,1079,a3izlyz5,qwen3-8b-manim-grpo-ensemble,AOS-GRPO,
,,1080,a3izlyz5,qwen3-8b-manim-grpo-ensemble,AOS-GRPO,
,,1081,a3izlyz5,qwen3-8b-manim-grpo-ensemble,AOS-GRPO,
,,1082,a3izlyz5,qwen3-8b-manim-grpo-ensemble,AOS-GRPO,
,,1083,a3izlyz5,qwen3-8b-manim-grpo-ensemble,AOS-GRPO,
,,1084,a3izlyz5,qwen3-8b-manim-grpo-ensemble,AOS-GRPO,
,,1085,a3izlyz5,qwen3-8b-manim-grpo-ensemble,AOS-GRPO,
,,1086,a3izlyz5,qwen3-8b-manim-grpo-ensemble,AOS-GRPO,
,,1087,a3izlyz5,qwen3-8b-manim-grpo-ensemble,AOS-GRPO,
,,1088,a3izlyz5,qwen3-8b-manim-grpo-ensemble,AOS-GRPO,
,,1089,a3izlyz5,qwen3-8b-manim-grpo-ensemble,AOS-GRPO,
,,1090,a3izlyz5,qwen3-8b-manim-grpo-ensemble,AOS-GRPO,
,,1091,a3izlyz5,qwen3-8b-manim-grpo-ensemble,AOS-GRPO,
,,1092,a3izlyz5,qwen3-8b-manim-grpo-ensemble,AOS-GRPO,
,,1093,a3izlyz5,qwen3-8b-manim-grpo-ensemble,AOS-GRPO,
,,1094,a3izlyz5,qwen3-8b-manim-grpo-ensemble,AOS-GRPO,
,,1095,a3izlyz5,qwen3-8b-manim-grpo-ensemble,AOS-GRPO,
,,1096,a3izlyz5,qwen3-8b-manim-grpo-ensemble,AOS-GRPO,
,,1097,a3izlyz5,qwen3-8b-manim-grpo-ensemble,AOS-GRPO,
,,1098,a3izlyz5,qwen3-8b-manim-grpo-ensemble,AOS-GRPO,
,,1099,a3izlyz5,qwen3-8b-manim-grpo-ensemble,AOS-GRPO,
2.466666666666667e-05,-0.0027,1100,a3izlyz5,qwen3-8b-manim-grpo-ensemble,AOS-GRPO,
,,1101,a3izlyz5,qwen3-8b-manim-grpo-ensemble,AOS-GRPO,
,,1102,a3izlyz5,qwen3-8b-manim-grpo-ensemble,AOS-GRPO,
,,1103,a3izlyz5,qwen3-8b-manim-grpo-ensemble,AOS-GRPO,
,,1104,a3izlyz5,qwen3-8b-manim-grpo-ensemble,AOS-GRPO,
,,1105,a3izlyz5,qwen3-8b-manim-grpo-ensemble,AOS-GRPO,
,,1106,a3izlyz5,qwen3-8b-manim-grpo-ensemble,AOS-GRPO,
,,1107,a3izlyz5,qwen3-8b-manim-grpo-ensemble,AOS-GRPO,
,,1108,a3izlyz5,qwen3-8b-manim-grpo-ensemble,AOS-GRPO,
,,1109,a3izlyz5,qwen3-8b-manim-grpo-ensemble,AOS-GRPO,
,,1110,a3izlyz5,qwen3-8b-manim-grpo-ensemble,AOS-GRPO,
,,1111,a3izlyz5,qwen3-8b-manim-grpo-ensemble,AOS-GRPO,
,,1112,a3izlyz5,qwen3-8b-manim-grpo-ensemble,AOS-GRPO,
,,1113,a3izlyz5,qwen3-8b-manim-grpo-ensemble,AOS-GRPO,
,,1114,a3izlyz5,qwen3-8b-manim-grpo-ensemble,AOS-GRPO,
,,1115,a3izlyz5,qwen3-8b-manim-grpo-ensemble,AOS-GRPO,
,,1116,a3izlyz5,qwen3-8b-manim-grpo-ensemble,AOS-GRPO,
,,1117,a3izlyz5,qwen3-8b-manim-grpo-ensemble,AOS-GRPO,
,,1118,a3izlyz5,qwen3-8b-manim-grpo-ensemble,AOS-GRPO,
,,1119,a3izlyz5,qwen3-8b-manim-grpo-ensemble,AOS-GRPO,
,,1120,a3izlyz5,qwen3-8b-manim-grpo-ensemble,AOS-GRPO,
,,1121,a3izlyz5,qwen3-8b-manim-grpo-ensemble,AOS-GRPO,
,,1122,a3izlyz5,qwen3-8b-manim-grpo-ensemble,AOS-GRPO,
,,1123,a3izlyz5,qwen3-8b-manim-grpo-ensemble,AOS-GRPO,
,,1124,a3izlyz5,qwen3-8b-manim-grpo-ensemble,AOS-GRPO,
,,1125,a3izlyz5,qwen3-8b-manim-grpo-ensemble,AOS-GRPO,
,,1126,a3izlyz5,qwen3-8b-manim-grpo-ensemble,AOS-GRPO,
,,1127,a3izlyz5,qwen3-8b-manim-grpo-ensemble,AOS-GRPO,
,,1128,a3izlyz5,qwen3-8b-manim-grpo-ensemble,AOS-GRPO,
,,1129,a3izlyz5,qwen3-8b-manim-grpo-ensemble,AOS-GRPO,
,,1130,a3izlyz5,qwen3-8b-manim-grpo-ensemble,AOS-GRPO,
,,1131,a3izlyz5,qwen3-8b-manim-grpo-ensemble,AOS-GRPO,
,,1132,a3izlyz5,qwen3-8b-manim-grpo-ensemble,AOS-GRPO,
,,1133,a3izlyz5,qwen3-8b-manim-grpo-ensemble,AOS-GRPO,
,,1134,a3izlyz5,qwen3-8b-manim-grpo-ensemble,AOS-GRPO,
,,1135,a3izlyz5,qwen3-8b-manim-grpo-ensemble,AOS-GRPO,
,,1136,a3izlyz5,qwen3-8b-manim-grpo-ensemble,AOS-GRPO,
,,1137,a3izlyz5,qwen3-8b-manim-grpo-ensemble,AOS-GRPO,
,,1138,a3izlyz5,qwen3-8b-manim-grpo-ensemble,AOS-GRPO,
,,1139,a3izlyz5,qwen3-8b-manim-grpo-ensemble,AOS-GRPO,
,,1140,a3izlyz5,qwen3-8b-manim-grpo-ensemble,AOS-GRPO,
,,1141,a3izlyz5,qwen3-8b-manim-grpo-ensemble,AOS-GRPO,
,,1142,a3izlyz5,qwen3-8b-manim-grpo-ensemble,AOS-GRPO,
,,1143,a3izlyz5,qwen3-8b-manim-grpo-ensemble,AOS-GRPO,
,,1144,a3izlyz5,qwen3-8b-manim-grpo-ensemble,AOS-GRPO,
,,1145,a3izlyz5,qwen3-8b-manim-grpo-ensemble,AOS-GRPO,
,,1146,a3izlyz5,qwen3-8b-manim-grpo-ensemble,AOS-GRPO,
,,1147,a3izlyz5,qwen3-8b-manim-grpo-ensemble,AOS-GRPO,
,,1148,a3izlyz5,qwen3-8b-manim-grpo-ensemble,AOS-GRPO,
,,1149,a3izlyz5,qwen3-8b-manim-grpo-ensemble,AOS-GRPO,
,,1150,a3izlyz5,qwen3-8b-manim-grpo-ensemble,AOS-GRPO,
,,1151,a3izlyz5,qwen3-8b-manim-grpo-ensemble,AOS-GRPO,
,,1152,a3izlyz5,qwen3-8b-manim-grpo-ensemble,AOS-GRPO,
,,1153,a3izlyz5,qwen3-8b-manim-grpo-ensemble,AOS-GRPO,
,,1154,a3izlyz5,qwen3-8b-manim-grpo-ensemble,AOS-GRPO,
,,1155,a3izlyz5,qwen3-8b-manim-grpo-ensemble,AOS-GRPO,
,,1156,a3izlyz5,qwen3-8b-manim-grpo-ensemble,AOS-GRPO,
,,1157,a3izlyz5,qwen3-8b-manim-grpo-ensemble,AOS-GRPO,
,,1158,a3izlyz5,qwen3-8b-manim-grpo-ensemble,AOS-GRPO,
,,1159,a3izlyz5,qwen3-8b-manim-grpo-ensemble,AOS-GRPO,
,,1160,a3izlyz5,qwen3-8b-manim-grpo-ensemble,AOS-GRPO,
,,1161,a3izlyz5,qwen3-8b-manim-grpo-ensemble,AOS-GRPO,
,,1162,a3izlyz5,qwen3-8b-manim-grpo-ensemble,AOS-GRPO,
,,1163,a3izlyz5,qwen3-8b-manim-grpo-ensemble,AOS-GRPO,
,,1164,a3izlyz5,qwen3-8b-manim-grpo-ensemble,AOS-GRPO,
,,1165,a3izlyz5,qwen3-8b-manim-grpo-ensemble,AOS-GRPO,
,,1166,a3izlyz5,qwen3-8b-manim-grpo-ensemble,AOS-GRPO,
,,1167,a3izlyz5,qwen3-8b-manim-grpo-ensemble,AOS-GRPO,
,,1168,a3izlyz5,qwen3-8b-manim-grpo-ensemble,AOS-GRPO,
,,1169,a3izlyz5,qwen3-8b-manim-grpo-ensemble,AOS-GRPO,
,,1170,a3izlyz5,qwen3-8b-manim-grpo-ensemble,AOS-GRPO,
2.2444444444444447e-05,-0.0099,1171,a3izlyz5,qwen3-8b-manim-grpo-ensemble,AOS-GRPO,
,,1172,a3izlyz5,qwen3-8b-manim-grpo-ensemble,AOS-GRPO,
,,1173,a3izlyz5,qwen3-8b-manim-grpo-ensemble,AOS-GRPO,
,,1174,a3izlyz5,qwen3-8b-manim-grpo-ensemble,AOS-GRPO,
,,1175,a3izlyz5,qwen3-8b-manim-grpo-ensemble,AOS-GRPO,
,,1176,a3izlyz5,qwen3-8b-manim-grpo-ensemble,AOS-GRPO,
,,1177,a3izlyz5,qwen3-8b-manim-grpo-ensemble,AOS-GRPO,
,,1178,a3izlyz5,qwen3-8b-manim-grpo-ensemble,AOS-GRPO,
,,1179,a3izlyz5,qwen3-8b-manim-grpo-ensemble,AOS-GRPO,
,,1180,a3izlyz5,qwen3-8b-manim-grpo-ensemble,AOS-GRPO,
,,1181,a3izlyz5,qwen3-8b-manim-grpo-ensemble,AOS-GRPO,
,,1182,a3izlyz5,qwen3-8b-manim-grpo-ensemble,AOS-GRPO,
,,1183,a3izlyz5,qwen3-8b-manim-grpo-ensemble,AOS-GRPO,
,,1184,a3izlyz5,qwen3-8b-manim-grpo-ensemble,AOS-GRPO,
,,1185,a3izlyz5,qwen3-8b-manim-grpo-ensemble,AOS-GRPO,
,,1186,a3izlyz5,qwen3-8b-manim-grpo-ensemble,AOS-GRPO,
,,1187,a3izlyz5,qwen3-8b-manim-grpo-ensemble,AOS-GRPO,
,,1188,a3izlyz5,qwen3-8b-manim-grpo-ensemble,AOS-GRPO,
,,1189,a3izlyz5,qwen3-8b-manim-grpo-ensemble,AOS-GRPO,
,,1190,a3izlyz5,qwen3-8b-manim-grpo-ensemble,AOS-GRPO,
,,1191,a3izlyz5,qwen3-8b-manim-grpo-ensemble,AOS-GRPO,
,,1192,a3izlyz5,qwen3-8b-manim-grpo-ensemble,AOS-GRPO,
,,1193,a3izlyz5,qwen3-8b-manim-grpo-ensemble,AOS-GRPO,
,,1194,a3izlyz5,qwen3-8b-manim-grpo-ensemble,AOS-GRPO,
,,1195,a3izlyz5,qwen3-8b-manim-grpo-ensemble,AOS-GRPO,
,,1196,a3izlyz5,qwen3-8b-manim-grpo-ensemble,AOS-GRPO,
,,1197,a3izlyz5,qwen3-8b-manim-grpo-ensemble,AOS-GRPO,
,,1198,a3izlyz5,qwen3-8b-manim-grpo-ensemble,AOS-GRPO,
,,1199,a3izlyz5,qwen3-8b-manim-grpo-ensemble,AOS-GRPO,
,,1200,a3izlyz5,qwen3-8b-manim-grpo-ensemble,AOS-GRPO,
,,1201,a3izlyz5,qwen3-8b-manim-grpo-ensemble,AOS-GRPO,
,,1202,a3izlyz5,qwen3-8b-manim-grpo-ensemble,AOS-GRPO,
,,1203,a3izlyz5,qwen3-8b-manim-grpo-ensemble,AOS-GRPO,
,,1204,a3izlyz5,qwen3-8b-manim-grpo-ensemble,AOS-GRPO,
,,1205,a3izlyz5,qwen3-8b-manim-grpo-ensemble,AOS-GRPO,
,,1206,a3izlyz5,qwen3-8b-manim-grpo-ensemble,AOS-GRPO,
,,1207,a3izlyz5,qwen3-8b-manim-grpo-ensemble,AOS-GRPO,
,,1208,a3izlyz5,qwen3-8b-manim-grpo-ensemble,AOS-GRPO,
,,1209,a3izlyz5,qwen3-8b-manim-grpo-ensemble,AOS-GRPO,
,,1210,a3izlyz5,qwen3-8b-manim-grpo-ensemble,AOS-GRPO,
,,1211,a3izlyz5,qwen3-8b-manim-grpo-ensemble,AOS-GRPO,
,,1212,a3izlyz5,qwen3-8b-manim-grpo-ensemble,AOS-GRPO,
,,1213,a3izlyz5,qwen3-8b-manim-grpo-ensemble,AOS-GRPO,
,,1214,a3izlyz5,qwen3-8b-manim-grpo-ensemble,AOS-GRPO,
,,1215,a3izlyz5,qwen3-8b-manim-grpo-ensemble,AOS-GRPO,
,,1216,a3izlyz5,qwen3-8b-manim-grpo-ensemble,AOS-GRPO,
,,1217,a3izlyz5,qwen3-8b-manim-grpo-ensemble,AOS-GRPO,
,,1218,a3izlyz5,qwen3-8b-manim-grpo-ensemble,AOS-GRPO,
,,1219,a3izlyz5,qwen3-8b-manim-grpo-ensemble,AOS-GRPO,
,,1220,a3izlyz5,qwen3-8b-manim-grpo-ensemble,AOS-GRPO,
,,1221,a3izlyz5,qwen3-8b-manim-grpo-ensemble,AOS-GRPO,
,,1222,a3izlyz5,qwen3-8b-manim-grpo-ensemble,AOS-GRPO,
,,1223,a3izlyz5,qwen3-8b-manim-grpo-ensemble,AOS-GRPO,
,,1224,a3izlyz5,qwen3-8b-manim-grpo-ensemble,AOS-GRPO,
,,1225,a3izlyz5,qwen3-8b-manim-grpo-ensemble,AOS-GRPO,
,,1226,a3izlyz5,qwen3-8b-manim-grpo-ensemble,AOS-GRPO,
,,1227,a3izlyz5,qwen3-8b-manim-grpo-ensemble,AOS-GRPO,
,,1228,a3izlyz5,qwen3-8b-manim-grpo-ensemble,AOS-GRPO,
,,1229,a3izlyz5,qwen3-8b-manim-grpo-ensemble,AOS-GRPO,
,,1230,a3izlyz5,qwen3-8b-manim-grpo-ensemble,AOS-GRPO,
,,1231,a3izlyz5,qwen3-8b-manim-grpo-ensemble,AOS-GRPO,
,,1232,a3izlyz5,qwen3-8b-manim-grpo-ensemble,AOS-GRPO,
,,1233,a3izlyz5,qwen3-8b-manim-grpo-ensemble,AOS-GRPO,
,,1234,a3izlyz5,qwen3-8b-manim-grpo-ensemble,AOS-GRPO,
,,1235,a3izlyz5,qwen3-8b-manim-grpo-ensemble,AOS-GRPO,
,,1236,a3izlyz5,qwen3-8b-manim-grpo-ensemble,AOS-GRPO,
,,1237,a3izlyz5,qwen3-8b-manim-grpo-ensemble,AOS-GRPO,
,,1238,a3izlyz5,qwen3-8b-manim-grpo-ensemble,AOS-GRPO,
,,1239,a3izlyz5,qwen3-8b-manim-grpo-ensemble,AOS-GRPO,
,,1240,a3izlyz5,qwen3-8b-manim-grpo-ensemble,AOS-GRPO,
,,1241,a3izlyz5,qwen3-8b-manim-grpo-ensemble,AOS-GRPO,
2.0222222222222222e-05,-0.0069,1242,a3izlyz5,qwen3-8b-manim-grpo-ensemble,AOS-GRPO,
,,1243,a3izlyz5,qwen3-8b-manim-grpo-ensemble,AOS-GRPO,
,,1244,a3izlyz5,qwen3-8b-manim-grpo-ensemble,AOS-GRPO,
,,1245,a3izlyz5,qwen3-8b-manim-grpo-ensemble,AOS-GRPO,
,,1246,a3izlyz5,qwen3-8b-manim-grpo-ensemble,AOS-GRPO,
,,1247,a3izlyz5,qwen3-8b-manim-grpo-ensemble,AOS-GRPO,
,,1248,a3izlyz5,qwen3-8b-manim-grpo-ensemble,AOS-GRPO,
,,1249,a3izlyz5,qwen3-8b-manim-grpo-ensemble,AOS-GRPO,
,,1250,a3izlyz5,qwen3-8b-manim-grpo-ensemble,AOS-GRPO,
,,1251,a3izlyz5,qwen3-8b-manim-grpo-ensemble,AOS-GRPO,
,,1252,a3izlyz5,qwen3-8b-manim-grpo-ensemble,AOS-GRPO,
,,1253,a3izlyz5,qwen3-8b-manim-grpo-ensemble,AOS-GRPO,
,,1254,a3izlyz5,qwen3-8b-manim-grpo-ensemble,AOS-GRPO,
,,1255,a3izlyz5,qwen3-8b-manim-grpo-ensemble,AOS-GRPO,
,,1256,a3izlyz5,qwen3-8b-manim-grpo-ensemble,AOS-GRPO,
,,1257,a3izlyz5,qwen3-8b-manim-grpo-ensemble,AOS-GRPO,
,,1258,a3izlyz5,qwen3-8b-manim-grpo-ensemble,AOS-GRPO,
,,1259,a3izlyz5,qwen3-8b-manim-grpo-ensemble,AOS-GRPO,
,,1260,a3izlyz5,qwen3-8b-manim-grpo-ensemble,AOS-GRPO,
,,1261,a3izlyz5,qwen3-8b-manim-grpo-ensemble,AOS-GRPO,
,,1262,a3izlyz5,qwen3-8b-manim-grpo-ensemble,AOS-GRPO,
,,1263,a3izlyz5,qwen3-8b-manim-grpo-ensemble,AOS-GRPO,
,,1264,a3izlyz5,qwen3-8b-manim-grpo-ensemble,AOS-GRPO,
,,1265,a3izlyz5,qwen3-8b-manim-grpo-ensemble,AOS-GRPO,
,,1266,a3izlyz5,qwen3-8b-manim-grpo-ensemble,AOS-GRPO,
,,1267,a3izlyz5,qwen3-8b-manim-grpo-ensemble,AOS-GRPO,
,,1268,a3izlyz5,qwen3-8b-manim-grpo-ensemble,AOS-GRPO,
,,1269,a3izlyz5,qwen3-8b-manim-grpo-ensemble,AOS-GRPO,
,,1270,a3izlyz5,qwen3-8b-manim-grpo-ensemble,AOS-GRPO,
,,1271,a3izlyz5,qwen3-8b-manim-grpo-ensemble,AOS-GRPO,
,,1272,a3izlyz5,qwen3-8b-manim-grpo-ensemble,AOS-GRPO,
,,1273,a3izlyz5,qwen3-8b-manim-grpo-ensemble,AOS-GRPO,
,,1274,a3izlyz5,qwen3-8b-manim-grpo-ensemble,AOS-GRPO,
,,1275,a3izlyz5,qwen3-8b-manim-grpo-ensemble,AOS-GRPO,
,,1276,a3izlyz5,qwen3-8b-manim-grpo-ensemble,AOS-GRPO,
,,1277,a3izlyz5,qwen3-8b-manim-grpo-ensemble,AOS-GRPO,
,,1278,a3izlyz5,qwen3-8b-manim-grpo-ensemble,AOS-GRPO,
,,1279,a3izlyz5,qwen3-8b-manim-grpo-ensemble,AOS-GRPO,
,,1280,a3izlyz5,qwen3-8b-manim-grpo-ensemble,AOS-GRPO,
,,1281,a3izlyz5,qwen3-8b-manim-grpo-ensemble,AOS-GRPO,
,,1282,a3izlyz5,qwen3-8b-manim-grpo-ensemble,AOS-GRPO,
,,1283,a3izlyz5,qwen3-8b-manim-grpo-ensemble,AOS-GRPO,
,,1284,a3izlyz5,qwen3-8b-manim-grpo-ensemble,AOS-GRPO,
,,1285,a3izlyz5,qwen3-8b-manim-grpo-ensemble,AOS-GRPO,
,,1286,a3izlyz5,qwen3-8b-manim-grpo-ensemble,AOS-GRPO,
,,1287,a3izlyz5,qwen3-8b-manim-grpo-ensemble,AOS-GRPO,
,,1288,a3izlyz5,qwen3-8b-manim-grpo-ensemble,AOS-GRPO,
,,1289,a3izlyz5,qwen3-8b-manim-grpo-ensemble,AOS-GRPO,
,,1290,a3izlyz5,qwen3-8b-manim-grpo-ensemble,AOS-GRPO,
,,1291,a3izlyz5,qwen3-8b-manim-grpo-ensemble,AOS-GRPO,
,,1292,a3izlyz5,qwen3-8b-manim-grpo-ensemble,AOS-GRPO,
,,1293,a3izlyz5,qwen3-8b-manim-grpo-ensemble,AOS-GRPO,
,,1294,a3izlyz5,qwen3-8b-manim-grpo-ensemble,AOS-GRPO,
,,1295,a3izlyz5,qwen3-8b-manim-grpo-ensemble,AOS-GRPO,
,,1296,a3izlyz5,qwen3-8b-manim-grpo-ensemble,AOS-GRPO,
,,1297,a3izlyz5,qwen3-8b-manim-grpo-ensemble,AOS-GRPO,
,,1298,a3izlyz5,qwen3-8b-manim-grpo-ensemble,AOS-GRPO,
,,1299,a3izlyz5,qwen3-8b-manim-grpo-ensemble,AOS-GRPO,
,,1300,a3izlyz5,qwen3-8b-manim-grpo-ensemble,AOS-GRPO,
,,1301,a3izlyz5,qwen3-8b-manim-grpo-ensemble,AOS-GRPO,
,,1302,a3izlyz5,qwen3-8b-manim-grpo-ensemble,AOS-GRPO,
,,1303,a3izlyz5,qwen3-8b-manim-grpo-ensemble,AOS-GRPO,
,,1304,a3izlyz5,qwen3-8b-manim-grpo-ensemble,AOS-GRPO,
,,1305,a3izlyz5,qwen3-8b-manim-grpo-ensemble,AOS-GRPO,
,,1306,a3izlyz5,qwen3-8b-manim-grpo-ensemble,AOS-GRPO,
,,1307,a3izlyz5,qwen3-8b-manim-grpo-ensemble,AOS-GRPO,
,,1308,a3izlyz5,qwen3-8b-manim-grpo-ensemble,AOS-GRPO,
,,1309,a3izlyz5,qwen3-8b-manim-grpo-ensemble,AOS-GRPO,
,,1310,a3izlyz5,qwen3-8b-manim-grpo-ensemble,AOS-GRPO,
,,1311,a3izlyz5,qwen3-8b-manim-grpo-ensemble,AOS-GRPO,
,,1312,a3izlyz5,qwen3-8b-manim-grpo-ensemble,AOS-GRPO,
1.8e-05,-0.003,1313,a3izlyz5,qwen3-8b-manim-grpo-ensemble,AOS-GRPO,
,,1314,a3izlyz5,qwen3-8b-manim-grpo-ensemble,AOS-GRPO,
,,1315,a3izlyz5,qwen3-8b-manim-grpo-ensemble,AOS-GRPO,
,,1316,a3izlyz5,qwen3-8b-manim-grpo-ensemble,AOS-GRPO,
,,1317,a3izlyz5,qwen3-8b-manim-grpo-ensemble,AOS-GRPO,
,,1318,a3izlyz5,qwen3-8b-manim-grpo-ensemble,AOS-GRPO,
,,1319,a3izlyz5,qwen3-8b-manim-grpo-ensemble,AOS-GRPO,
,,1320,a3izlyz5,qwen3-8b-manim-grpo-ensemble,AOS-GRPO,
,,1321,a3izlyz5,qwen3-8b-manim-grpo-ensemble,AOS-GRPO,
,,1322,a3izlyz5,qwen3-8b-manim-grpo-ensemble,AOS-GRPO,
,,1323,a3izlyz5,qwen3-8b-manim-grpo-ensemble,AOS-GRPO,
,,1324,a3izlyz5,qwen3-8b-manim-grpo-ensemble,AOS-GRPO,
,,1325,a3izlyz5,qwen3-8b-manim-grpo-ensemble,AOS-GRPO,
,,1326,a3izlyz5,qwen3-8b-manim-grpo-ensemble,AOS-GRPO,
,,1327,a3izlyz5,qwen3-8b-manim-grpo-ensemble,AOS-GRPO,
,,1328,a3izlyz5,qwen3-8b-manim-grpo-ensemble,AOS-GRPO,
,,1329,a3izlyz5,qwen3-8b-manim-grpo-ensemble,AOS-GRPO,
,,1330,a3izlyz5,qwen3-8b-manim-grpo-ensemble,AOS-GRPO,
,,1331,a3izlyz5,qwen3-8b-manim-grpo-ensemble,AOS-GRPO,
,,1332,a3izlyz5,qwen3-8b-manim-grpo-ensemble,AOS-GRPO,
,,1333,a3izlyz5,qwen3-8b-manim-grpo-ensemble,AOS-GRPO,
,,1334,a3izlyz5,qwen3-8b-manim-grpo-ensemble,AOS-GRPO,
,,1335,a3izlyz5,qwen3-8b-manim-grpo-ensemble,AOS-GRPO,
,,1336,a3izlyz5,qwen3-8b-manim-grpo-ensemble,AOS-GRPO,
,,1337,a3izlyz5,qwen3-8b-manim-grpo-ensemble,AOS-GRPO,
,,1338,a3izlyz5,qwen3-8b-manim-grpo-ensemble,AOS-GRPO,
,,1339,a3izlyz5,qwen3-8b-manim-grpo-ensemble,AOS-GRPO,
,,1340,a3izlyz5,qwen3-8b-manim-grpo-ensemble,AOS-GRPO,
,,1341,a3izlyz5,qwen3-8b-manim-grpo-ensemble,AOS-GRPO,
,,1342,a3izlyz5,qwen3-8b-manim-grpo-ensemble,AOS-GRPO,
,,1343,a3izlyz5,qwen3-8b-manim-grpo-ensemble,AOS-GRPO,
,,1344,a3izlyz5,qwen3-8b-manim-grpo-ensemble,AOS-GRPO,
,,1345,a3izlyz5,qwen3-8b-manim-grpo-ensemble,AOS-GRPO,
,,1346,a3izlyz5,qwen3-8b-manim-grpo-ensemble,AOS-GRPO,
,,1347,a3izlyz5,qwen3-8b-manim-grpo-ensemble,AOS-GRPO,
,,1348,a3izlyz5,qwen3-8b-manim-grpo-ensemble,AOS-GRPO,
,,1349,a3izlyz5,qwen3-8b-manim-grpo-ensemble,AOS-GRPO,
,,1350,a3izlyz5,qwen3-8b-manim-grpo-ensemble,AOS-GRPO,
,,1351,a3izlyz5,qwen3-8b-manim-grpo-ensemble,AOS-GRPO,
,,1352,a3izlyz5,qwen3-8b-manim-grpo-ensemble,AOS-GRPO,
,,1353,a3izlyz5,qwen3-8b-manim-grpo-ensemble,AOS-GRPO,
,,1354,a3izlyz5,qwen3-8b-manim-grpo-ensemble,AOS-GRPO,
,,1355,a3izlyz5,qwen3-8b-manim-grpo-ensemble,AOS-GRPO,
,,1356,a3izlyz5,qwen3-8b-manim-grpo-ensemble,AOS-GRPO,
,,1357,a3izlyz5,qwen3-8b-manim-grpo-ensemble,AOS-GRPO,
,,1358,a3izlyz5,qwen3-8b-manim-grpo-ensemble,AOS-GRPO,
,,1359,a3izlyz5,qwen3-8b-manim-grpo-ensemble,AOS-GRPO,
,,1360,a3izlyz5,qwen3-8b-manim-grpo-ensemble,AOS-GRPO,
,,1361,a3izlyz5,qwen3-8b-manim-grpo-ensemble,AOS-GRPO,
,,1362,a3izlyz5,qwen3-8b-manim-grpo-ensemble,AOS-GRPO,
,,1363,a3izlyz5,qwen3-8b-manim-grpo-ensemble,AOS-GRPO,
,,1364,a3izlyz5,qwen3-8b-manim-grpo-ensemble,AOS-GRPO,
,,1365,a3izlyz5,qwen3-8b-manim-grpo-ensemble,AOS-GRPO,
,,1366,a3izlyz5,qwen3-8b-manim-grpo-ensemble,AOS-GRPO,
,,1367,a3izlyz5,qwen3-8b-manim-grpo-ensemble,AOS-GRPO,
,,1368,a3izlyz5,qwen3-8b-manim-grpo-ensemble,AOS-GRPO,
,,1369,a3izlyz5,qwen3-8b-manim-grpo-ensemble,AOS-GRPO,
,,1370,a3izlyz5,qwen3-8b-manim-grpo-ensemble,AOS-GRPO,
,,1371,a3izlyz5,qwen3-8b-manim-grpo-ensemble,AOS-GRPO,
,,1372,a3izlyz5,qwen3-8b-manim-grpo-ensemble,AOS-GRPO,
,,1373,a3izlyz5,qwen3-8b-manim-grpo-ensemble,AOS-GRPO,
,,1374,a3izlyz5,qwen3-8b-manim-grpo-ensemble,AOS-GRPO,
,,1375,a3izlyz5,qwen3-8b-manim-grpo-ensemble,AOS-GRPO,
,,1376,a3izlyz5,qwen3-8b-manim-grpo-ensemble,AOS-GRPO,
,,1377,a3izlyz5,qwen3-8b-manim-grpo-ensemble,AOS-GRPO,
,,1378,a3izlyz5,qwen3-8b-manim-grpo-ensemble,AOS-GRPO,
,,1379,a3izlyz5,qwen3-8b-manim-grpo-ensemble,AOS-GRPO,
,,1380,a3izlyz5,qwen3-8b-manim-grpo-ensemble,AOS-GRPO,
,,1381,a3izlyz5,qwen3-8b-manim-grpo-ensemble,AOS-GRPO,
,,1382,a3izlyz5,qwen3-8b-manim-grpo-ensemble,AOS-GRPO,
,,1383,a3izlyz5,qwen3-8b-manim-grpo-ensemble,AOS-GRPO,
1.577777777777778e-05,0.0068,1384,a3izlyz5,qwen3-8b-manim-grpo-ensemble,AOS-GRPO,
,,1385,a3izlyz5,qwen3-8b-manim-grpo-ensemble,AOS-GRPO,
,,1386,a3izlyz5,qwen3-8b-manim-grpo-ensemble,AOS-GRPO,
,,1387,a3izlyz5,qwen3-8b-manim-grpo-ensemble,AOS-GRPO,
,,1388,a3izlyz5,qwen3-8b-manim-grpo-ensemble,AOS-GRPO,
,,1389,a3izlyz5,qwen3-8b-manim-grpo-ensemble,AOS-GRPO,
,,1390,a3izlyz5,qwen3-8b-manim-grpo-ensemble,AOS-GRPO,
,,1391,a3izlyz5,qwen3-8b-manim-grpo-ensemble,AOS-GRPO,
,,1392,a3izlyz5,qwen3-8b-manim-grpo-ensemble,AOS-GRPO,
,,1393,a3izlyz5,qwen3-8b-manim-grpo-ensemble,AOS-GRPO,
,,1394,a3izlyz5,qwen3-8b-manim-grpo-ensemble,AOS-GRPO,
,,1395,a3izlyz5,qwen3-8b-manim-grpo-ensemble,AOS-GRPO,
,,1396,a3izlyz5,qwen3-8b-manim-grpo-ensemble,AOS-GRPO,
,,1397,a3izlyz5,qwen3-8b-manim-grpo-ensemble,AOS-GRPO,
,,1398,a3izlyz5,qwen3-8b-manim-grpo-ensemble,AOS-GRPO,
,,1399,a3izlyz5,qwen3-8b-manim-grpo-ensemble,AOS-GRPO,
,,1400,a3izlyz5,qwen3-8b-manim-grpo-ensemble,AOS-GRPO,
,,1401,a3izlyz5,qwen3-8b-manim-grpo-ensemble,AOS-GRPO,
,,1402,a3izlyz5,qwen3-8b-manim-grpo-ensemble,AOS-GRPO,
,,1403,a3izlyz5,qwen3-8b-manim-grpo-ensemble,AOS-GRPO,
,,1404,a3izlyz5,qwen3-8b-manim-grpo-ensemble,AOS-GRPO,
,,1405,a3izlyz5,qwen3-8b-manim-grpo-ensemble,AOS-GRPO,
,,1406,a3izlyz5,qwen3-8b-manim-grpo-ensemble,AOS-GRPO,
,,1407,a3izlyz5,qwen3-8b-manim-grpo-ensemble,AOS-GRPO,
,,1408,a3izlyz5,qwen3-8b-manim-grpo-ensemble,AOS-GRPO,
,,1409,a3izlyz5,qwen3-8b-manim-grpo-ensemble,AOS-GRPO,
,,1410,a3izlyz5,qwen3-8b-manim-grpo-ensemble,AOS-GRPO,
,,1411,a3izlyz5,qwen3-8b-manim-grpo-ensemble,AOS-GRPO,
,,1412,a3izlyz5,qwen3-8b-manim-grpo-ensemble,AOS-GRPO,
,,1413,a3izlyz5,qwen3-8b-manim-grpo-ensemble,AOS-GRPO,
,,1414,a3izlyz5,qwen3-8b-manim-grpo-ensemble,AOS-GRPO,
,,1415,a3izlyz5,qwen3-8b-manim-grpo-ensemble,AOS-GRPO,
,,1416,a3izlyz5,qwen3-8b-manim-grpo-ensemble,AOS-GRPO,
,,1417,a3izlyz5,qwen3-8b-manim-grpo-ensemble,AOS-GRPO,
,,1418,a3izlyz5,qwen3-8b-manim-grpo-ensemble,AOS-GRPO,
,,1419,a3izlyz5,qwen3-8b-manim-grpo-ensemble,AOS-GRPO,
,,1420,a3izlyz5,qwen3-8b-manim-grpo-ensemble,AOS-GRPO,
,,1421,a3izlyz5,qwen3-8b-manim-grpo-ensemble,AOS-GRPO,
,,1422,a3izlyz5,qwen3-8b-manim-grpo-ensemble,AOS-GRPO,
,,1423,a3izlyz5,qwen3-8b-manim-grpo-ensemble,AOS-GRPO,
,,1424,a3izlyz5,qwen3-8b-manim-grpo-ensemble,AOS-GRPO,
,,1425,a3izlyz5,qwen3-8b-manim-grpo-ensemble,AOS-GRPO,
,,1426,a3izlyz5,qwen3-8b-manim-grpo-ensemble,AOS-GRPO,
,,1427,a3izlyz5,qwen3-8b-manim-grpo-ensemble,AOS-GRPO,
,,1428,a3izlyz5,qwen3-8b-manim-grpo-ensemble,AOS-GRPO,
,,1429,a3izlyz5,qwen3-8b-manim-grpo-ensemble,AOS-GRPO,
,,1430,a3izlyz5,qwen3-8b-manim-grpo-ensemble,AOS-GRPO,
,,1431,a3izlyz5,qwen3-8b-manim-grpo-ensemble,AOS-GRPO,
,,1432,a3izlyz5,qwen3-8b-manim-grpo-ensemble,AOS-GRPO,
,,1433,a3izlyz5,qwen3-8b-manim-grpo-ensemble,AOS-GRPO,
,,1434,a3izlyz5,qwen3-8b-manim-grpo-ensemble,AOS-GRPO,
,,1435,a3izlyz5,qwen3-8b-manim-grpo-ensemble,AOS-GRPO,
,,1436,a3izlyz5,qwen3-8b-manim-grpo-ensemble,AOS-GRPO,
,,1437,a3izlyz5,qwen3-8b-manim-grpo-ensemble,AOS-GRPO,
,,1438,a3izlyz5,qwen3-8b-manim-grpo-ensemble,AOS-GRPO,
,,1439,a3izlyz5,qwen3-8b-manim-grpo-ensemble,AOS-GRPO,
,,1440,a3izlyz5,qwen3-8b-manim-grpo-ensemble,AOS-GRPO,
,,1441,a3izlyz5,qwen3-8b-manim-grpo-ensemble,AOS-GRPO,
,,1442,a3izlyz5,qwen3-8b-manim-grpo-ensemble,AOS-GRPO,
,,1443,a3izlyz5,qwen3-8b-manim-grpo-ensemble,AOS-GRPO,
,,1444,a3izlyz5,qwen3-8b-manim-grpo-ensemble,AOS-GRPO,
,,1445,a3izlyz5,qwen3-8b-manim-grpo-ensemble,AOS-GRPO,
,,1446,a3izlyz5,qwen3-8b-manim-grpo-ensemble,AOS-GRPO,
,,1447,a3izlyz5,qwen3-8b-manim-grpo-ensemble,AOS-GRPO,
,,1448,a3izlyz5,qwen3-8b-manim-grpo-ensemble,AOS-GRPO,
,,0,c7vbotb4,qwen3-8b-manim-grpo-ensemble,AOS-GRPO,
,,1,c7vbotb4,qwen3-8b-manim-grpo-ensemble,AOS-GRPO,
,,2,c7vbotb4,qwen3-8b-manim-grpo-ensemble,AOS-GRPO,
,,3,c7vbotb4,qwen3-8b-manim-grpo-ensemble,AOS-GRPO,
,,4,c7vbotb4,qwen3-8b-manim-grpo-ensemble,AOS-GRPO,
,,5,c7vbotb4,qwen3-8b-manim-grpo-ensemble,AOS-GRPO,
,,6,c7vbotb4,qwen3-8b-manim-grpo-ensemble,AOS-GRPO,
1.3555555555555557e-05,0.0,7,c7vbotb4,qwen3-8b-manim-grpo-ensemble,AOS-GRPO,
,,8,c7vbotb4,qwen3-8b-manim-grpo-ensemble,AOS-GRPO,
,,9,c7vbotb4,qwen3-8b-manim-grpo-ensemble,AOS-GRPO,
,,10,c7vbotb4,qwen3-8b-manim-grpo-ensemble,AOS-GRPO,
,,11,c7vbotb4,qwen3-8b-manim-grpo-ensemble,AOS-GRPO,
,,12,c7vbotb4,qwen3-8b-manim-grpo-ensemble,AOS-GRPO,
,,13,c7vbotb4,qwen3-8b-manim-grpo-ensemble,AOS-GRPO,
,,14,c7vbotb4,qwen3-8b-manim-grpo-ensemble,AOS-GRPO,
,,15,c7vbotb4,qwen3-8b-manim-grpo-ensemble,AOS-GRPO,
,,16,c7vbotb4,qwen3-8b-manim-grpo-ensemble,AOS-GRPO,
,,17,c7vbotb4,qwen3-8b-manim-grpo-ensemble,AOS-GRPO,
,,18,c7vbotb4,qwen3-8b-manim-grpo-ensemble,AOS-GRPO,
,,19,c7vbotb4,qwen3-8b-manim-grpo-ensemble,AOS-GRPO,
,,20,c7vbotb4,qwen3-8b-manim-grpo-ensemble,AOS-GRPO,
,,21,c7vbotb4,qwen3-8b-manim-grpo-ensemble,AOS-GRPO,
,,22,c7vbotb4,qwen3-8b-manim-grpo-ensemble,AOS-GRPO,
,,23,c7vbotb4,qwen3-8b-manim-grpo-ensemble,AOS-GRPO,
,,24,c7vbotb4,qwen3-8b-manim-grpo-ensemble,AOS-GRPO,
,,25,c7vbotb4,qwen3-8b-manim-grpo-ensemble,AOS-GRPO,
,,26,c7vbotb4,qwen3-8b-manim-grpo-ensemble,AOS-GRPO,
,,27,c7vbotb4,qwen3-8b-manim-grpo-ensemble,AOS-GRPO,
,,28,c7vbotb4,qwen3-8b-manim-grpo-ensemble,AOS-GRPO,
,,29,c7vbotb4,qwen3-8b-manim-grpo-ensemble,AOS-GRPO,
,,30,c7vbotb4,qwen3-8b-manim-grpo-ensemble,AOS-GRPO,
,,31,c7vbotb4,qwen3-8b-manim-grpo-ensemble,AOS-GRPO,
,,32,c7vbotb4,qwen3-8b-manim-grpo-ensemble,AOS-GRPO,
,,33,c7vbotb4,qwen3-8b-manim-grpo-ensemble,AOS-GRPO,
,,34,c7vbotb4,qwen3-8b-manim-grpo-ensemble,AOS-GRPO,
,,35,c7vbotb4,qwen3-8b-manim-grpo-ensemble,AOS-GRPO,
,,36,c7vbotb4,qwen3-8b-manim-grpo-ensemble,AOS-GRPO,
,,37,c7vbotb4,qwen3-8b-manim-grpo-ensemble,AOS-GRPO,
,,38,c7vbotb4,qwen3-8b-manim-grpo-ensemble,AOS-GRPO,
,,39,c7vbotb4,qwen3-8b-manim-grpo-ensemble,AOS-GRPO,
,,40,c7vbotb4,qwen3-8b-manim-grpo-ensemble,AOS-GRPO,
,,41,c7vbotb4,qwen3-8b-manim-grpo-ensemble,AOS-GRPO,
,,42,c7vbotb4,qwen3-8b-manim-grpo-ensemble,AOS-GRPO,
,,43,c7vbotb4,qwen3-8b-manim-grpo-ensemble,AOS-GRPO,
,,44,c7vbotb4,qwen3-8b-manim-grpo-ensemble,AOS-GRPO,
,,45,c7vbotb4,qwen3-8b-manim-grpo-ensemble,AOS-GRPO,
,,46,c7vbotb4,qwen3-8b-manim-grpo-ensemble,AOS-GRPO,
,,47,c7vbotb4,qwen3-8b-manim-grpo-ensemble,AOS-GRPO,
,,48,c7vbotb4,qwen3-8b-manim-grpo-ensemble,AOS-GRPO,
,,49,c7vbotb4,qwen3-8b-manim-grpo-ensemble,AOS-GRPO,
,,50,c7vbotb4,qwen3-8b-manim-grpo-ensemble,AOS-GRPO,
,,51,c7vbotb4,qwen3-8b-manim-grpo-ensemble,AOS-GRPO,
,,52,c7vbotb4,qwen3-8b-manim-grpo-ensemble,AOS-GRPO,
,,53,c7vbotb4,qwen3-8b-manim-grpo-ensemble,AOS-GRPO,
,,54,c7vbotb4,qwen3-8b-manim-grpo-ensemble,AOS-GRPO,
,,55,c7vbotb4,qwen3-8b-manim-grpo-ensemble,AOS-GRPO,
,,56,c7vbotb4,qwen3-8b-manim-grpo-ensemble,AOS-GRPO,
,,57,c7vbotb4,qwen3-8b-manim-grpo-ensemble,AOS-GRPO,
,,58,c7vbotb4,qwen3-8b-manim-grpo-ensemble,AOS-GRPO,
,,59,c7vbotb4,qwen3-8b-manim-grpo-ensemble,AOS-GRPO,
,,60,c7vbotb4,qwen3-8b-manim-grpo-ensemble,AOS-GRPO,
,,61,c7vbotb4,qwen3-8b-manim-grpo-ensemble,AOS-GRPO,
,,62,c7vbotb4,qwen3-8b-manim-grpo-ensemble,AOS-GRPO,
,,63,c7vbotb4,qwen3-8b-manim-grpo-ensemble,AOS-GRPO,
,,64,c7vbotb4,qwen3-8b-manim-grpo-ensemble,AOS-GRPO,
,,65,c7vbotb4,qwen3-8b-manim-grpo-ensemble,AOS-GRPO,
,,66,c7vbotb4,qwen3-8b-manim-grpo-ensemble,AOS-GRPO,
,,67,c7vbotb4,qwen3-8b-manim-grpo-ensemble,AOS-GRPO,
,,68,c7vbotb4,qwen3-8b-manim-grpo-ensemble,AOS-GRPO,
,,69,c7vbotb4,qwen3-8b-manim-grpo-ensemble,AOS-GRPO,
,,70,c7vbotb4,qwen3-8b-manim-grpo-ensemble,AOS-GRPO,
,,71,c7vbotb4,qwen3-8b-manim-grpo-ensemble,AOS-GRPO,
,,72,c7vbotb4,qwen3-8b-manim-grpo-ensemble,AOS-GRPO,
,,73,c7vbotb4,qwen3-8b-manim-grpo-ensemble,AOS-GRPO,
,,74,c7vbotb4,qwen3-8b-manim-grpo-ensemble,AOS-GRPO,
,,75,c7vbotb4,qwen3-8b-manim-grpo-ensemble,AOS-GRPO,
,,76,c7vbotb4,qwen3-8b-manim-grpo-ensemble,AOS-GRPO,
,,77,c7vbotb4,qwen3-8b-manim-grpo-ensemble,AOS-GRPO,
1.1333333333333334e-05,-0.0043,78,c7vbotb4,qwen3-8b-manim-grpo-ensemble,AOS-GRPO,
,,79,c7vbotb4,qwen3-8b-manim-grpo-ensemble,AOS-GRPO,
,,80,c7vbotb4,qwen3-8b-manim-grpo-ensemble,AOS-GRPO,
,,81,c7vbotb4,qwen3-8b-manim-grpo-ensemble,AOS-GRPO,
,,82,c7vbotb4,qwen3-8b-manim-grpo-ensemble,AOS-GRPO,
,,83,c7vbotb4,qwen3-8b-manim-grpo-ensemble,AOS-GRPO,
,,84,c7vbotb4,qwen3-8b-manim-grpo-ensemble,AOS-GRPO,
,,85,c7vbotb4,qwen3-8b-manim-grpo-ensemble,AOS-GRPO,
,,86,c7vbotb4,qwen3-8b-manim-grpo-ensemble,AOS-GRPO,
,,87,c7vbotb4,qwen3-8b-manim-grpo-ensemble,AOS-GRPO,
,,88,c7vbotb4,qwen3-8b-manim-grpo-ensemble,AOS-GRPO,
,,89,c7vbotb4,qwen3-8b-manim-grpo-ensemble,AOS-GRPO,
,,90,c7vbotb4,qwen3-8b-manim-grpo-ensemble,AOS-GRPO,
,,91,c7vbotb4,qwen3-8b-manim-grpo-ensemble,AOS-GRPO,
,,92,c7vbotb4,qwen3-8b-manim-grpo-ensemble,AOS-GRPO,
,,93,c7vbotb4,qwen3-8b-manim-grpo-ensemble,AOS-GRPO,
,,94,c7vbotb4,qwen3-8b-manim-grpo-ensemble,AOS-GRPO,
,,95,c7vbotb4,qwen3-8b-manim-grpo-ensemble,AOS-GRPO,
,,96,c7vbotb4,qwen3-8b-manim-grpo-ensemble,AOS-GRPO,
,,97,c7vbotb4,qwen3-8b-manim-grpo-ensemble,AOS-GRPO,
,,98,c7vbotb4,qwen3-8b-manim-grpo-ensemble,AOS-GRPO,
,,99,c7vbotb4,qwen3-8b-manim-grpo-ensemble,AOS-GRPO,
,,100,c7vbotb4,qwen3-8b-manim-grpo-ensemble,AOS-GRPO,
,,101,c7vbotb4,qwen3-8b-manim-grpo-ensemble,AOS-GRPO,
,,102,c7vbotb4,qwen3-8b-manim-grpo-ensemble,AOS-GRPO,
,,103,c7vbotb4,qwen3-8b-manim-grpo-ensemble,AOS-GRPO,
,,104,c7vbotb4,qwen3-8b-manim-grpo-ensemble,AOS-GRPO,
,,105,c7vbotb4,qwen3-8b-manim-grpo-ensemble,AOS-GRPO,
,,106,c7vbotb4,qwen3-8b-manim-grpo-ensemble,AOS-GRPO,
,,107,c7vbotb4,qwen3-8b-manim-grpo-ensemble,AOS-GRPO,
,,108,c7vbotb4,qwen3-8b-manim-grpo-ensemble,AOS-GRPO,
,,109,c7vbotb4,qwen3-8b-manim-grpo-ensemble,AOS-GRPO,
,,110,c7vbotb4,qwen3-8b-manim-grpo-ensemble,AOS-GRPO,
,,111,c7vbotb4,qwen3-8b-manim-grpo-ensemble,AOS-GRPO,
,,112,c7vbotb4,qwen3-8b-manim-grpo-ensemble,AOS-GRPO,
,,113,c7vbotb4,qwen3-8b-manim-grpo-ensemble,AOS-GRPO,
,,114,c7vbotb4,qwen3-8b-manim-grpo-ensemble,AOS-GRPO,
,,115,c7vbotb4,qwen3-8b-manim-grpo-ensemble,AOS-GRPO,
,,116,c7vbotb4,qwen3-8b-manim-grpo-ensemble,AOS-GRPO,
,,117,c7vbotb4,qwen3-8b-manim-grpo-ensemble,AOS-GRPO,
,,118,c7vbotb4,qwen3-8b-manim-grpo-ensemble,AOS-GRPO,
,,119,c7vbotb4,qwen3-8b-manim-grpo-ensemble,AOS-GRPO,
,,120,c7vbotb4,qwen3-8b-manim-grpo-ensemble,AOS-GRPO,
,,121,c7vbotb4,qwen3-8b-manim-grpo-ensemble,AOS-GRPO,
,,122,c7vbotb4,qwen3-8b-manim-grpo-ensemble,AOS-GRPO,
,,123,c7vbotb4,qwen3-8b-manim-grpo-ensemble,AOS-GRPO,
,,124,c7vbotb4,qwen3-8b-manim-grpo-ensemble,AOS-GRPO,
,,125,c7vbotb4,qwen3-8b-manim-grpo-ensemble,AOS-GRPO,
,,126,c7vbotb4,qwen3-8b-manim-grpo-ensemble,AOS-GRPO,
,,127,c7vbotb4,qwen3-8b-manim-grpo-ensemble,AOS-GRPO,
,,128,c7vbotb4,qwen3-8b-manim-grpo-ensemble,AOS-GRPO,
,,129,c7vbotb4,qwen3-8b-manim-grpo-ensemble,AOS-GRPO,
,,130,c7vbotb4,qwen3-8b-manim-grpo-ensemble,AOS-GRPO,
,,131,c7vbotb4,qwen3-8b-manim-grpo-ensemble,AOS-GRPO,
,,132,c7vbotb4,qwen3-8b-manim-grpo-ensemble,AOS-GRPO,
,,133,c7vbotb4,qwen3-8b-manim-grpo-ensemble,AOS-GRPO,
,,134,c7vbotb4,qwen3-8b-manim-grpo-ensemble,AOS-GRPO,
,,135,c7vbotb4,qwen3-8b-manim-grpo-ensemble,AOS-GRPO,
,,136,c7vbotb4,qwen3-8b-manim-grpo-ensemble,AOS-GRPO,
,,137,c7vbotb4,qwen3-8b-manim-grpo-ensemble,AOS-GRPO,
,,138,c7vbotb4,qwen3-8b-manim-grpo-ensemble,AOS-GRPO,
,,139,c7vbotb4,qwen3-8b-manim-grpo-ensemble,AOS-GRPO,
,,140,c7vbotb4,qwen3-8b-manim-grpo-ensemble,AOS-GRPO,
,,141,c7vbotb4,qwen3-8b-manim-grpo-ensemble,AOS-GRPO,
,,142,c7vbotb4,qwen3-8b-manim-grpo-ensemble,AOS-GRPO,
,,143,c7vbotb4,qwen3-8b-manim-grpo-ensemble,AOS-GRPO,
,,144,c7vbotb4,qwen3-8b-manim-grpo-ensemble,AOS-GRPO,
,,145,c7vbotb4,qwen3-8b-manim-grpo-ensemble,AOS-GRPO,
,,146,c7vbotb4,qwen3-8b-manim-grpo-ensemble,AOS-GRPO,
,,147,c7vbotb4,qwen3-8b-manim-grpo-ensemble,AOS-GRPO,
,,148,c7vbotb4,qwen3-8b-manim-grpo-ensemble,AOS-GRPO,
9.111111111111112e-06,-0.0412,149,c7vbotb4,qwen3-8b-manim-grpo-ensemble,AOS-GRPO,
,,150,c7vbotb4,qwen3-8b-manim-grpo-ensemble,AOS-GRPO,
,,151,c7vbotb4,qwen3-8b-manim-grpo-ensemble,AOS-GRPO,
,,152,c7vbotb4,qwen3-8b-manim-grpo-ensemble,AOS-GRPO,
,,153,c7vbotb4,qwen3-8b-manim-grpo-ensemble,AOS-GRPO,
,,154,c7vbotb4,qwen3-8b-manim-grpo-ensemble,AOS-GRPO,
,,155,c7vbotb4,qwen3-8b-manim-grpo-ensemble,AOS-GRPO,
,,156,c7vbotb4,qwen3-8b-manim-grpo-ensemble,AOS-GRPO,
,,157,c7vbotb4,qwen3-8b-manim-grpo-ensemble,AOS-GRPO,
,,158,c7vbotb4,qwen3-8b-manim-grpo-ensemble,AOS-GRPO,
,,159,c7vbotb4,qwen3-8b-manim-grpo-ensemble,AOS-GRPO,
,,160,c7vbotb4,qwen3-8b-manim-grpo-ensemble,AOS-GRPO,
,,161,c7vbotb4,qwen3-8b-manim-grpo-ensemble,AOS-GRPO,
,,162,c7vbotb4,qwen3-8b-manim-grpo-ensemble,AOS-GRPO,
,,163,c7vbotb4,qwen3-8b-manim-grpo-ensemble,AOS-GRPO,
,,164,c7vbotb4,qwen3-8b-manim-grpo-ensemble,AOS-GRPO,
,,165,c7vbotb4,qwen3-8b-manim-grpo-ensemble,AOS-GRPO,
,,166,c7vbotb4,qwen3-8b-manim-grpo-ensemble,AOS-GRPO,
,,167,c7vbotb4,qwen3-8b-manim-grpo-ensemble,AOS-GRPO,
,,168,c7vbotb4,qwen3-8b-manim-grpo-ensemble,AOS-GRPO,
,,169,c7vbotb4,qwen3-8b-manim-grpo-ensemble,AOS-GRPO,
,,170,c7vbotb4,qwen3-8b-manim-grpo-ensemble,AOS-GRPO,
,,171,c7vbotb4,qwen3-8b-manim-grpo-ensemble,AOS-GRPO,
,,172,c7vbotb4,qwen3-8b-manim-grpo-ensemble,AOS-GRPO,
,,173,c7vbotb4,qwen3-8b-manim-grpo-ensemble,AOS-GRPO,
,,174,c7vbotb4,qwen3-8b-manim-grpo-ensemble,AOS-GRPO,
,,175,c7vbotb4,qwen3-8b-manim-grpo-ensemble,AOS-GRPO,
,,176,c7vbotb4,qwen3-8b-manim-grpo-ensemble,AOS-GRPO,
,,177,c7vbotb4,qwen3-8b-manim-grpo-ensemble,AOS-GRPO,
,,178,c7vbotb4,qwen3-8b-manim-grpo-ensemble,AOS-GRPO,
,,179,c7vbotb4,qwen3-8b-manim-grpo-ensemble,AOS-GRPO,
,,180,c7vbotb4,qwen3-8b-manim-grpo-ensemble,AOS-GRPO,
,,181,c7vbotb4,qwen3-8b-manim-grpo-ensemble,AOS-GRPO,
,,182,c7vbotb4,qwen3-8b-manim-grpo-ensemble,AOS-GRPO,
,,183,c7vbotb4,qwen3-8b-manim-grpo-ensemble,AOS-GRPO,
,,184,c7vbotb4,qwen3-8b-manim-grpo-ensemble,AOS-GRPO,
,,185,c7vbotb4,qwen3-8b-manim-grpo-ensemble,AOS-GRPO,
,,186,c7vbotb4,qwen3-8b-manim-grpo-ensemble,AOS-GRPO,
,,187,c7vbotb4,qwen3-8b-manim-grpo-ensemble,AOS-GRPO,
,,188,c7vbotb4,qwen3-8b-manim-grpo-ensemble,AOS-GRPO,
,,189,c7vbotb4,qwen3-8b-manim-grpo-ensemble,AOS-GRPO,
,,190,c7vbotb4,qwen3-8b-manim-grpo-ensemble,AOS-GRPO,
,,191,c7vbotb4,qwen3-8b-manim-grpo-ensemble,AOS-GRPO,
,,192,c7vbotb4,qwen3-8b-manim-grpo-ensemble,AOS-GRPO,
,,193,c7vbotb4,qwen3-8b-manim-grpo-ensemble,AOS-GRPO,
,,194,c7vbotb4,qwen3-8b-manim-grpo-ensemble,AOS-GRPO,
,,195,c7vbotb4,qwen3-8b-manim-grpo-ensemble,AOS-GRPO,
,,196,c7vbotb4,qwen3-8b-manim-grpo-ensemble,AOS-GRPO,
,,197,c7vbotb4,qwen3-8b-manim-grpo-ensemble,AOS-GRPO,
,,198,c7vbotb4,qwen3-8b-manim-grpo-ensemble,AOS-GRPO,
,,199,c7vbotb4,qwen3-8b-manim-grpo-ensemble,AOS-GRPO,
,,200,c7vbotb4,qwen3-8b-manim-grpo-ensemble,AOS-GRPO,
,,201,c7vbotb4,qwen3-8b-manim-grpo-ensemble,AOS-GRPO,
,,202,c7vbotb4,qwen3-8b-manim-grpo-ensemble,AOS-GRPO,
,,203,c7vbotb4,qwen3-8b-manim-grpo-ensemble,AOS-GRPO,
,,204,c7vbotb4,qwen3-8b-manim-grpo-ensemble,AOS-GRPO,
,,205,c7vbotb4,qwen3-8b-manim-grpo-ensemble,AOS-GRPO,
,,206,c7vbotb4,qwen3-8b-manim-grpo-ensemble,AOS-GRPO,
,,207,c7vbotb4,qwen3-8b-manim-grpo-ensemble,AOS-GRPO,
,,208,c7vbotb4,qwen3-8b-manim-grpo-ensemble,AOS-GRPO,
,,209,c7vbotb4,qwen3-8b-manim-grpo-ensemble,AOS-GRPO,
,,210,c7vbotb4,qwen3-8b-manim-grpo-ensemble,AOS-GRPO,
,,211,c7vbotb4,qwen3-8b-manim-grpo-ensemble,AOS-GRPO,
,,212,c7vbotb4,qwen3-8b-manim-grpo-ensemble,AOS-GRPO,
,,213,c7vbotb4,qwen3-8b-manim-grpo-ensemble,AOS-GRPO,
,,214,c7vbotb4,qwen3-8b-manim-grpo-ensemble,AOS-GRPO,
,,215,c7vbotb4,qwen3-8b-manim-grpo-ensemble,AOS-GRPO,
,,216,c7vbotb4,qwen3-8b-manim-grpo-ensemble,AOS-GRPO,
,,217,c7vbotb4,qwen3-8b-manim-grpo-ensemble,AOS-GRPO,
,,218,c7vbotb4,qwen3-8b-manim-grpo-ensemble,AOS-GRPO,
,,219,c7vbotb4,qwen3-8b-manim-grpo-ensemble,AOS-GRPO,
6.888888888888889e-06,-0.0002,220,c7vbotb4,qwen3-8b-manim-grpo-ensemble,AOS-GRPO,
,,221,c7vbotb4,qwen3-8b-manim-grpo-ensemble,AOS-GRPO,
,,222,c7vbotb4,qwen3-8b-manim-grpo-ensemble,AOS-GRPO,
,,223,c7vbotb4,qwen3-8b-manim-grpo-ensemble,AOS-GRPO,
,,224,c7vbotb4,qwen3-8b-manim-grpo-ensemble,AOS-GRPO,
,,225,c7vbotb4,qwen3-8b-manim-grpo-ensemble,AOS-GRPO,
,,226,c7vbotb4,qwen3-8b-manim-grpo-ensemble,AOS-GRPO,
,,227,c7vbotb4,qwen3-8b-manim-grpo-ensemble,AOS-GRPO,
,,228,c7vbotb4,qwen3-8b-manim-grpo-ensemble,AOS-GRPO,
,,229,c7vbotb4,qwen3-8b-manim-grpo-ensemble,AOS-GRPO,
,,230,c7vbotb4,qwen3-8b-manim-grpo-ensemble,AOS-GRPO,
,,231,c7vbotb4,qwen3-8b-manim-grpo-ensemble,AOS-GRPO,
,,232,c7vbotb4,qwen3-8b-manim-grpo-ensemble,AOS-GRPO,
,,233,c7vbotb4,qwen3-8b-manim-grpo-ensemble,AOS-GRPO,
,,234,c7vbotb4,qwen3-8b-manim-grpo-ensemble,AOS-GRPO,
,,235,c7vbotb4,qwen3-8b-manim-grpo-ensemble,AOS-GRPO,
,,236,c7vbotb4,qwen3-8b-manim-grpo-ensemble,AOS-GRPO,
,,237,c7vbotb4,qwen3-8b-manim-grpo-ensemble,AOS-GRPO,
,,238,c7vbotb4,qwen3-8b-manim-grpo-ensemble,AOS-GRPO,
,,239,c7vbotb4,qwen3-8b-manim-grpo-ensemble,AOS-GRPO,
,,240,c7vbotb4,qwen3-8b-manim-grpo-ensemble,AOS-GRPO,
,,241,c7vbotb4,qwen3-8b-manim-grpo-ensemble,AOS-GRPO,
,,242,c7vbotb4,qwen3-8b-manim-grpo-ensemble,AOS-GRPO,
,,243,c7vbotb4,qwen3-8b-manim-grpo-ensemble,AOS-GRPO,
,,244,c7vbotb4,qwen3-8b-manim-grpo-ensemble,AOS-GRPO,
,,245,c7vbotb4,qwen3-8b-manim-grpo-ensemble,AOS-GRPO,
,,246,c7vbotb4,qwen3-8b-manim-grpo-ensemble,AOS-GRPO,
,,247,c7vbotb4,qwen3-8b-manim-grpo-ensemble,AOS-GRPO,
,,248,c7vbotb4,qwen3-8b-manim-grpo-ensemble,AOS-GRPO,
,,249,c7vbotb4,qwen3-8b-manim-grpo-ensemble,AOS-GRPO,
,,250,c7vbotb4,qwen3-8b-manim-grpo-ensemble,AOS-GRPO,
,,251,c7vbotb4,qwen3-8b-manim-grpo-ensemble,AOS-GRPO,
,,252,c7vbotb4,qwen3-8b-manim-grpo-ensemble,AOS-GRPO,
,,253,c7vbotb4,qwen3-8b-manim-grpo-ensemble,AOS-GRPO,
,,254,c7vbotb4,qwen3-8b-manim-grpo-ensemble,AOS-GRPO,
,,255,c7vbotb4,qwen3-8b-manim-grpo-ensemble,AOS-GRPO,
,,256,c7vbotb4,qwen3-8b-manim-grpo-ensemble,AOS-GRPO,
,,257,c7vbotb4,qwen3-8b-manim-grpo-ensemble,AOS-GRPO,
,,258,c7vbotb4,qwen3-8b-manim-grpo-ensemble,AOS-GRPO,
,,259,c7vbotb4,qwen3-8b-manim-grpo-ensemble,AOS-GRPO,
,,260,c7vbotb4,qwen3-8b-manim-grpo-ensemble,AOS-GRPO,
,,261,c7vbotb4,qwen3-8b-manim-grpo-ensemble,AOS-GRPO,
,,262,c7vbotb4,qwen3-8b-manim-grpo-ensemble,AOS-GRPO,
,,263,c7vbotb4,qwen3-8b-manim-grpo-ensemble,AOS-GRPO,
,,264,c7vbotb4,qwen3-8b-manim-grpo-ensemble,AOS-GRPO,
,,265,c7vbotb4,qwen3-8b-manim-grpo-ensemble,AOS-GRPO,
,,266,c7vbotb4,qwen3-8b-manim-grpo-ensemble,AOS-GRPO,
,,267,c7vbotb4,qwen3-8b-manim-grpo-ensemble,AOS-GRPO,
,,268,c7vbotb4,qwen3-8b-manim-grpo-ensemble,AOS-GRPO,
,,269,c7vbotb4,qwen3-8b-manim-grpo-ensemble,AOS-GRPO,
,,270,c7vbotb4,qwen3-8b-manim-grpo-ensemble,AOS-GRPO,
,,271,c7vbotb4,qwen3-8b-manim-grpo-ensemble,AOS-GRPO,
,,272,c7vbotb4,qwen3-8b-manim-grpo-ensemble,AOS-GRPO,
,,273,c7vbotb4,qwen3-8b-manim-grpo-ensemble,AOS-GRPO,
,,274,c7vbotb4,qwen3-8b-manim-grpo-ensemble,AOS-GRPO,
,,275,c7vbotb4,qwen3-8b-manim-grpo-ensemble,AOS-GRPO,
,,276,c7vbotb4,qwen3-8b-manim-grpo-ensemble,AOS-GRPO,
,,277,c7vbotb4,qwen3-8b-manim-grpo-ensemble,AOS-GRPO,
,,278,c7vbotb4,qwen3-8b-manim-grpo-ensemble,AOS-GRPO,
,,279,c7vbotb4,qwen3-8b-manim-grpo-ensemble,AOS-GRPO,
,,280,c7vbotb4,qwen3-8b-manim-grpo-ensemble,AOS-GRPO,
,,281,c7vbotb4,qwen3-8b-manim-grpo-ensemble,AOS-GRPO,
,,282,c7vbotb4,qwen3-8b-manim-grpo-ensemble,AOS-GRPO,
,,283,c7vbotb4,qwen3-8b-manim-grpo-ensemble,AOS-GRPO,
,,284,c7vbotb4,qwen3-8b-manim-grpo-ensemble,AOS-GRPO,
,,285,c7vbotb4,qwen3-8b-manim-grpo-ensemble,AOS-GRPO,
,,286,c7vbotb4,qwen3-8b-manim-grpo-ensemble,AOS-GRPO,
,,287,c7vbotb4,qwen3-8b-manim-grpo-ensemble,AOS-GRPO,
,,288,c7vbotb4,qwen3-8b-manim-grpo-ensemble,AOS-GRPO,
,,289,c7vbotb4,qwen3-8b-manim-grpo-ensemble,AOS-GRPO,
,,290,c7vbotb4,qwen3-8b-manim-grpo-ensemble,AOS-GRPO,
4.666666666666667e-06,-0.0032,291,c7vbotb4,qwen3-8b-manim-grpo-ensemble,AOS-GRPO,
,,292,c7vbotb4,qwen3-8b-manim-grpo-ensemble,AOS-GRPO,
,,293,c7vbotb4,qwen3-8b-manim-grpo-ensemble,AOS-GRPO,
,,294,c7vbotb4,qwen3-8b-manim-grpo-ensemble,AOS-GRPO,
,,295,c7vbotb4,qwen3-8b-manim-grpo-ensemble,AOS-GRPO,
,,296,c7vbotb4,qwen3-8b-manim-grpo-ensemble,AOS-GRPO,
,,297,c7vbotb4,qwen3-8b-manim-grpo-ensemble,AOS-GRPO,
,,298,c7vbotb4,qwen3-8b-manim-grpo-ensemble,AOS-GRPO,
,,299,c7vbotb4,qwen3-8b-manim-grpo-ensemble,AOS-GRPO,
,,300,c7vbotb4,qwen3-8b-manim-grpo-ensemble,AOS-GRPO,
,,301,c7vbotb4,qwen3-8b-manim-grpo-ensemble,AOS-GRPO,
,,302,c7vbotb4,qwen3-8b-manim-grpo-ensemble,AOS-GRPO,
,,303,c7vbotb4,qwen3-8b-manim-grpo-ensemble,AOS-GRPO,
,,304,c7vbotb4,qwen3-8b-manim-grpo-ensemble,AOS-GRPO,
,,305,c7vbotb4,qwen3-8b-manim-grpo-ensemble,AOS-GRPO,
,,306,c7vbotb4,qwen3-8b-manim-grpo-ensemble,AOS-GRPO,
,,307,c7vbotb4,qwen3-8b-manim-grpo-ensemble,AOS-GRPO,
,,308,c7vbotb4,qwen3-8b-manim-grpo-ensemble,AOS-GRPO,
,,309,c7vbotb4,qwen3-8b-manim-grpo-ensemble,AOS-GRPO,
,,310,c7vbotb4,qwen3-8b-manim-grpo-ensemble,AOS-GRPO,
,,311,c7vbotb4,qwen3-8b-manim-grpo-ensemble,AOS-GRPO,
,,312,c7vbotb4,qwen3-8b-manim-grpo-ensemble,AOS-GRPO,
,,313,c7vbotb4,qwen3-8b-manim-grpo-ensemble,AOS-GRPO,
,,314,c7vbotb4,qwen3-8b-manim-grpo-ensemble,AOS-GRPO,
,,315,c7vbotb4,qwen3-8b-manim-grpo-ensemble,AOS-GRPO,
,,316,c7vbotb4,qwen3-8b-manim-grpo-ensemble,AOS-GRPO,
,,317,c7vbotb4,qwen3-8b-manim-grpo-ensemble,AOS-GRPO,
,,318,c7vbotb4,qwen3-8b-manim-grpo-ensemble,AOS-GRPO,
,,319,c7vbotb4,qwen3-8b-manim-grpo-ensemble,AOS-GRPO,
,,320,c7vbotb4,qwen3-8b-manim-grpo-ensemble,AOS-GRPO,
,,321,c7vbotb4,qwen3-8b-manim-grpo-ensemble,AOS-GRPO,
,,322,c7vbotb4,qwen3-8b-manim-grpo-ensemble,AOS-GRPO,
,,323,c7vbotb4,qwen3-8b-manim-grpo-ensemble,AOS-GRPO,
,,324,c7vbotb4,qwen3-8b-manim-grpo-ensemble,AOS-GRPO,
,,325,c7vbotb4,qwen3-8b-manim-grpo-ensemble,AOS-GRPO,
,,326,c7vbotb4,qwen3-8b-manim-grpo-ensemble,AOS-GRPO,
,,327,c7vbotb4,qwen3-8b-manim-grpo-ensemble,AOS-GRPO,
,,328,c7vbotb4,qwen3-8b-manim-grpo-ensemble,AOS-GRPO,
,,329,c7vbotb4,qwen3-8b-manim-grpo-ensemble,AOS-GRPO,
,,330,c7vbotb4,qwen3-8b-manim-grpo-ensemble,AOS-GRPO,
,,331,c7vbotb4,qwen3-8b-manim-grpo-ensemble,AOS-GRPO,
,,332,c7vbotb4,qwen3-8b-manim-grpo-ensemble,AOS-GRPO,
,,333,c7vbotb4,qwen3-8b-manim-grpo-ensemble,AOS-GRPO,
,,334,c7vbotb4,qwen3-8b-manim-grpo-ensemble,AOS-GRPO,
,,335,c7vbotb4,qwen3-8b-manim-grpo-ensemble,AOS-GRPO,
,,336,c7vbotb4,qwen3-8b-manim-grpo-ensemble,AOS-GRPO,
,,337,c7vbotb4,qwen3-8b-manim-grpo-ensemble,AOS-GRPO,
,,338,c7vbotb4,qwen3-8b-manim-grpo-ensemble,AOS-GRPO,
,,339,c7vbotb4,qwen3-8b-manim-grpo-ensemble,AOS-GRPO,
,,340,c7vbotb4,qwen3-8b-manim-grpo-ensemble,AOS-GRPO,
,,341,c7vbotb4,qwen3-8b-manim-grpo-ensemble,AOS-GRPO,
,,342,c7vbotb4,qwen3-8b-manim-grpo-ensemble,AOS-GRPO,
,,343,c7vbotb4,qwen3-8b-manim-grpo-ensemble,AOS-GRPO,
,,344,c7vbotb4,qwen3-8b-manim-grpo-ensemble,AOS-GRPO,
,,345,c7vbotb4,qwen3-8b-manim-grpo-ensemble,AOS-GRPO,
,,346,c7vbotb4,qwen3-8b-manim-grpo-ensemble,AOS-GRPO,
,,347,c7vbotb4,qwen3-8b-manim-grpo-ensemble,AOS-GRPO,
,,348,c7vbotb4,qwen3-8b-manim-grpo-ensemble,AOS-GRPO,
,,349,c7vbotb4,qwen3-8b-manim-grpo-ensemble,AOS-GRPO,
,,350,c7vbotb4,qwen3-8b-manim-grpo-ensemble,AOS-GRPO,
,,351,c7vbotb4,qwen3-8b-manim-grpo-ensemble,AOS-GRPO,
,,352,c7vbotb4,qwen3-8b-manim-grpo-ensemble,AOS-GRPO,
,,353,c7vbotb4,qwen3-8b-manim-grpo-ensemble,AOS-GRPO,
,,354,c7vbotb4,qwen3-8b-manim-grpo-ensemble,AOS-GRPO,
,,355,c7vbotb4,qwen3-8b-manim-grpo-ensemble,AOS-GRPO,
,,356,c7vbotb4,qwen3-8b-manim-grpo-ensemble,AOS-GRPO,
,,357,c7vbotb4,qwen3-8b-manim-grpo-ensemble,AOS-GRPO,
,,358,c7vbotb4,qwen3-8b-manim-grpo-ensemble,AOS-GRPO,
,,359,c7vbotb4,qwen3-8b-manim-grpo-ensemble,AOS-GRPO,
,,360,c7vbotb4,qwen3-8b-manim-grpo-ensemble,AOS-GRPO,
,,361,c7vbotb4,qwen3-8b-manim-grpo-ensemble,AOS-GRPO,
2.4444444444444447e-06,-0.0249,362,c7vbotb4,qwen3-8b-manim-grpo-ensemble,AOS-GRPO,
,,363,c7vbotb4,qwen3-8b-manim-grpo-ensemble,AOS-GRPO,
,,364,c7vbotb4,qwen3-8b-manim-grpo-ensemble,AOS-GRPO,
,,365,c7vbotb4,qwen3-8b-manim-grpo-ensemble,AOS-GRPO,
,,366,c7vbotb4,qwen3-8b-manim-grpo-ensemble,AOS-GRPO,
,,367,c7vbotb4,qwen3-8b-manim-grpo-ensemble,AOS-GRPO,
,,368,c7vbotb4,qwen3-8b-manim-grpo-ensemble,AOS-GRPO,
,,369,c7vbotb4,qwen3-8b-manim-grpo-ensemble,AOS-GRPO,
,,370,c7vbotb4,qwen3-8b-manim-grpo-ensemble,AOS-GRPO,
,,371,c7vbotb4,qwen3-8b-manim-grpo-ensemble,AOS-GRPO,
,,372,c7vbotb4,qwen3-8b-manim-grpo-ensemble,AOS-GRPO,
,,373,c7vbotb4,qwen3-8b-manim-grpo-ensemble,AOS-GRPO,
,,374,c7vbotb4,qwen3-8b-manim-grpo-ensemble,AOS-GRPO,
,,375,c7vbotb4,qwen3-8b-manim-grpo-ensemble,AOS-GRPO,
,,376,c7vbotb4,qwen3-8b-manim-grpo-ensemble,AOS-GRPO,
,,377,c7vbotb4,qwen3-8b-manim-grpo-ensemble,AOS-GRPO,
,,378,c7vbotb4,qwen3-8b-manim-grpo-ensemble,AOS-GRPO,
,,379,c7vbotb4,qwen3-8b-manim-grpo-ensemble,AOS-GRPO,
,,380,c7vbotb4,qwen3-8b-manim-grpo-ensemble,AOS-GRPO,
,,381,c7vbotb4,qwen3-8b-manim-grpo-ensemble,AOS-GRPO,
,,382,c7vbotb4,qwen3-8b-manim-grpo-ensemble,AOS-GRPO,
,,383,c7vbotb4,qwen3-8b-manim-grpo-ensemble,AOS-GRPO,
,,384,c7vbotb4,qwen3-8b-manim-grpo-ensemble,AOS-GRPO,
,,385,c7vbotb4,qwen3-8b-manim-grpo-ensemble,AOS-GRPO,
,,386,c7vbotb4,qwen3-8b-manim-grpo-ensemble,AOS-GRPO,
,,387,c7vbotb4,qwen3-8b-manim-grpo-ensemble,AOS-GRPO,
,,388,c7vbotb4,qwen3-8b-manim-grpo-ensemble,AOS-GRPO,
,,389,c7vbotb4,qwen3-8b-manim-grpo-ensemble,AOS-GRPO,
,,390,c7vbotb4,qwen3-8b-manim-grpo-ensemble,AOS-GRPO,
,,391,c7vbotb4,qwen3-8b-manim-grpo-ensemble,AOS-GRPO,
,,392,c7vbotb4,qwen3-8b-manim-grpo-ensemble,AOS-GRPO,
,,393,c7vbotb4,qwen3-8b-manim-grpo-ensemble,AOS-GRPO,
,,394,c7vbotb4,qwen3-8b-manim-grpo-ensemble,AOS-GRPO,
,,395,c7vbotb4,qwen3-8b-manim-grpo-ensemble,AOS-GRPO,
,,396,c7vbotb4,qwen3-8b-manim-grpo-ensemble,AOS-GRPO,
,,397,c7vbotb4,qwen3-8b-manim-grpo-ensemble,AOS-GRPO,
,,398,c7vbotb4,qwen3-8b-manim-grpo-ensemble,AOS-GRPO,
,,399,c7vbotb4,qwen3-8b-manim-grpo-ensemble,AOS-GRPO,
,,400,c7vbotb4,qwen3-8b-manim-grpo-ensemble,AOS-GRPO,
,,401,c7vbotb4,qwen3-8b-manim-grpo-ensemble,AOS-GRPO,
,,402,c7vbotb4,qwen3-8b-manim-grpo-ensemble,AOS-GRPO,
,,403,c7vbotb4,qwen3-8b-manim-grpo-ensemble,AOS-GRPO,
,,404,c7vbotb4,qwen3-8b-manim-grpo-ensemble,AOS-GRPO,
,,405,c7vbotb4,qwen3-8b-manim-grpo-ensemble,AOS-GRPO,
,,406,c7vbotb4,qwen3-8b-manim-grpo-ensemble,AOS-GRPO,
,,407,c7vbotb4,qwen3-8b-manim-grpo-ensemble,AOS-GRPO,
,,408,c7vbotb4,qwen3-8b-manim-grpo-ensemble,AOS-GRPO,
,,409,c7vbotb4,qwen3-8b-manim-grpo-ensemble,AOS-GRPO,
,,410,c7vbotb4,qwen3-8b-manim-grpo-ensemble,AOS-GRPO,
,,411,c7vbotb4,qwen3-8b-manim-grpo-ensemble,AOS-GRPO,
,,412,c7vbotb4,qwen3-8b-manim-grpo-ensemble,AOS-GRPO,
,,413,c7vbotb4,qwen3-8b-manim-grpo-ensemble,AOS-GRPO,
,,414,c7vbotb4,qwen3-8b-manim-grpo-ensemble,AOS-GRPO,
,,415,c7vbotb4,qwen3-8b-manim-grpo-ensemble,AOS-GRPO,
,,416,c7vbotb4,qwen3-8b-manim-grpo-ensemble,AOS-GRPO,
,,417,c7vbotb4,qwen3-8b-manim-grpo-ensemble,AOS-GRPO,
,,418,c7vbotb4,qwen3-8b-manim-grpo-ensemble,AOS-GRPO,
,,419,c7vbotb4,qwen3-8b-manim-grpo-ensemble,AOS-GRPO,
,,420,c7vbotb4,qwen3-8b-manim-grpo-ensemble,AOS-GRPO,
,,421,c7vbotb4,qwen3-8b-manim-grpo-ensemble,AOS-GRPO,
,,422,c7vbotb4,qwen3-8b-manim-grpo-ensemble,AOS-GRPO,
,,423,c7vbotb4,qwen3-8b-manim-grpo-ensemble,AOS-GRPO,
,,424,c7vbotb4,qwen3-8b-manim-grpo-ensemble,AOS-GRPO,
,,425,c7vbotb4,qwen3-8b-manim-grpo-ensemble,AOS-GRPO,
,,426,c7vbotb4,qwen3-8b-manim-grpo-ensemble,AOS-GRPO,
,,427,c7vbotb4,qwen3-8b-manim-grpo-ensemble,AOS-GRPO,
,,428,c7vbotb4,qwen3-8b-manim-grpo-ensemble,AOS-GRPO,
,,429,c7vbotb4,qwen3-8b-manim-grpo-ensemble,AOS-GRPO,
,,430,c7vbotb4,qwen3-8b-manim-grpo-ensemble,AOS-GRPO,
,,431,c7vbotb4,qwen3-8b-manim-grpo-ensemble,AOS-GRPO,
,,432,c7vbotb4,qwen3-8b-manim-grpo-ensemble,AOS-GRPO,
2.2222222222222224e-07,-0.0007,433,c7vbotb4,qwen3-8b-manim-grpo-ensemble,AOS-GRPO,
,,434,c7vbotb4,qwen3-8b-manim-grpo-ensemble,AOS-GRPO,
,,0,4ejpywei,qwen-manimator-1-grpo,AOS-GRPO,
,,1,4ejpywei,qwen-manimator-1-grpo,AOS-GRPO,
,,2,4ejpywei,qwen-manimator-1-grpo,AOS-GRPO,
,,3,4ejpywei,qwen-manimator-1-grpo,AOS-GRPO,
,,4,4ejpywei,qwen-manimator-1-grpo,AOS-GRPO,
,,5,4ejpywei,qwen-manimator-1-grpo,AOS-GRPO,
,,6,4ejpywei,qwen-manimator-1-grpo,AOS-GRPO,
,,7,4ejpywei,qwen-manimator-1-grpo,AOS-GRPO,
,,8,4ejpywei,qwen-manimator-1-grpo,AOS-GRPO,
,,9,4ejpywei,qwen-manimator-1-grpo,AOS-GRPO,
,,10,4ejpywei,qwen-manimator-1-grpo,AOS-GRPO,
,,11,4ejpywei,qwen-manimator-1-grpo,AOS-GRPO,
,,12,4ejpywei,qwen-manimator-1-grpo,AOS-GRPO,
,,13,4ejpywei,qwen-manimator-1-grpo,AOS-GRPO,
,,14,4ejpywei,qwen-manimator-1-grpo,AOS-GRPO,
,,15,4ejpywei,qwen-manimator-1-grpo,AOS-GRPO,
,,16,4ejpywei,qwen-manimator-1-grpo,AOS-GRPO,
,,17,4ejpywei,qwen-manimator-1-grpo,AOS-GRPO,
,,18,4ejpywei,qwen-manimator-1-grpo,AOS-GRPO,
,,19,4ejpywei,qwen-manimator-1-grpo,AOS-GRPO,
,,20,4ejpywei,qwen-manimator-1-grpo,AOS-GRPO,
,,21,4ejpywei,qwen-manimator-1-grpo,AOS-GRPO,
,,22,4ejpywei,qwen-manimator-1-grpo,AOS-GRPO,
,,23,4ejpywei,qwen-manimator-1-grpo,AOS-GRPO,
,,24,4ejpywei,qwen-manimator-1-grpo,AOS-GRPO,
,,25,4ejpywei,qwen-manimator-1-grpo,AOS-GRPO,
,,26,4ejpywei,qwen-manimator-1-grpo,AOS-GRPO,
,,27,4ejpywei,qwen-manimator-1-grpo,AOS-GRPO,
,,28,4ejpywei,qwen-manimator-1-grpo,AOS-GRPO,
,,29,4ejpywei,qwen-manimator-1-grpo,AOS-GRPO,
,,30,4ejpywei,qwen-manimator-1-grpo,AOS-GRPO,
,,31,4ejpywei,qwen-manimator-1-grpo,AOS-GRPO,
,,32,4ejpywei,qwen-manimator-1-grpo,AOS-GRPO,
,,33,4ejpywei,qwen-manimator-1-grpo,AOS-GRPO,
,,34,4ejpywei,qwen-manimator-1-grpo,AOS-GRPO,
,,35,4ejpywei,qwen-manimator-1-grpo,AOS-GRPO,
,,36,4ejpywei,qwen-manimator-1-grpo,AOS-GRPO,
,,37,4ejpywei,qwen-manimator-1-grpo,AOS-GRPO,
,,38,4ejpywei,qwen-manimator-1-grpo,AOS-GRPO,
,,39,4ejpywei,qwen-manimator-1-grpo,AOS-GRPO,
,,40,4ejpywei,qwen-manimator-1-grpo,AOS-GRPO,
,,41,4ejpywei,qwen-manimator-1-grpo,AOS-GRPO,
,,42,4ejpywei,qwen-manimator-1-grpo,AOS-GRPO,
,,43,4ejpywei,qwen-manimator-1-grpo,AOS-GRPO,
,,44,4ejpywei,qwen-manimator-1-grpo,AOS-GRPO,
,,45,4ejpywei,qwen-manimator-1-grpo,AOS-GRPO,
,,46,4ejpywei,qwen-manimator-1-grpo,AOS-GRPO,
,,47,4ejpywei,qwen-manimator-1-grpo,AOS-GRPO,
,,48,4ejpywei,qwen-manimator-1-grpo,AOS-GRPO,
,,49,4ejpywei,qwen-manimator-1-grpo,AOS-GRPO,
,,50,4ejpywei,qwen-manimator-1-grpo,AOS-GRPO,
,,51,4ejpywei,qwen-manimator-1-grpo,AOS-GRPO,
,,52,4ejpywei,qwen-manimator-1-grpo,AOS-GRPO,
,,53,4ejpywei,qwen-manimator-1-grpo,AOS-GRPO,
,,54,4ejpywei,qwen-manimator-1-grpo,AOS-GRPO,
,,55,4ejpywei,qwen-manimator-1-grpo,AOS-GRPO,
,,56,4ejpywei,qwen-manimator-1-grpo,AOS-GRPO,
,,57,4ejpywei,qwen-manimator-1-grpo,AOS-GRPO,
,,58,4ejpywei,qwen-manimator-1-grpo,AOS-GRPO,
,,59,4ejpywei,qwen-manimator-1-grpo,AOS-GRPO,
,,60,4ejpywei,qwen-manimator-1-grpo,AOS-GRPO,
,,61,4ejpywei,qwen-manimator-1-grpo,AOS-GRPO,
,,62,4ejpywei,qwen-manimator-1-grpo,AOS-GRPO,
,,63,4ejpywei,qwen-manimator-1-grpo,AOS-GRPO,
,,64,4ejpywei,qwen-manimator-1-grpo,AOS-GRPO,
,,65,4ejpywei,qwen-manimator-1-grpo,AOS-GRPO,
,,66,4ejpywei,qwen-manimator-1-grpo,AOS-GRPO,
,,67,4ejpywei,qwen-manimator-1-grpo,AOS-GRPO,
,,68,4ejpywei,qwen-manimator-1-grpo,AOS-GRPO,
,,69,4ejpywei,qwen-manimator-1-grpo,AOS-GRPO,
3.4883720930232557e-07,0.0,70,4ejpywei,qwen-manimator-1-grpo,AOS-GRPO,
,,71,4ejpywei,qwen-manimator-1-grpo,AOS-GRPO,
,,72,4ejpywei,qwen-manimator-1-grpo,AOS-GRPO,
,,73,4ejpywei,qwen-manimator-1-grpo,AOS-GRPO,
,,74,4ejpywei,qwen-manimator-1-grpo,AOS-GRPO,
,,75,4ejpywei,qwen-manimator-1-grpo,AOS-GRPO,
,,76,4ejpywei,qwen-manimator-1-grpo,AOS-GRPO,
,,77,4ejpywei,qwen-manimator-1-grpo,AOS-GRPO,
,,78,4ejpywei,qwen-manimator-1-grpo,AOS-GRPO,
,,79,4ejpywei,qwen-manimator-1-grpo,AOS-GRPO,
,,80,4ejpywei,qwen-manimator-1-grpo,AOS-GRPO,
,,81,4ejpywei,qwen-manimator-1-grpo,AOS-GRPO,
,,82,4ejpywei,qwen-manimator-1-grpo,AOS-GRPO,
,,83,4ejpywei,qwen-manimator-1-grpo,AOS-GRPO,
,,84,4ejpywei,qwen-manimator-1-grpo,AOS-GRPO,
,,85,4ejpywei,qwen-manimator-1-grpo,AOS-GRPO,
,,86,4ejpywei,qwen-manimator-1-grpo,AOS-GRPO,
,,87,4ejpywei,qwen-manimator-1-grpo,AOS-GRPO,
,,88,4ejpywei,qwen-manimator-1-grpo,AOS-GRPO,
,,89,4ejpywei,qwen-manimator-1-grpo,AOS-GRPO,
,,90,4ejpywei,qwen-manimator-1-grpo,AOS-GRPO,
,,91,4ejpywei,qwen-manimator-1-grpo,AOS-GRPO,
,,92,4ejpywei,qwen-manimator-1-grpo,AOS-GRPO,
,,93,4ejpywei,qwen-manimator-1-grpo,AOS-GRPO,
,,94,4ejpywei,qwen-manimator-1-grpo,AOS-GRPO,
,,95,4ejpywei,qwen-manimator-1-grpo,AOS-GRPO,
,,96,4ejpywei,qwen-manimator-1-grpo,AOS-GRPO,
,,97,4ejpywei,qwen-manimator-1-grpo,AOS-GRPO,
,,98,4ejpywei,qwen-manimator-1-grpo,AOS-GRPO,
,,99,4ejpywei,qwen-manimator-1-grpo,AOS-GRPO,
,,100,4ejpywei,qwen-manimator-1-grpo,AOS-GRPO,
,,101,4ejpywei,qwen-manimator-1-grpo,AOS-GRPO,
,,102,4ejpywei,qwen-manimator-1-grpo,AOS-GRPO,
,,103,4ejpywei,qwen-manimator-1-grpo,AOS-GRPO,
,,104,4ejpywei,qwen-manimator-1-grpo,AOS-GRPO,
,,105,4ejpywei,qwen-manimator-1-grpo,AOS-GRPO,
,,106,4ejpywei,qwen-manimator-1-grpo,AOS-GRPO,
,,107,4ejpywei,qwen-manimator-1-grpo,AOS-GRPO,
,,108,4ejpywei,qwen-manimator-1-grpo,AOS-GRPO,
,,109,4ejpywei,qwen-manimator-1-grpo,AOS-GRPO,
,,110,4ejpywei,qwen-manimator-1-grpo,AOS-GRPO,
,,111,4ejpywei,qwen-manimator-1-grpo,AOS-GRPO,
,,112,4ejpywei,qwen-manimator-1-grpo,AOS-GRPO,
,,113,4ejpywei,qwen-manimator-1-grpo,AOS-GRPO,
,,114,4ejpywei,qwen-manimator-1-grpo,AOS-GRPO,
,,115,4ejpywei,qwen-manimator-1-grpo,AOS-GRPO,
,,116,4ejpywei,qwen-manimator-1-grpo,AOS-GRPO,
,,117,4ejpywei,qwen-manimator-1-grpo,AOS-GRPO,
,,118,4ejpywei,qwen-manimator-1-grpo,AOS-GRPO,
,,119,4ejpywei,qwen-manimator-1-grpo,AOS-GRPO,
,,120,4ejpywei,qwen-manimator-1-grpo,AOS-GRPO,
,,121,4ejpywei,qwen-manimator-1-grpo,AOS-GRPO,
,,122,4ejpywei,qwen-manimator-1-grpo,AOS-GRPO,
,,123,4ejpywei,qwen-manimator-1-grpo,AOS-GRPO,
,,124,4ejpywei,qwen-manimator-1-grpo,AOS-GRPO,
,,125,4ejpywei,qwen-manimator-1-grpo,AOS-GRPO,
,,126,4ejpywei,qwen-manimator-1-grpo,AOS-GRPO,
,,127,4ejpywei,qwen-manimator-1-grpo,AOS-GRPO,
,,128,4ejpywei,qwen-manimator-1-grpo,AOS-GRPO,
,,129,4ejpywei,qwen-manimator-1-grpo,AOS-GRPO,
,,130,4ejpywei,qwen-manimator-1-grpo,AOS-GRPO,
,,131,4ejpywei,qwen-manimator-1-grpo,AOS-GRPO,
,,132,4ejpywei,qwen-manimator-1-grpo,AOS-GRPO,
,,133,4ejpywei,qwen-manimator-1-grpo,AOS-GRPO,
,,134,4ejpywei,qwen-manimator-1-grpo,AOS-GRPO,
,,135,4ejpywei,qwen-manimator-1-grpo,AOS-GRPO,
,,136,4ejpywei,qwen-manimator-1-grpo,AOS-GRPO,
,,137,4ejpywei,qwen-manimator-1-grpo,AOS-GRPO,
,,138,4ejpywei,qwen-manimator-1-grpo,AOS-GRPO,
,,139,4ejpywei,qwen-manimator-1-grpo,AOS-GRPO,
,,140,4ejpywei,qwen-manimator-1-grpo,AOS-GRPO,
7.364341085271318e-07,0.0004,141,4ejpywei,qwen-manimator-1-grpo,AOS-GRPO,
,,142,4ejpywei,qwen-manimator-1-grpo,AOS-GRPO,
,,143,4ejpywei,qwen-manimator-1-grpo,AOS-GRPO,
,,144,4ejpywei,qwen-manimator-1-grpo,AOS-GRPO,
,,145,4ejpywei,qwen-manimator-1-grpo,AOS-GRPO,
,,146,4ejpywei,qwen-manimator-1-grpo,AOS-GRPO,
,,147,4ejpywei,qwen-manimator-1-grpo,AOS-GRPO,
,,148,4ejpywei,qwen-manimator-1-grpo,AOS-GRPO,
,,149,4ejpywei,qwen-manimator-1-grpo,AOS-GRPO,
,,150,4ejpywei,qwen-manimator-1-grpo,AOS-GRPO,
,,151,4ejpywei,qwen-manimator-1-grpo,AOS-GRPO,
,,152,4ejpywei,qwen-manimator-1-grpo,AOS-GRPO,
,,153,4ejpywei,qwen-manimator-1-grpo,AOS-GRPO,
,,154,4ejpywei,qwen-manimator-1-grpo,AOS-GRPO,
,,155,4ejpywei,qwen-manimator-1-grpo,AOS-GRPO,
,,156,4ejpywei,qwen-manimator-1-grpo,AOS-GRPO,
,,157,4ejpywei,qwen-manimator-1-grpo,AOS-GRPO,
,,158,4ejpywei,qwen-manimator-1-grpo,AOS-GRPO,
,,159,4ejpywei,qwen-manimator-1-grpo,AOS-GRPO,
,,160,4ejpywei,qwen-manimator-1-grpo,AOS-GRPO,
,,161,4ejpywei,qwen-manimator-1-grpo,AOS-GRPO,
,,162,4ejpywei,qwen-manimator-1-grpo,AOS-GRPO,
,,163,4ejpywei,qwen-manimator-1-grpo,AOS-GRPO,
,,164,4ejpywei,qwen-manimator-1-grpo,AOS-GRPO,
,,165,4ejpywei,qwen-manimator-1-grpo,AOS-GRPO,
,,166,4ejpywei,qwen-manimator-1-grpo,AOS-GRPO,
,,167,4ejpywei,qwen-manimator-1-grpo,AOS-GRPO,
,,168,4ejpywei,qwen-manimator-1-grpo,AOS-GRPO,
,,169,4ejpywei,qwen-manimator-1-grpo,AOS-GRPO,
,,170,4ejpywei,qwen-manimator-1-grpo,AOS-GRPO,
,,171,4ejpywei,qwen-manimator-1-grpo,AOS-GRPO,
,,172,4ejpywei,qwen-manimator-1-grpo,AOS-GRPO,
,,173,4ejpywei,qwen-manimator-1-grpo,AOS-GRPO,
,,174,4ejpywei,qwen-manimator-1-grpo,AOS-GRPO,
,,175,4ejpywei,qwen-manimator-1-grpo,AOS-GRPO,
,,176,4ejpywei,qwen-manimator-1-grpo,AOS-GRPO,
,,177,4ejpywei,qwen-manimator-1-grpo,AOS-GRPO,
,,178,4ejpywei,qwen-manimator-1-grpo,AOS-GRPO,
,,179,4ejpywei,qwen-manimator-1-grpo,AOS-GRPO,
,,180,4ejpywei,qwen-manimator-1-grpo,AOS-GRPO,
,,181,4ejpywei,qwen-manimator-1-grpo,AOS-GRPO,
,,182,4ejpywei,qwen-manimator-1-grpo,AOS-GRPO,
,,183,4ejpywei,qwen-manimator-1-grpo,AOS-GRPO,
,,184,4ejpywei,qwen-manimator-1-grpo,AOS-GRPO,
,,185,4ejpywei,qwen-manimator-1-grpo,AOS-GRPO,
,,186,4ejpywei,qwen-manimator-1-grpo,AOS-GRPO,
,,187,4ejpywei,qwen-manimator-1-grpo,AOS-GRPO,
,,188,4ejpywei,qwen-manimator-1-grpo,AOS-GRPO,
,,189,4ejpywei,qwen-manimator-1-grpo,AOS-GRPO,
,,190,4ejpywei,qwen-manimator-1-grpo,AOS-GRPO,
,,191,4ejpywei,qwen-manimator-1-grpo,AOS-GRPO,
,,192,4ejpywei,qwen-manimator-1-grpo,AOS-GRPO,
,,193,4ejpywei,qwen-manimator-1-grpo,AOS-GRPO,
,,194,4ejpywei,qwen-manimator-1-grpo,AOS-GRPO,
,,195,4ejpywei,qwen-manimator-1-grpo,AOS-GRPO,
,,196,4ejpywei,qwen-manimator-1-grpo,AOS-GRPO,
,,197,4ejpywei,qwen-manimator-1-grpo,AOS-GRPO,
,,198,4ejpywei,qwen-manimator-1-grpo,AOS-GRPO,
,,199,4ejpywei,qwen-manimator-1-grpo,AOS-GRPO,
,,200,4ejpywei,qwen-manimator-1-grpo,AOS-GRPO,
,,201,4ejpywei,qwen-manimator-1-grpo,AOS-GRPO,
,,202,4ejpywei,qwen-manimator-1-grpo,AOS-GRPO,
,,203,4ejpywei,qwen-manimator-1-grpo,AOS-GRPO,
,,204,4ejpywei,qwen-manimator-1-grpo,AOS-GRPO,
,,205,4ejpywei,qwen-manimator-1-grpo,AOS-GRPO,
,,206,4ejpywei,qwen-manimator-1-grpo,AOS-GRPO,
,,207,4ejpywei,qwen-manimator-1-grpo,AOS-GRPO,
,,208,4ejpywei,qwen-manimator-1-grpo,AOS-GRPO,
,,209,4ejpywei,qwen-manimator-1-grpo,AOS-GRPO,
,,210,4ejpywei,qwen-manimator-1-grpo,AOS-GRPO,
,,211,4ejpywei,qwen-manimator-1-grpo,AOS-GRPO,
1.124031007751938e-06,0.0,212,4ejpywei,qwen-manimator-1-grpo,AOS-GRPO,
,,213,4ejpywei,qwen-manimator-1-grpo,AOS-GRPO,
,,214,4ejpywei,qwen-manimator-1-grpo,AOS-GRPO,
,,215,4ejpywei,qwen-manimator-1-grpo,AOS-GRPO,
,,216,4ejpywei,qwen-manimator-1-grpo,AOS-GRPO,
,,217,4ejpywei,qwen-manimator-1-grpo,AOS-GRPO,
,,218,4ejpywei,qwen-manimator-1-grpo,AOS-GRPO,
,,219,4ejpywei,qwen-manimator-1-grpo,AOS-GRPO,
,,220,4ejpywei,qwen-manimator-1-grpo,AOS-GRPO,
,,221,4ejpywei,qwen-manimator-1-grpo,AOS-GRPO,
,,222,4ejpywei,qwen-manimator-1-grpo,AOS-GRPO,
,,223,4ejpywei,qwen-manimator-1-grpo,AOS-GRPO,
,,224,4ejpywei,qwen-manimator-1-grpo,AOS-GRPO,
,,225,4ejpywei,qwen-manimator-1-grpo,AOS-GRPO,
,,226,4ejpywei,qwen-manimator-1-grpo,AOS-GRPO,
,,227,4ejpywei,qwen-manimator-1-grpo,AOS-GRPO,
,,228,4ejpywei,qwen-manimator-1-grpo,AOS-GRPO,
,,229,4ejpywei,qwen-manimator-1-grpo,AOS-GRPO,
,,230,4ejpywei,qwen-manimator-1-grpo,AOS-GRPO,
,,231,4ejpywei,qwen-manimator-1-grpo,AOS-GRPO,
,,232,4ejpywei,qwen-manimator-1-grpo,AOS-GRPO,
,,233,4ejpywei,qwen-manimator-1-grpo,AOS-GRPO,
,,234,4ejpywei,qwen-manimator-1-grpo,AOS-GRPO,
,,235,4ejpywei,qwen-manimator-1-grpo,AOS-GRPO,
,,236,4ejpywei,qwen-manimator-1-grpo,AOS-GRPO,
,,237,4ejpywei,qwen-manimator-1-grpo,AOS-GRPO,
,,238,4ejpywei,qwen-manimator-1-grpo,AOS-GRPO,
,,239,4ejpywei,qwen-manimator-1-grpo,AOS-GRPO,
,,240,4ejpywei,qwen-manimator-1-grpo,AOS-GRPO,
,,241,4ejpywei,qwen-manimator-1-grpo,AOS-GRPO,
,,242,4ejpywei,qwen-manimator-1-grpo,AOS-GRPO,
,,243,4ejpywei,qwen-manimator-1-grpo,AOS-GRPO,
,,244,4ejpywei,qwen-manimator-1-grpo,AOS-GRPO,
,,245,4ejpywei,qwen-manimator-1-grpo,AOS-GRPO,
,,246,4ejpywei,qwen-manimator-1-grpo,AOS-GRPO,
,,247,4ejpywei,qwen-manimator-1-grpo,AOS-GRPO,
,,248,4ejpywei,qwen-manimator-1-grpo,AOS-GRPO,
,,249,4ejpywei,qwen-manimator-1-grpo,AOS-GRPO,
,,250,4ejpywei,qwen-manimator-1-grpo,AOS-GRPO,
,,251,4ejpywei,qwen-manimator-1-grpo,AOS-GRPO,
,,252,4ejpywei,qwen-manimator-1-grpo,AOS-GRPO,
,,253,4ejpywei,qwen-manimator-1-grpo,AOS-GRPO,
,,254,4ejpywei,qwen-manimator-1-grpo,AOS-GRPO,
,,255,4ejpywei,qwen-manimator-1-grpo,AOS-GRPO,
,,256,4ejpywei,qwen-manimator-1-grpo,AOS-GRPO,
,,257,4ejpywei,qwen-manimator-1-grpo,AOS-GRPO,
,,258,4ejpywei,qwen-manimator-1-grpo,AOS-GRPO,
,,259,4ejpywei,qwen-manimator-1-grpo,AOS-GRPO,
,,260,4ejpywei,qwen-manimator-1-grpo,AOS-GRPO,
,,261,4ejpywei,qwen-manimator-1-grpo,AOS-GRPO,
,,262,4ejpywei,qwen-manimator-1-grpo,AOS-GRPO,
,,263,4ejpywei,qwen-manimator-1-grpo,AOS-GRPO,
,,264,4ejpywei,qwen-manimator-1-grpo,AOS-GRPO,
,,265,4ejpywei,qwen-manimator-1-grpo,AOS-GRPO,
,,266,4ejpywei,qwen-manimator-1-grpo,AOS-GRPO,
,,267,4ejpywei,qwen-manimator-1-grpo,AOS-GRPO,
,,268,4ejpywei,qwen-manimator-1-grpo,AOS-GRPO,
,,269,4ejpywei,qwen-manimator-1-grpo,AOS-GRPO,
,,270,4ejpywei,qwen-manimator-1-grpo,AOS-GRPO,
,,271,4ejpywei,qwen-manimator-1-grpo,AOS-GRPO,
,,272,4ejpywei,qwen-manimator-1-grpo,AOS-GRPO,
,,273,4ejpywei,qwen-manimator-1-grpo,AOS-GRPO,
,,274,4ejpywei,qwen-manimator-1-grpo,AOS-GRPO,
,,275,4ejpywei,qwen-manimator-1-grpo,AOS-GRPO,
,,276,4ejpywei,qwen-manimator-1-grpo,AOS-GRPO,
,,277,4ejpywei,qwen-manimator-1-grpo,AOS-GRPO,
,,278,4ejpywei,qwen-manimator-1-grpo,AOS-GRPO,
,,279,4ejpywei,qwen-manimator-1-grpo,AOS-GRPO,
,,280,4ejpywei,qwen-manimator-1-grpo,AOS-GRPO,
,,281,4ejpywei,qwen-manimator-1-grpo,AOS-GRPO,
,,282,4ejpywei,qwen-manimator-1-grpo,AOS-GRPO,
1.5116279069767443e-06,0.0,283,4ejpywei,qwen-manimator-1-grpo,AOS-GRPO,
,,284,4ejpywei,qwen-manimator-1-grpo,AOS-GRPO,
,,285,4ejpywei,qwen-manimator-1-grpo,AOS-GRPO,
,,286,4ejpywei,qwen-manimator-1-grpo,AOS-GRPO,
,,287,4ejpywei,qwen-manimator-1-grpo,AOS-GRPO,
,,288,4ejpywei,qwen-manimator-1-grpo,AOS-GRPO,
,,289,4ejpywei,qwen-manimator-1-grpo,AOS-GRPO,
,,290,4ejpywei,qwen-manimator-1-grpo,AOS-GRPO,
,,291,4ejpywei,qwen-manimator-1-grpo,AOS-GRPO,
,,292,4ejpywei,qwen-manimator-1-grpo,AOS-GRPO,
,,293,4ejpywei,qwen-manimator-1-grpo,AOS-GRPO,
,,294,4ejpywei,qwen-manimator-1-grpo,AOS-GRPO,
,,295,4ejpywei,qwen-manimator-1-grpo,AOS-GRPO,
,,296,4ejpywei,qwen-manimator-1-grpo,AOS-GRPO,
,,297,4ejpywei,qwen-manimator-1-grpo,AOS-GRPO,
,,298,4ejpywei,qwen-manimator-1-grpo,AOS-GRPO,
,,299,4ejpywei,qwen-manimator-1-grpo,AOS-GRPO,
,,300,4ejpywei,qwen-manimator-1-grpo,AOS-GRPO,
,,301,4ejpywei,qwen-manimator-1-grpo,AOS-GRPO,
,,302,4ejpywei,qwen-manimator-1-grpo,AOS-GRPO,
,,303,4ejpywei,qwen-manimator-1-grpo,AOS-GRPO,
,,304,4ejpywei,qwen-manimator-1-grpo,AOS-GRPO,
,,305,4ejpywei,qwen-manimator-1-grpo,AOS-GRPO,
,,306,4ejpywei,qwen-manimator-1-grpo,AOS-GRPO,
,,307,4ejpywei,qwen-manimator-1-grpo,AOS-GRPO,
,,308,4ejpywei,qwen-manimator-1-grpo,AOS-GRPO,
,,309,4ejpywei,qwen-manimator-1-grpo,AOS-GRPO,
,,310,4ejpywei,qwen-manimator-1-grpo,AOS-GRPO,
,,311,4ejpywei,qwen-manimator-1-grpo,AOS-GRPO,
,,312,4ejpywei,qwen-manimator-1-grpo,AOS-GRPO,
,,313,4ejpywei,qwen-manimator-1-grpo,AOS-GRPO,
,,314,4ejpywei,qwen-manimator-1-grpo,AOS-GRPO,
,,315,4ejpywei,qwen-manimator-1-grpo,AOS-GRPO,
,,316,4ejpywei,qwen-manimator-1-grpo,AOS-GRPO,
,,317,4ejpywei,qwen-manimator-1-grpo,AOS-GRPO,
,,318,4ejpywei,qwen-manimator-1-grpo,AOS-GRPO,
,,319,4ejpywei,qwen-manimator-1-grpo,AOS-GRPO,
,,320,4ejpywei,qwen-manimator-1-grpo,AOS-GRPO,
,,321,4ejpywei,qwen-manimator-1-grpo,AOS-GRPO,
,,322,4ejpywei,qwen-manimator-1-grpo,AOS-GRPO,
,,323,4ejpywei,qwen-manimator-1-grpo,AOS-GRPO,
,,324,4ejpywei,qwen-manimator-1-grpo,AOS-GRPO,
,,325,4ejpywei,qwen-manimator-1-grpo,AOS-GRPO,
,,326,4ejpywei,qwen-manimator-1-grpo,AOS-GRPO,
,,327,4ejpywei,qwen-manimator-1-grpo,AOS-GRPO,
,,328,4ejpywei,qwen-manimator-1-grpo,AOS-GRPO,
,,329,4ejpywei,qwen-manimator-1-grpo,AOS-GRPO,
,,330,4ejpywei,qwen-manimator-1-grpo,AOS-GRPO,
,,331,4ejpywei,qwen-manimator-1-grpo,AOS-GRPO,
,,332,4ejpywei,qwen-manimator-1-grpo,AOS-GRPO,
,,333,4ejpywei,qwen-manimator-1-grpo,AOS-GRPO,
,,334,4ejpywei,qwen-manimator-1-grpo,AOS-GRPO,
,,335,4ejpywei,qwen-manimator-1-grpo,AOS-GRPO,
,,336,4ejpywei,qwen-manimator-1-grpo,AOS-GRPO,
,,337,4ejpywei,qwen-manimator-1-grpo,AOS-GRPO,
,,338,4ejpywei,qwen-manimator-1-grpo,AOS-GRPO,
,,339,4ejpywei,qwen-manimator-1-grpo,AOS-GRPO,
,,340,4ejpywei,qwen-manimator-1-grpo,AOS-GRPO,
,,341,4ejpywei,qwen-manimator-1-grpo,AOS-GRPO,
,,342,4ejpywei,qwen-manimator-1-grpo,AOS-GRPO,
,,343,4ejpywei,qwen-manimator-1-grpo,AOS-GRPO,
,,344,4ejpywei,qwen-manimator-1-grpo,AOS-GRPO,
,,345,4ejpywei,qwen-manimator-1-grpo,AOS-GRPO,
,,346,4ejpywei,qwen-manimator-1-grpo,AOS-GRPO,
,,347,4ejpywei,qwen-manimator-1-grpo,AOS-GRPO,
,,348,4ejpywei,qwen-manimator-1-grpo,AOS-GRPO,
,,349,4ejpywei,qwen-manimator-1-grpo,AOS-GRPO,
,,350,4ejpywei,qwen-manimator-1-grpo,AOS-GRPO,
,,351,4ejpywei,qwen-manimator-1-grpo,AOS-GRPO,
,,352,4ejpywei,qwen-manimator-1-grpo,AOS-GRPO,
,,353,4ejpywei,qwen-manimator-1-grpo,AOS-GRPO,
1.8992248062015504e-06,0.0,354,4ejpywei,qwen-manimator-1-grpo,AOS-GRPO,
,,355,4ejpywei,qwen-manimator-1-grpo,AOS-GRPO,
,,356,4ejpywei,qwen-manimator-1-grpo,AOS-GRPO,
,,357,4ejpywei,qwen-manimator-1-grpo,AOS-GRPO,
,,358,4ejpywei,qwen-manimator-1-grpo,AOS-GRPO,
,,359,4ejpywei,qwen-manimator-1-grpo,AOS-GRPO,
,,360,4ejpywei,qwen-manimator-1-grpo,AOS-GRPO,
,,361,4ejpywei,qwen-manimator-1-grpo,AOS-GRPO,
,,362,4ejpywei,qwen-manimator-1-grpo,AOS-GRPO,
,,363,4ejpywei,qwen-manimator-1-grpo,AOS-GRPO,
,,364,4ejpywei,qwen-manimator-1-grpo,AOS-GRPO,
,,365,4ejpywei,qwen-manimator-1-grpo,AOS-GRPO,
,,366,4ejpywei,qwen-manimator-1-grpo,AOS-GRPO,
,,367,4ejpywei,qwen-manimator-1-grpo,AOS-GRPO,
,,368,4ejpywei,qwen-manimator-1-grpo,AOS-GRPO,
,,369,4ejpywei,qwen-manimator-1-grpo,AOS-GRPO,
,,370,4ejpywei,qwen-manimator-1-grpo,AOS-GRPO,
,,371,4ejpywei,qwen-manimator-1-grpo,AOS-GRPO,
,,372,4ejpywei,qwen-manimator-1-grpo,AOS-GRPO,
,,373,4ejpywei,qwen-manimator-1-grpo,AOS-GRPO,
,,374,4ejpywei,qwen-manimator-1-grpo,AOS-GRPO,
,,375,4ejpywei,qwen-manimator-1-grpo,AOS-GRPO,
,,376,4ejpywei,qwen-manimator-1-grpo,AOS-GRPO,
,,377,4ejpywei,qwen-manimator-1-grpo,AOS-GRPO,
,,378,4ejpywei,qwen-manimator-1-grpo,AOS-GRPO,
,,379,4ejpywei,qwen-manimator-1-grpo,AOS-GRPO,
,,380,4ejpywei,qwen-manimator-1-grpo,AOS-GRPO,
,,381,4ejpywei,qwen-manimator-1-grpo,AOS-GRPO,
,,382,4ejpywei,qwen-manimator-1-grpo,AOS-GRPO,
,,383,4ejpywei,qwen-manimator-1-grpo,AOS-GRPO,
,,384,4ejpywei,qwen-manimator-1-grpo,AOS-GRPO,
,,385,4ejpywei,qwen-manimator-1-grpo,AOS-GRPO,
,,386,4ejpywei,qwen-manimator-1-grpo,AOS-GRPO,
,,387,4ejpywei,qwen-manimator-1-grpo,AOS-GRPO,
,,388,4ejpywei,qwen-manimator-1-grpo,AOS-GRPO,
,,389,4ejpywei,qwen-manimator-1-grpo,AOS-GRPO,
,,390,4ejpywei,qwen-manimator-1-grpo,AOS-GRPO,
,,391,4ejpywei,qwen-manimator-1-grpo,AOS-GRPO,
,,392,4ejpywei,qwen-manimator-1-grpo,AOS-GRPO,
,,393,4ejpywei,qwen-manimator-1-grpo,AOS-GRPO,
,,394,4ejpywei,qwen-manimator-1-grpo,AOS-GRPO,
,,395,4ejpywei,qwen-manimator-1-grpo,AOS-GRPO,
,,396,4ejpywei,qwen-manimator-1-grpo,AOS-GRPO,
,,397,4ejpywei,qwen-manimator-1-grpo,AOS-GRPO,
,,398,4ejpywei,qwen-manimator-1-grpo,AOS-GRPO,
,,399,4ejpywei,qwen-manimator-1-grpo,AOS-GRPO,
,,400,4ejpywei,qwen-manimator-1-grpo,AOS-GRPO,
,,401,4ejpywei,qwen-manimator-1-grpo,AOS-GRPO,
,,402,4ejpywei,qwen-manimator-1-grpo,AOS-GRPO,
,,403,4ejpywei,qwen-manimator-1-grpo,AOS-GRPO,
,,404,4ejpywei,qwen-manimator-1-grpo,AOS-GRPO,
,,405,4ejpywei,qwen-manimator-1-grpo,AOS-GRPO,
,,406,4ejpywei,qwen-manimator-1-grpo,AOS-GRPO,
,,407,4ejpywei,qwen-manimator-1-grpo,AOS-GRPO,
,,408,4ejpywei,qwen-manimator-1-grpo,AOS-GRPO,
,,409,4ejpywei,qwen-manimator-1-grpo,AOS-GRPO,
,,410,4ejpywei,qwen-manimator-1-grpo,AOS-GRPO,
,,411,4ejpywei,qwen-manimator-1-grpo,AOS-GRPO,
,,412,4ejpywei,qwen-manimator-1-grpo,AOS-GRPO,
,,413,4ejpywei,qwen-manimator-1-grpo,AOS-GRPO,
,,414,4ejpywei,qwen-manimator-1-grpo,AOS-GRPO,
,,415,4ejpywei,qwen-manimator-1-grpo,AOS-GRPO,
,,416,4ejpywei,qwen-manimator-1-grpo,AOS-GRPO,
,,417,4ejpywei,qwen-manimator-1-grpo,AOS-GRPO,
,,418,4ejpywei,qwen-manimator-1-grpo,AOS-GRPO,
,,419,4ejpywei,qwen-manimator-1-grpo,AOS-GRPO,
,,420,4ejpywei,qwen-manimator-1-grpo,AOS-GRPO,
,,421,4ejpywei,qwen-manimator-1-grpo,AOS-GRPO,
,,422,4ejpywei,qwen-manimator-1-grpo,AOS-GRPO,
,,423,4ejpywei,qwen-manimator-1-grpo,AOS-GRPO,
,,424,4ejpywei,qwen-manimator-1-grpo,AOS-GRPO,
2.2868217054263567e-06,0.0,425,4ejpywei,qwen-manimator-1-grpo,AOS-GRPO,
,,426,4ejpywei,qwen-manimator-1-grpo,AOS-GRPO,
,,427,4ejpywei,qwen-manimator-1-grpo,AOS-GRPO,
,,428,4ejpywei,qwen-manimator-1-grpo,AOS-GRPO,
,,429,4ejpywei,qwen-manimator-1-grpo,AOS-GRPO,
,,430,4ejpywei,qwen-manimator-1-grpo,AOS-GRPO,
,,431,4ejpywei,qwen-manimator-1-grpo,AOS-GRPO,
,,432,4ejpywei,qwen-manimator-1-grpo,AOS-GRPO,
,,433,4ejpywei,qwen-manimator-1-grpo,AOS-GRPO,
,,434,4ejpywei,qwen-manimator-1-grpo,AOS-GRPO,
,,435,4ejpywei,qwen-manimator-1-grpo,AOS-GRPO,
,,436,4ejpywei,qwen-manimator-1-grpo,AOS-GRPO,
,,437,4ejpywei,qwen-manimator-1-grpo,AOS-GRPO,
,,438,4ejpywei,qwen-manimator-1-grpo,AOS-GRPO,
,,439,4ejpywei,qwen-manimator-1-grpo,AOS-GRPO,
,,440,4ejpywei,qwen-manimator-1-grpo,AOS-GRPO,
,,441,4ejpywei,qwen-manimator-1-grpo,AOS-GRPO,
,,442,4ejpywei,qwen-manimator-1-grpo,AOS-GRPO,
,,443,4ejpywei,qwen-manimator-1-grpo,AOS-GRPO,
,,444,4ejpywei,qwen-manimator-1-grpo,AOS-GRPO,
,,445,4ejpywei,qwen-manimator-1-grpo,AOS-GRPO,
,,446,4ejpywei,qwen-manimator-1-grpo,AOS-GRPO,
,,447,4ejpywei,qwen-manimator-1-grpo,AOS-GRPO,
,,448,4ejpywei,qwen-manimator-1-grpo,AOS-GRPO,
,,449,4ejpywei,qwen-manimator-1-grpo,AOS-GRPO,
,,450,4ejpywei,qwen-manimator-1-grpo,AOS-GRPO,
,,451,4ejpywei,qwen-manimator-1-grpo,AOS-GRPO,
,,452,4ejpywei,qwen-manimator-1-grpo,AOS-GRPO,
,,453,4ejpywei,qwen-manimator-1-grpo,AOS-GRPO,
,,454,4ejpywei,qwen-manimator-1-grpo,AOS-GRPO,
,,455,4ejpywei,qwen-manimator-1-grpo,AOS-GRPO,
,,456,4ejpywei,qwen-manimator-1-grpo,AOS-GRPO,
,,457,4ejpywei,qwen-manimator-1-grpo,AOS-GRPO,
,,458,4ejpywei,qwen-manimator-1-grpo,AOS-GRPO,
,,459,4ejpywei,qwen-manimator-1-grpo,AOS-GRPO,
,,460,4ejpywei,qwen-manimator-1-grpo,AOS-GRPO,
,,461,4ejpywei,qwen-manimator-1-grpo,AOS-GRPO,
,,462,4ejpywei,qwen-manimator-1-grpo,AOS-GRPO,
,,463,4ejpywei,qwen-manimator-1-grpo,AOS-GRPO,
,,464,4ejpywei,qwen-manimator-1-grpo,AOS-GRPO,
,,465,4ejpywei,qwen-manimator-1-grpo,AOS-GRPO,
,,466,4ejpywei,qwen-manimator-1-grpo,AOS-GRPO,
,,467,4ejpywei,qwen-manimator-1-grpo,AOS-GRPO,
,,468,4ejpywei,qwen-manimator-1-grpo,AOS-GRPO,
,,469,4ejpywei,qwen-manimator-1-grpo,AOS-GRPO,
,,470,4ejpywei,qwen-manimator-1-grpo,AOS-GRPO,
,,471,4ejpywei,qwen-manimator-1-grpo,AOS-GRPO,
,,472,4ejpywei,qwen-manimator-1-grpo,AOS-GRPO,
,,473,4ejpywei,qwen-manimator-1-grpo,AOS-GRPO,
,,474,4ejpywei,qwen-manimator-1-grpo,AOS-GRPO,
,,475,4ejpywei,qwen-manimator-1-grpo,AOS-GRPO,
,,476,4ejpywei,qwen-manimator-1-grpo,AOS-GRPO,
,,477,4ejpywei,qwen-manimator-1-grpo,AOS-GRPO,
,,478,4ejpywei,qwen-manimator-1-grpo,AOS-GRPO,
,,479,4ejpywei,qwen-manimator-1-grpo,AOS-GRPO,
,,480,4ejpywei,qwen-manimator-1-grpo,AOS-GRPO,
,,481,4ejpywei,qwen-manimator-1-grpo,AOS-GRPO,
,,482,4ejpywei,qwen-manimator-1-grpo,AOS-GRPO,
,,483,4ejpywei,qwen-manimator-1-grpo,AOS-GRPO,
,,484,4ejpywei,qwen-manimator-1-grpo,AOS-GRPO,
,,485,4ejpywei,qwen-manimator-1-grpo,AOS-GRPO,
,,486,4ejpywei,qwen-manimator-1-grpo,AOS-GRPO,
,,487,4ejpywei,qwen-manimator-1-grpo,AOS-GRPO,
,,488,4ejpywei,qwen-manimator-1-grpo,AOS-GRPO,
,,489,4ejpywei,qwen-manimator-1-grpo,AOS-GRPO,
,,490,4ejpywei,qwen-manimator-1-grpo,AOS-GRPO,
,,491,4ejpywei,qwen-manimator-1-grpo,AOS-GRPO,
,,492,4ejpywei,qwen-manimator-1-grpo,AOS-GRPO,
,,493,4ejpywei,qwen-manimator-1-grpo,AOS-GRPO,
,,494,4ejpywei,qwen-manimator-1-grpo,AOS-GRPO,
,,495,4ejpywei,qwen-manimator-1-grpo,AOS-GRPO,
2.674418604651163e-06,0.0,496,4ejpywei,qwen-manimator-1-grpo,AOS-GRPO,
,,497,4ejpywei,qwen-manimator-1-grpo,AOS-GRPO,
,,498,4ejpywei,qwen-manimator-1-grpo,AOS-GRPO,
,,499,4ejpywei,qwen-manimator-1-grpo,AOS-GRPO,
,,500,4ejpywei,qwen-manimator-1-grpo,AOS-GRPO,
,,501,4ejpywei,qwen-manimator-1-grpo,AOS-GRPO,
,,502,4ejpywei,qwen-manimator-1-grpo,AOS-GRPO,
,,503,4ejpywei,qwen-manimator-1-grpo,AOS-GRPO,
,,504,4ejpywei,qwen-manimator-1-grpo,AOS-GRPO,
,,505,4ejpywei,qwen-manimator-1-grpo,AOS-GRPO,
,,506,4ejpywei,qwen-manimator-1-grpo,AOS-GRPO,
,,507,4ejpywei,qwen-manimator-1-grpo,AOS-GRPO,
,,508,4ejpywei,qwen-manimator-1-grpo,AOS-GRPO,
,,509,4ejpywei,qwen-manimator-1-grpo,AOS-GRPO,
,,510,4ejpywei,qwen-manimator-1-grpo,AOS-GRPO,
,,511,4ejpywei,qwen-manimator-1-grpo,AOS-GRPO,
,,512,4ejpywei,qwen-manimator-1-grpo,AOS-GRPO,
,,513,4ejpywei,qwen-manimator-1-grpo,AOS-GRPO,
,,514,4ejpywei,qwen-manimator-1-grpo,AOS-GRPO,
,,515,4ejpywei,qwen-manimator-1-grpo,AOS-GRPO,
,,516,4ejpywei,qwen-manimator-1-grpo,AOS-GRPO,
,,517,4ejpywei,qwen-manimator-1-grpo,AOS-GRPO,
,,518,4ejpywei,qwen-manimator-1-grpo,AOS-GRPO,
,,519,4ejpywei,qwen-manimator-1-grpo,AOS-GRPO,
,,520,4ejpywei,qwen-manimator-1-grpo,AOS-GRPO,
,,521,4ejpywei,qwen-manimator-1-grpo,AOS-GRPO,
,,522,4ejpywei,qwen-manimator-1-grpo,AOS-GRPO,
,,523,4ejpywei,qwen-manimator-1-grpo,AOS-GRPO,
,,524,4ejpywei,qwen-manimator-1-grpo,AOS-GRPO,
,,525,4ejpywei,qwen-manimator-1-grpo,AOS-GRPO,
,,526,4ejpywei,qwen-manimator-1-grpo,AOS-GRPO,
,,527,4ejpywei,qwen-manimator-1-grpo,AOS-GRPO,
,,528,4ejpywei,qwen-manimator-1-grpo,AOS-GRPO,
,,529,4ejpywei,qwen-manimator-1-grpo,AOS-GRPO,
,,530,4ejpywei,qwen-manimator-1-grpo,AOS-GRPO,
,,531,4ejpywei,qwen-manimator-1-grpo,AOS-GRPO,
,,532,4ejpywei,qwen-manimator-1-grpo,AOS-GRPO,
,,533,4ejpywei,qwen-manimator-1-grpo,AOS-GRPO,
,,534,4ejpywei,qwen-manimator-1-grpo,AOS-GRPO,
,,535,4ejpywei,qwen-manimator-1-grpo,AOS-GRPO,
,,536,4ejpywei,qwen-manimator-1-grpo,AOS-GRPO,
,,537,4ejpywei,qwen-manimator-1-grpo,AOS-GRPO,
,,538,4ejpywei,qwen-manimator-1-grpo,AOS-GRPO,
,,539,4ejpywei,qwen-manimator-1-grpo,AOS-GRPO,
,,540,4ejpywei,qwen-manimator-1-grpo,AOS-GRPO,
,,541,4ejpywei,qwen-manimator-1-grpo,AOS-GRPO,
,,542,4ejpywei,qwen-manimator-1-grpo,AOS-GRPO,
,,543,4ejpywei,qwen-manimator-1-grpo,AOS-GRPO,
,,544,4ejpywei,qwen-manimator-1-grpo,AOS-GRPO,
,,545,4ejpywei,qwen-manimator-1-grpo,AOS-GRPO,
,,546,4ejpywei,qwen-manimator-1-grpo,AOS-GRPO,
,,547,4ejpywei,qwen-manimator-1-grpo,AOS-GRPO,
,,548,4ejpywei,qwen-manimator-1-grpo,AOS-GRPO,
,,549,4ejpywei,qwen-manimator-1-grpo,AOS-GRPO,
,,550,4ejpywei,qwen-manimator-1-grpo,AOS-GRPO,
,,551,4ejpywei,qwen-manimator-1-grpo,AOS-GRPO,
,,552,4ejpywei,qwen-manimator-1-grpo,AOS-GRPO,
,,553,4ejpywei,qwen-manimator-1-grpo,AOS-GRPO,
,,554,4ejpywei,qwen-manimator-1-grpo,AOS-GRPO,
,,555,4ejpywei,qwen-manimator-1-grpo,AOS-GRPO,
,,556,4ejpywei,qwen-manimator-1-grpo,AOS-GRPO,
,,557,4ejpywei,qwen-manimator-1-grpo,AOS-GRPO,
,,558,4ejpywei,qwen-manimator-1-grpo,AOS-GRPO,
,,559,4ejpywei,qwen-manimator-1-grpo,AOS-GRPO,
,,560,4ejpywei,qwen-manimator-1-grpo,AOS-GRPO,
,,561,4ejpywei,qwen-manimator-1-grpo,AOS-GRPO,
,,562,4ejpywei,qwen-manimator-1-grpo,AOS-GRPO,
,,563,4ejpywei,qwen-manimator-1-grpo,AOS-GRPO,
,,564,4ejpywei,qwen-manimator-1-grpo,AOS-GRPO,
,,565,4ejpywei,qwen-manimator-1-grpo,AOS-GRPO,
,,566,4ejpywei,qwen-manimator-1-grpo,AOS-GRPO,
3.062015503875969e-06,0.0,567,4ejpywei,qwen-manimator-1-grpo,AOS-GRPO,
,,568,4ejpywei,qwen-manimator-1-grpo,AOS-GRPO,
,,569,4ejpywei,qwen-manimator-1-grpo,AOS-GRPO,
,,570,4ejpywei,qwen-manimator-1-grpo,AOS-GRPO,
,,571,4ejpywei,qwen-manimator-1-grpo,AOS-GRPO,
,,572,4ejpywei,qwen-manimator-1-grpo,AOS-GRPO,
,,573,4ejpywei,qwen-manimator-1-grpo,AOS-GRPO,
,,574,4ejpywei,qwen-manimator-1-grpo,AOS-GRPO,
,,575,4ejpywei,qwen-manimator-1-grpo,AOS-GRPO,
,,576,4ejpywei,qwen-manimator-1-grpo,AOS-GRPO,
,,577,4ejpywei,qwen-manimator-1-grpo,AOS-GRPO,
,,578,4ejpywei,qwen-manimator-1-grpo,AOS-GRPO,
,,579,4ejpywei,qwen-manimator-1-grpo,AOS-GRPO,
,,580,4ejpywei,qwen-manimator-1-grpo,AOS-GRPO,
,,581,4ejpywei,qwen-manimator-1-grpo,AOS-GRPO,
,,582,4ejpywei,qwen-manimator-1-grpo,AOS-GRPO,
,,583,4ejpywei,qwen-manimator-1-grpo,AOS-GRPO,
,,584,4ejpywei,qwen-manimator-1-grpo,AOS-GRPO,
,,585,4ejpywei,qwen-manimator-1-grpo,AOS-GRPO,
,,586,4ejpywei,qwen-manimator-1-grpo,AOS-GRPO,
,,587,4ejpywei,qwen-manimator-1-grpo,AOS-GRPO,
,,588,4ejpywei,qwen-manimator-1-grpo,AOS-GRPO,
,,589,4ejpywei,qwen-manimator-1-grpo,AOS-GRPO,
,,590,4ejpywei,qwen-manimator-1-grpo,AOS-GRPO,
,,591,4ejpywei,qwen-manimator-1-grpo,AOS-GRPO,
,,592,4ejpywei,qwen-manimator-1-grpo,AOS-GRPO,
,,593,4ejpywei,qwen-manimator-1-grpo,AOS-GRPO,
,,594,4ejpywei,qwen-manimator-1-grpo,AOS-GRPO,
,,595,4ejpywei,qwen-manimator-1-grpo,AOS-GRPO,
,,596,4ejpywei,qwen-manimator-1-grpo,AOS-GRPO,
,,597,4ejpywei,qwen-manimator-1-grpo,AOS-GRPO,
,,598,4ejpywei,qwen-manimator-1-grpo,AOS-GRPO,
,,599,4ejpywei,qwen-manimator-1-grpo,AOS-GRPO,
,,600,4ejpywei,qwen-manimator-1-grpo,AOS-GRPO,
,,601,4ejpywei,qwen-manimator-1-grpo,AOS-GRPO,
,,602,4ejpywei,qwen-manimator-1-grpo,AOS-GRPO,
,,603,4ejpywei,qwen-manimator-1-grpo,AOS-GRPO,
,,604,4ejpywei,qwen-manimator-1-grpo,AOS-GRPO,
,,605,4ejpywei,qwen-manimator-1-grpo,AOS-GRPO,
,,606,4ejpywei,qwen-manimator-1-grpo,AOS-GRPO,
,,607,4ejpywei,qwen-manimator-1-grpo,AOS-GRPO,
,,608,4ejpywei,qwen-manimator-1-grpo,AOS-GRPO,
,,609,4ejpywei,qwen-manimator-1-grpo,AOS-GRPO,
,,610,4ejpywei,qwen-manimator-1-grpo,AOS-GRPO,
,,611,4ejpywei,qwen-manimator-1-grpo,AOS-GRPO,
,,612,4ejpywei,qwen-manimator-1-grpo,AOS-GRPO,
,,613,4ejpywei,qwen-manimator-1-grpo,AOS-GRPO,
,,614,4ejpywei,qwen-manimator-1-grpo,AOS-GRPO,
,,615,4ejpywei,qwen-manimator-1-grpo,AOS-GRPO,
,,616,4ejpywei,qwen-manimator-1-grpo,AOS-GRPO,
,,617,4ejpywei,qwen-manimator-1-grpo,AOS-GRPO,
,,618,4ejpywei,qwen-manimator-1-grpo,AOS-GRPO,
,,619,4ejpywei,qwen-manimator-1-grpo,AOS-GRPO,
,,620,4ejpywei,qwen-manimator-1-grpo,AOS-GRPO,
,,621,4ejpywei,qwen-manimator-1-grpo,AOS-GRPO,
,,622,4ejpywei,qwen-manimator-1-grpo,AOS-GRPO,
,,623,4ejpywei,qwen-manimator-1-grpo,AOS-GRPO,
,,624,4ejpywei,qwen-manimator-1-grpo,AOS-GRPO,
,,625,4ejpywei,qwen-manimator-1-grpo,AOS-GRPO,
,,626,4ejpywei,qwen-manimator-1-grpo,AOS-GRPO,
,,627,4ejpywei,qwen-manimator-1-grpo,AOS-GRPO,
,,628,4ejpywei,qwen-manimator-1-grpo,AOS-GRPO,
,,629,4ejpywei,qwen-manimator-1-grpo,AOS-GRPO,
,,630,4ejpywei,qwen-manimator-1-grpo,AOS-GRPO,
,,631,4ejpywei,qwen-manimator-1-grpo,AOS-GRPO,
,,632,4ejpywei,qwen-manimator-1-grpo,AOS-GRPO,
,,633,4ejpywei,qwen-manimator-1-grpo,AOS-GRPO,
,,634,4ejpywei,qwen-manimator-1-grpo,AOS-GRPO,
,,635,4ejpywei,qwen-manimator-1-grpo,AOS-GRPO,
,,636,4ejpywei,qwen-manimator-1-grpo,AOS-GRPO,
,,637,4ejpywei,qwen-manimator-1-grpo,AOS-GRPO,
3.4496124031007755e-06,0.0042,638,4ejpywei,qwen-manimator-1-grpo,AOS-GRPO,
,,639,4ejpywei,qwen-manimator-1-grpo,AOS-GRPO,
,,640,4ejpywei,qwen-manimator-1-grpo,AOS-GRPO,
,,641,4ejpywei,qwen-manimator-1-grpo,AOS-GRPO,
,,642,4ejpywei,qwen-manimator-1-grpo,AOS-GRPO,
,,643,4ejpywei,qwen-manimator-1-grpo,AOS-GRPO,
,,644,4ejpywei,qwen-manimator-1-grpo,AOS-GRPO,
,,645,4ejpywei,qwen-manimator-1-grpo,AOS-GRPO,
,,646,4ejpywei,qwen-manimator-1-grpo,AOS-GRPO,
,,647,4ejpywei,qwen-manimator-1-grpo,AOS-GRPO,
,,648,4ejpywei,qwen-manimator-1-grpo,AOS-GRPO,
,,649,4ejpywei,qwen-manimator-1-grpo,AOS-GRPO,
,,650,4ejpywei,qwen-manimator-1-grpo,AOS-GRPO,
,,651,4ejpywei,qwen-manimator-1-grpo,AOS-GRPO,
,,652,4ejpywei,qwen-manimator-1-grpo,AOS-GRPO,
,,653,4ejpywei,qwen-manimator-1-grpo,AOS-GRPO,
,,654,4ejpywei,qwen-manimator-1-grpo,AOS-GRPO,
,,655,4ejpywei,qwen-manimator-1-grpo,AOS-GRPO,
,,656,4ejpywei,qwen-manimator-1-grpo,AOS-GRPO,
,,657,4ejpywei,qwen-manimator-1-grpo,AOS-GRPO,
,,658,4ejpywei,qwen-manimator-1-grpo,AOS-GRPO,
,,659,4ejpywei,qwen-manimator-1-grpo,AOS-GRPO,
,,660,4ejpywei,qwen-manimator-1-grpo,AOS-GRPO,
,,661,4ejpywei,qwen-manimator-1-grpo,AOS-GRPO,
,,662,4ejpywei,qwen-manimator-1-grpo,AOS-GRPO,
,,663,4ejpywei,qwen-manimator-1-grpo,AOS-GRPO,
,,664,4ejpywei,qwen-manimator-1-grpo,AOS-GRPO,
,,665,4ejpywei,qwen-manimator-1-grpo,AOS-GRPO,
,,666,4ejpywei,qwen-manimator-1-grpo,AOS-GRPO,
,,667,4ejpywei,qwen-manimator-1-grpo,AOS-GRPO,
,,668,4ejpywei,qwen-manimator-1-grpo,AOS-GRPO,
,,669,4ejpywei,qwen-manimator-1-grpo,AOS-GRPO,
,,670,4ejpywei,qwen-manimator-1-grpo,AOS-GRPO,
,,671,4ejpywei,qwen-manimator-1-grpo,AOS-GRPO,
,,672,4ejpywei,qwen-manimator-1-grpo,AOS-GRPO,
,,673,4ejpywei,qwen-manimator-1-grpo,AOS-GRPO,
,,674,4ejpywei,qwen-manimator-1-grpo,AOS-GRPO,
,,675,4ejpywei,qwen-manimator-1-grpo,AOS-GRPO,
,,676,4ejpywei,qwen-manimator-1-grpo,AOS-GRPO,
,,677,4ejpywei,qwen-manimator-1-grpo,AOS-GRPO,
,,678,4ejpywei,qwen-manimator-1-grpo,AOS-GRPO,
,,679,4ejpywei,qwen-manimator-1-grpo,AOS-GRPO,
,,680,4ejpywei,qwen-manimator-1-grpo,AOS-GRPO,
,,681,4ejpywei,qwen-manimator-1-grpo,AOS-GRPO,
,,682,4ejpywei,qwen-manimator-1-grpo,AOS-GRPO,
,,683,4ejpywei,qwen-manimator-1-grpo,AOS-GRPO,
,,684,4ejpywei,qwen-manimator-1-grpo,AOS-GRPO,
,,685,4ejpywei,qwen-manimator-1-grpo,AOS-GRPO,
,,686,4ejpywei,qwen-manimator-1-grpo,AOS-GRPO,
,,687,4ejpywei,qwen-manimator-1-grpo,AOS-GRPO,
,,688,4ejpywei,qwen-manimator-1-grpo,AOS-GRPO,
,,689,4ejpywei,qwen-manimator-1-grpo,AOS-GRPO,
,,690,4ejpywei,qwen-manimator-1-grpo,AOS-GRPO,
,,691,4ejpywei,qwen-manimator-1-grpo,AOS-GRPO,
,,692,4ejpywei,qwen-manimator-1-grpo,AOS-GRPO,
,,693,4ejpywei,qwen-manimator-1-grpo,AOS-GRPO,
,,694,4ejpywei,qwen-manimator-1-grpo,AOS-GRPO,
,,695,4ejpywei,qwen-manimator-1-grpo,AOS-GRPO,
,,696,4ejpywei,qwen-manimator-1-grpo,AOS-GRPO,
,,697,4ejpywei,qwen-manimator-1-grpo,AOS-GRPO,
,,698,4ejpywei,qwen-manimator-1-grpo,AOS-GRPO,
,,699,4ejpywei,qwen-manimator-1-grpo,AOS-GRPO,
,,700,4ejpywei,qwen-manimator-1-grpo,AOS-GRPO,
,,701,4ejpywei,qwen-manimator-1-grpo,AOS-GRPO,
,,702,4ejpywei,qwen-manimator-1-grpo,AOS-GRPO,
,,703,4ejpywei,qwen-manimator-1-grpo,AOS-GRPO,
,,704,4ejpywei,qwen-manimator-1-grpo,AOS-GRPO,
,,705,4ejpywei,qwen-manimator-1-grpo,AOS-GRPO,
,,706,4ejpywei,qwen-manimator-1-grpo,AOS-GRPO,
,,707,4ejpywei,qwen-manimator-1-grpo,AOS-GRPO,
,,708,4ejpywei,qwen-manimator-1-grpo,AOS-GRPO,
3.837209302325582e-06,-0.0187,709,4ejpywei,qwen-manimator-1-grpo,AOS-GRPO,
,,710,4ejpywei,qwen-manimator-1-grpo,AOS-GRPO,
,,711,4ejpywei,qwen-manimator-1-grpo,AOS-GRPO,
,,712,4ejpywei,qwen-manimator-1-grpo,AOS-GRPO,
,,713,4ejpywei,qwen-manimator-1-grpo,AOS-GRPO,
,,714,4ejpywei,qwen-manimator-1-grpo,AOS-GRPO,
,,715,4ejpywei,qwen-manimator-1-grpo,AOS-GRPO,
,,716,4ejpywei,qwen-manimator-1-grpo,AOS-GRPO,
,,717,4ejpywei,qwen-manimator-1-grpo,AOS-GRPO,
,,718,4ejpywei,qwen-manimator-1-grpo,AOS-GRPO,
,,719,4ejpywei,qwen-manimator-1-grpo,AOS-GRPO,
,,720,4ejpywei,qwen-manimator-1-grpo,AOS-GRPO,
,,721,4ejpywei,qwen-manimator-1-grpo,AOS-GRPO,
,,722,4ejpywei,qwen-manimator-1-grpo,AOS-GRPO,
,,723,4ejpywei,qwen-manimator-1-grpo,AOS-GRPO,
,,724,4ejpywei,qwen-manimator-1-grpo,AOS-GRPO,
,,725,4ejpywei,qwen-manimator-1-grpo,AOS-GRPO,
,,726,4ejpywei,qwen-manimator-1-grpo,AOS-GRPO,
,,727,4ejpywei,qwen-manimator-1-grpo,AOS-GRPO,
,,728,4ejpywei,qwen-manimator-1-grpo,AOS-GRPO,
,,729,4ejpywei,qwen-manimator-1-grpo,AOS-GRPO,
,,730,4ejpywei,qwen-manimator-1-grpo,AOS-GRPO,
,,731,4ejpywei,qwen-manimator-1-grpo,AOS-GRPO,
,,732,4ejpywei,qwen-manimator-1-grpo,AOS-GRPO,
,,733,4ejpywei,qwen-manimator-1-grpo,AOS-GRPO,
,,734,4ejpywei,qwen-manimator-1-grpo,AOS-GRPO,
,,735,4ejpywei,qwen-manimator-1-grpo,AOS-GRPO,
,,736,4ejpywei,qwen-manimator-1-grpo,AOS-GRPO,
,,737,4ejpywei,qwen-manimator-1-grpo,AOS-GRPO,
,,738,4ejpywei,qwen-manimator-1-grpo,AOS-GRPO,
,,739,4ejpywei,qwen-manimator-1-grpo,AOS-GRPO,
,,740,4ejpywei,qwen-manimator-1-grpo,AOS-GRPO,
,,741,4ejpywei,qwen-manimator-1-grpo,AOS-GRPO,
,,742,4ejpywei,qwen-manimator-1-grpo,AOS-GRPO,
,,743,4ejpywei,qwen-manimator-1-grpo,AOS-GRPO,
,,744,4ejpywei,qwen-manimator-1-grpo,AOS-GRPO,
,,745,4ejpywei,qwen-manimator-1-grpo,AOS-GRPO,
,,746,4ejpywei,qwen-manimator-1-grpo,AOS-GRPO,
,,747,4ejpywei,qwen-manimator-1-grpo,AOS-GRPO,
,,748,4ejpywei,qwen-manimator-1-grpo,AOS-GRPO,
,,749,4ejpywei,qwen-manimator-1-grpo,AOS-GRPO,
,,750,4ejpywei,qwen-manimator-1-grpo,AOS-GRPO,
,,751,4ejpywei,qwen-manimator-1-grpo,AOS-GRPO,
,,752,4ejpywei,qwen-manimator-1-grpo,AOS-GRPO,
,,753,4ejpywei,qwen-manimator-1-grpo,AOS-GRPO,
,,754,4ejpywei,qwen-manimator-1-grpo,AOS-GRPO,
,,755,4ejpywei,qwen-manimator-1-grpo,AOS-GRPO,
,,756,4ejpywei,qwen-manimator-1-grpo,AOS-GRPO,
,,757,4ejpywei,qwen-manimator-1-grpo,AOS-GRPO,
,,758,4ejpywei,qwen-manimator-1-grpo,AOS-GRPO,
,,759,4ejpywei,qwen-manimator-1-grpo,AOS-GRPO,
,,760,4ejpywei,qwen-manimator-1-grpo,AOS-GRPO,
,,761,4ejpywei,qwen-manimator-1-grpo,AOS-GRPO,
,,762,4ejpywei,qwen-manimator-1-grpo,AOS-GRPO,
,,763,4ejpywei,qwen-manimator-1-grpo,AOS-GRPO,
,,764,4ejpywei,qwen-manimator-1-grpo,AOS-GRPO,
,,765,4ejpywei,qwen-manimator-1-grpo,AOS-GRPO,
,,766,4ejpywei,qwen-manimator-1-grpo,AOS-GRPO,
,,767,4ejpywei,qwen-manimator-1-grpo,AOS-GRPO,
,,768,4ejpywei,qwen-manimator-1-grpo,AOS-GRPO,
,,769,4ejpywei,qwen-manimator-1-grpo,AOS-GRPO,
,,770,4ejpywei,qwen-manimator-1-grpo,AOS-GRPO,
,,771,4ejpywei,qwen-manimator-1-grpo,AOS-GRPO,
,,772,4ejpywei,qwen-manimator-1-grpo,AOS-GRPO,
,,773,4ejpywei,qwen-manimator-1-grpo,AOS-GRPO,
,,774,4ejpywei,qwen-manimator-1-grpo,AOS-GRPO,
,,775,4ejpywei,qwen-manimator-1-grpo,AOS-GRPO,
,,776,4ejpywei,qwen-manimator-1-grpo,AOS-GRPO,
,,777,4ejpywei,qwen-manimator-1-grpo,AOS-GRPO,
,,778,4ejpywei,qwen-manimator-1-grpo,AOS-GRPO,
,,779,4ejpywei,qwen-manimator-1-grpo,AOS-GRPO,
4.224806201550388e-06,0.0,780,4ejpywei,qwen-manimator-1-grpo,AOS-GRPO,
,,781,4ejpywei,qwen-manimator-1-grpo,AOS-GRPO,
,,782,4ejpywei,qwen-manimator-1-grpo,AOS-GRPO,
,,783,4ejpywei,qwen-manimator-1-grpo,AOS-GRPO,
,,784,4ejpywei,qwen-manimator-1-grpo,AOS-GRPO,
,,785,4ejpywei,qwen-manimator-1-grpo,AOS-GRPO,
,,786,4ejpywei,qwen-manimator-1-grpo,AOS-GRPO,
,,787,4ejpywei,qwen-manimator-1-grpo,AOS-GRPO,
,,788,4ejpywei,qwen-manimator-1-grpo,AOS-GRPO,
,,789,4ejpywei,qwen-manimator-1-grpo,AOS-GRPO,
,,790,4ejpywei,qwen-manimator-1-grpo,AOS-GRPO,
,,791,4ejpywei,qwen-manimator-1-grpo,AOS-GRPO,
,,792,4ejpywei,qwen-manimator-1-grpo,AOS-GRPO,
,,793,4ejpywei,qwen-manimator-1-grpo,AOS-GRPO,
,,794,4ejpywei,qwen-manimator-1-grpo,AOS-GRPO,
,,795,4ejpywei,qwen-manimator-1-grpo,AOS-GRPO,
,,796,4ejpywei,qwen-manimator-1-grpo,AOS-GRPO,
,,797,4ejpywei,qwen-manimator-1-grpo,AOS-GRPO,
,,798,4ejpywei,qwen-manimator-1-grpo,AOS-GRPO,
,,799,4ejpywei,qwen-manimator-1-grpo,AOS-GRPO,
,,800,4ejpywei,qwen-manimator-1-grpo,AOS-GRPO,
,,801,4ejpywei,qwen-manimator-1-grpo,AOS-GRPO,
,,802,4ejpywei,qwen-manimator-1-grpo,AOS-GRPO,
,,803,4ejpywei,qwen-manimator-1-grpo,AOS-GRPO,
,,804,4ejpywei,qwen-manimator-1-grpo,AOS-GRPO,
,,805,4ejpywei,qwen-manimator-1-grpo,AOS-GRPO,
,,806,4ejpywei,qwen-manimator-1-grpo,AOS-GRPO,
,,807,4ejpywei,qwen-manimator-1-grpo,AOS-GRPO,
,,808,4ejpywei,qwen-manimator-1-grpo,AOS-GRPO,
,,809,4ejpywei,qwen-manimator-1-grpo,AOS-GRPO,
,,810,4ejpywei,qwen-manimator-1-grpo,AOS-GRPO,
,,811,4ejpywei,qwen-manimator-1-grpo,AOS-GRPO,
,,812,4ejpywei,qwen-manimator-1-grpo,AOS-GRPO,
,,813,4ejpywei,qwen-manimator-1-grpo,AOS-GRPO,
,,814,4ejpywei,qwen-manimator-1-grpo,AOS-GRPO,
,,815,4ejpywei,qwen-manimator-1-grpo,AOS-GRPO,
,,816,4ejpywei,qwen-manimator-1-grpo,AOS-GRPO,
,,817,4ejpywei,qwen-manimator-1-grpo,AOS-GRPO,
,,818,4ejpywei,qwen-manimator-1-grpo,AOS-GRPO,
,,819,4ejpywei,qwen-manimator-1-grpo,AOS-GRPO,
,,820,4ejpywei,qwen-manimator-1-grpo,AOS-GRPO,
,,821,4ejpywei,qwen-manimator-1-grpo,AOS-GRPO,
,,822,4ejpywei,qwen-manimator-1-grpo,AOS-GRPO,
,,823,4ejpywei,qwen-manimator-1-grpo,AOS-GRPO,
,,824,4ejpywei,qwen-manimator-1-grpo,AOS-GRPO,
,,825,4ejpywei,qwen-manimator-1-grpo,AOS-GRPO,
,,826,4ejpywei,qwen-manimator-1-grpo,AOS-GRPO,
,,827,4ejpywei,qwen-manimator-1-grpo,AOS-GRPO,
,,828,4ejpywei,qwen-manimator-1-grpo,AOS-GRPO,
,,829,4ejpywei,qwen-manimator-1-grpo,AOS-GRPO,
,,830,4ejpywei,qwen-manimator-1-grpo,AOS-GRPO,
,,831,4ejpywei,qwen-manimator-1-grpo,AOS-GRPO,
,,832,4ejpywei,qwen-manimator-1-grpo,AOS-GRPO,
,,833,4ejpywei,qwen-manimator-1-grpo,AOS-GRPO,
,,834,4ejpywei,qwen-manimator-1-grpo,AOS-GRPO,
,,835,4ejpywei,qwen-manimator-1-grpo,AOS-GRPO,
,,836,4ejpywei,qwen-manimator-1-grpo,AOS-GRPO,
,,837,4ejpywei,qwen-manimator-1-grpo,AOS-GRPO,
,,838,4ejpywei,qwen-manimator-1-grpo,AOS-GRPO,
,,839,4ejpywei,qwen-manimator-1-grpo,AOS-GRPO,
,,840,4ejpywei,qwen-manimator-1-grpo,AOS-GRPO,
,,841,4ejpywei,qwen-manimator-1-grpo,AOS-GRPO,
,,842,4ejpywei,qwen-manimator-1-grpo,AOS-GRPO,
,,843,4ejpywei,qwen-manimator-1-grpo,AOS-GRPO,
,,844,4ejpywei,qwen-manimator-1-grpo,AOS-GRPO,
,,845,4ejpywei,qwen-manimator-1-grpo,AOS-GRPO,
,,846,4ejpywei,qwen-manimator-1-grpo,AOS-GRPO,
,,847,4ejpywei,qwen-manimator-1-grpo,AOS-GRPO,
,,848,4ejpywei,qwen-manimator-1-grpo,AOS-GRPO,
,,849,4ejpywei,qwen-manimator-1-grpo,AOS-GRPO,
,,850,4ejpywei,qwen-manimator-1-grpo,AOS-GRPO,
4.612403100775194e-06,0.0,851,4ejpywei,qwen-manimator-1-grpo,AOS-GRPO,
,,852,4ejpywei,qwen-manimator-1-grpo,AOS-GRPO,
,,853,4ejpywei,qwen-manimator-1-grpo,AOS-GRPO,
,,854,4ejpywei,qwen-manimator-1-grpo,AOS-GRPO,
,,855,4ejpywei,qwen-manimator-1-grpo,AOS-GRPO,
,,856,4ejpywei,qwen-manimator-1-grpo,AOS-GRPO,
,,857,4ejpywei,qwen-manimator-1-grpo,AOS-GRPO,
,,858,4ejpywei,qwen-manimator-1-grpo,AOS-GRPO,
,,859,4ejpywei,qwen-manimator-1-grpo,AOS-GRPO,
,,860,4ejpywei,qwen-manimator-1-grpo,AOS-GRPO,
,,861,4ejpywei,qwen-manimator-1-grpo,AOS-GRPO,
,,862,4ejpywei,qwen-manimator-1-grpo,AOS-GRPO,
,,863,4ejpywei,qwen-manimator-1-grpo,AOS-GRPO,
,,864,4ejpywei,qwen-manimator-1-grpo,AOS-GRPO,
,,865,4ejpywei,qwen-manimator-1-grpo,AOS-GRPO,
,,866,4ejpywei,qwen-manimator-1-grpo,AOS-GRPO,
,,867,4ejpywei,qwen-manimator-1-grpo,AOS-GRPO,
,,868,4ejpywei,qwen-manimator-1-grpo,AOS-GRPO,
,,869,4ejpywei,qwen-manimator-1-grpo,AOS-GRPO,
,,870,4ejpywei,qwen-manimator-1-grpo,AOS-GRPO,
,,871,4ejpywei,qwen-manimator-1-grpo,AOS-GRPO,
,,872,4ejpywei,qwen-manimator-1-grpo,AOS-GRPO,
,,873,4ejpywei,qwen-manimator-1-grpo,AOS-GRPO,
,,874,4ejpywei,qwen-manimator-1-grpo,AOS-GRPO,
,,875,4ejpywei,qwen-manimator-1-grpo,AOS-GRPO,
,,876,4ejpywei,qwen-manimator-1-grpo,AOS-GRPO,
,,877,4ejpywei,qwen-manimator-1-grpo,AOS-GRPO,
,,878,4ejpywei,qwen-manimator-1-grpo,AOS-GRPO,
,,879,4ejpywei,qwen-manimator-1-grpo,AOS-GRPO,
,,880,4ejpywei,qwen-manimator-1-grpo,AOS-GRPO,
,,881,4ejpywei,qwen-manimator-1-grpo,AOS-GRPO,
,,882,4ejpywei,qwen-manimator-1-grpo,AOS-GRPO,
,,883,4ejpywei,qwen-manimator-1-grpo,AOS-GRPO,
,,884,4ejpywei,qwen-manimator-1-grpo,AOS-GRPO,
,,885,4ejpywei,qwen-manimator-1-grpo,AOS-GRPO,
,,886,4ejpywei,qwen-manimator-1-grpo,AOS-GRPO,
,,887,4ejpywei,qwen-manimator-1-grpo,AOS-GRPO,
,,888,4ejpywei,qwen-manimator-1-grpo,AOS-GRPO,
,,889,4ejpywei,qwen-manimator-1-grpo,AOS-GRPO,
,,890,4ejpywei,qwen-manimator-1-grpo,AOS-GRPO,
,,891,4ejpywei,qwen-manimator-1-grpo,AOS-GRPO,
,,892,4ejpywei,qwen-manimator-1-grpo,AOS-GRPO,
,,893,4ejpywei,qwen-manimator-1-grpo,AOS-GRPO,
,,894,4ejpywei,qwen-manimator-1-grpo,AOS-GRPO,
,,895,4ejpywei,qwen-manimator-1-grpo,AOS-GRPO,
,,896,4ejpywei,qwen-manimator-1-grpo,AOS-GRPO,
,,897,4ejpywei,qwen-manimator-1-grpo,AOS-GRPO,
,,898,4ejpywei,qwen-manimator-1-grpo,AOS-GRPO,
,,899,4ejpywei,qwen-manimator-1-grpo,AOS-GRPO,
,,900,4ejpywei,qwen-manimator-1-grpo,AOS-GRPO,
,,901,4ejpywei,qwen-manimator-1-grpo,AOS-GRPO,
,,902,4ejpywei,qwen-manimator-1-grpo,AOS-GRPO,
,,903,4ejpywei,qwen-manimator-1-grpo,AOS-GRPO,
,,904,4ejpywei,qwen-manimator-1-grpo,AOS-GRPO,
,,905,4ejpywei,qwen-manimator-1-grpo,AOS-GRPO,
,,906,4ejpywei,qwen-manimator-1-grpo,AOS-GRPO,
,,907,4ejpywei,qwen-manimator-1-grpo,AOS-GRPO,
,,908,4ejpywei,qwen-manimator-1-grpo,AOS-GRPO,
,,909,4ejpywei,qwen-manimator-1-grpo,AOS-GRPO,
,,910,4ejpywei,qwen-manimator-1-grpo,AOS-GRPO,
,,911,4ejpywei,qwen-manimator-1-grpo,AOS-GRPO,
,,912,4ejpywei,qwen-manimator-1-grpo,AOS-GRPO,
,,913,4ejpywei,qwen-manimator-1-grpo,AOS-GRPO,
,,914,4ejpywei,qwen-manimator-1-grpo,AOS-GRPO,
,,915,4ejpywei,qwen-manimator-1-grpo,AOS-GRPO,
,,916,4ejpywei,qwen-manimator-1-grpo,AOS-GRPO,
,,917,4ejpywei,qwen-manimator-1-grpo,AOS-GRPO,
,,918,4ejpywei,qwen-manimator-1-grpo,AOS-GRPO,
,,919,4ejpywei,qwen-manimator-1-grpo,AOS-GRPO,
,,920,4ejpywei,qwen-manimator-1-grpo,AOS-GRPO,
,,921,4ejpywei,qwen-manimator-1-grpo,AOS-GRPO,
5e-06,0.0,922,4ejpywei,qwen-manimator-1-grpo,AOS-GRPO,
,,923,4ejpywei,qwen-manimator-1-grpo,AOS-GRPO,
,,924,4ejpywei,qwen-manimator-1-grpo,AOS-GRPO,
,,925,4ejpywei,qwen-manimator-1-grpo,AOS-GRPO,
,,926,4ejpywei,qwen-manimator-1-grpo,AOS-GRPO,
,,927,4ejpywei,qwen-manimator-1-grpo,AOS-GRPO,
,,928,4ejpywei,qwen-manimator-1-grpo,AOS-GRPO,
,,929,4ejpywei,qwen-manimator-1-grpo,AOS-GRPO,
,,930,4ejpywei,qwen-manimator-1-grpo,AOS-GRPO,
,,931,4ejpywei,qwen-manimator-1-grpo,AOS-GRPO,
,,932,4ejpywei,qwen-manimator-1-grpo,AOS-GRPO,
,,933,4ejpywei,qwen-manimator-1-grpo,AOS-GRPO,
,,934,4ejpywei,qwen-manimator-1-grpo,AOS-GRPO,
,,935,4ejpywei,qwen-manimator-1-grpo,AOS-GRPO,
,,936,4ejpywei,qwen-manimator-1-grpo,AOS-GRPO,
,,937,4ejpywei,qwen-manimator-1-grpo,AOS-GRPO,
,,938,4ejpywei,qwen-manimator-1-grpo,AOS-GRPO,
,,939,4ejpywei,qwen-manimator-1-grpo,AOS-GRPO,
,,940,4ejpywei,qwen-manimator-1-grpo,AOS-GRPO,
,,941,4ejpywei,qwen-manimator-1-grpo,AOS-GRPO,
,,942,4ejpywei,qwen-manimator-1-grpo,AOS-GRPO,
,,943,4ejpywei,qwen-manimator-1-grpo,AOS-GRPO,
,,944,4ejpywei,qwen-manimator-1-grpo,AOS-GRPO,
,,945,4ejpywei,qwen-manimator-1-grpo,AOS-GRPO,
,,946,4ejpywei,qwen-manimator-1-grpo,AOS-GRPO,
,,947,4ejpywei,qwen-manimator-1-grpo,AOS-GRPO,
,,948,4ejpywei,qwen-manimator-1-grpo,AOS-GRPO,
,,949,4ejpywei,qwen-manimator-1-grpo,AOS-GRPO,
,,950,4ejpywei,qwen-manimator-1-grpo,AOS-GRPO,
,,951,4ejpywei,qwen-manimator-1-grpo,AOS-GRPO,
,,952,4ejpywei,qwen-manimator-1-grpo,AOS-GRPO,
,,953,4ejpywei,qwen-manimator-1-grpo,AOS-GRPO,
,,954,4ejpywei,qwen-manimator-1-grpo,AOS-GRPO,
,,955,4ejpywei,qwen-manimator-1-grpo,AOS-GRPO,
,,956,4ejpywei,qwen-manimator-1-grpo,AOS-GRPO,
,,957,4ejpywei,qwen-manimator-1-grpo,AOS-GRPO,
,,958,4ejpywei,qwen-manimator-1-grpo,AOS-GRPO,
,,959,4ejpywei,qwen-manimator-1-grpo,AOS-GRPO,
,,960,4ejpywei,qwen-manimator-1-grpo,AOS-GRPO,
,,961,4ejpywei,qwen-manimator-1-grpo,AOS-GRPO,
,,962,4ejpywei,qwen-manimator-1-grpo,AOS-GRPO,
,,963,4ejpywei,qwen-manimator-1-grpo,AOS-GRPO,
,,964,4ejpywei,qwen-manimator-1-grpo,AOS-GRPO,
,,965,4ejpywei,qwen-manimator-1-grpo,AOS-GRPO,
,,966,4ejpywei,qwen-manimator-1-grpo,AOS-GRPO,
,,967,4ejpywei,qwen-manimator-1-grpo,AOS-GRPO,
,,968,4ejpywei,qwen-manimator-1-grpo,AOS-GRPO,
,,969,4ejpywei,qwen-manimator-1-grpo,AOS-GRPO,
,,970,4ejpywei,qwen-manimator-1-grpo,AOS-GRPO,
,,971,4ejpywei,qwen-manimator-1-grpo,AOS-GRPO,
,,972,4ejpywei,qwen-manimator-1-grpo,AOS-GRPO,
,,973,4ejpywei,qwen-manimator-1-grpo,AOS-GRPO,
,,974,4ejpywei,qwen-manimator-1-grpo,AOS-GRPO,
,,975,4ejpywei,qwen-manimator-1-grpo,AOS-GRPO,
,,976,4ejpywei,qwen-manimator-1-grpo,AOS-GRPO,
,,977,4ejpywei,qwen-manimator-1-grpo,AOS-GRPO,
,,978,4ejpywei,qwen-manimator-1-grpo,AOS-GRPO,
,,979,4ejpywei,qwen-manimator-1-grpo,AOS-GRPO,
,,980,4ejpywei,qwen-manimator-1-grpo,AOS-GRPO,
,,981,4ejpywei,qwen-manimator-1-grpo,AOS-GRPO,
,,982,4ejpywei,qwen-manimator-1-grpo,AOS-GRPO,
,,983,4ejpywei,qwen-manimator-1-grpo,AOS-GRPO,
,,984,4ejpywei,qwen-manimator-1-grpo,AOS-GRPO,
,,985,4ejpywei,qwen-manimator-1-grpo,AOS-GRPO,
,,986,4ejpywei,qwen-manimator-1-grpo,AOS-GRPO,
,,987,4ejpywei,qwen-manimator-1-grpo,AOS-GRPO,
,,988,4ejpywei,qwen-manimator-1-grpo,AOS-GRPO,
,,989,4ejpywei,qwen-manimator-1-grpo,AOS-GRPO,
,,990,4ejpywei,qwen-manimator-1-grpo,AOS-GRPO,
,,991,4ejpywei,qwen-manimator-1-grpo,AOS-GRPO,
,,992,4ejpywei,qwen-manimator-1-grpo,AOS-GRPO,
5.3875968992248065e-06,-0.0479,993,4ejpywei,qwen-manimator-1-grpo,AOS-GRPO,
,,994,4ejpywei,qwen-manimator-1-grpo,AOS-GRPO,
,,995,4ejpywei,qwen-manimator-1-grpo,AOS-GRPO,
,,996,4ejpywei,qwen-manimator-1-grpo,AOS-GRPO,
,,997,4ejpywei,qwen-manimator-1-grpo,AOS-GRPO,
,,998,4ejpywei,qwen-manimator-1-grpo,AOS-GRPO,
,,999,4ejpywei,qwen-manimator-1-grpo,AOS-GRPO,
,,1000,4ejpywei,qwen-manimator-1-grpo,AOS-GRPO,
,,1001,4ejpywei,qwen-manimator-1-grpo,AOS-GRPO,
,,1002,4ejpywei,qwen-manimator-1-grpo,AOS-GRPO,
,,1003,4ejpywei,qwen-manimator-1-grpo,AOS-GRPO,
,,1004,4ejpywei,qwen-manimator-1-grpo,AOS-GRPO,
,,1005,4ejpywei,qwen-manimator-1-grpo,AOS-GRPO,
,,1006,4ejpywei,qwen-manimator-1-grpo,AOS-GRPO,
,,1007,4ejpywei,qwen-manimator-1-grpo,AOS-GRPO,
,,1008,4ejpywei,qwen-manimator-1-grpo,AOS-GRPO,
,,1009,4ejpywei,qwen-manimator-1-grpo,AOS-GRPO,
,,1010,4ejpywei,qwen-manimator-1-grpo,AOS-GRPO,
,,1011,4ejpywei,qwen-manimator-1-grpo,AOS-GRPO,
,,1012,4ejpywei,qwen-manimator-1-grpo,AOS-GRPO,
,,1013,4ejpywei,qwen-manimator-1-grpo,AOS-GRPO,
,,1014,4ejpywei,qwen-manimator-1-grpo,AOS-GRPO,
,,1015,4ejpywei,qwen-manimator-1-grpo,AOS-GRPO,
,,1016,4ejpywei,qwen-manimator-1-grpo,AOS-GRPO,
,,1017,4ejpywei,qwen-manimator-1-grpo,AOS-GRPO,
,,1018,4ejpywei,qwen-manimator-1-grpo,AOS-GRPO,
,,1019,4ejpywei,qwen-manimator-1-grpo,AOS-GRPO,
,,1020,4ejpywei,qwen-manimator-1-grpo,AOS-GRPO,
,,1021,4ejpywei,qwen-manimator-1-grpo,AOS-GRPO,
,,1022,4ejpywei,qwen-manimator-1-grpo,AOS-GRPO,
,,1023,4ejpywei,qwen-manimator-1-grpo,AOS-GRPO,
,,1024,4ejpywei,qwen-manimator-1-grpo,AOS-GRPO,
,,1025,4ejpywei,qwen-manimator-1-grpo,AOS-GRPO,
,,1026,4ejpywei,qwen-manimator-1-grpo,AOS-GRPO,
,,1027,4ejpywei,qwen-manimator-1-grpo,AOS-GRPO,
,,1028,4ejpywei,qwen-manimator-1-grpo,AOS-GRPO,
,,1029,4ejpywei,qwen-manimator-1-grpo,AOS-GRPO,
,,1030,4ejpywei,qwen-manimator-1-grpo,AOS-GRPO,
,,1031,4ejpywei,qwen-manimator-1-grpo,AOS-GRPO,
,,1032,4ejpywei,qwen-manimator-1-grpo,AOS-GRPO,
,,1033,4ejpywei,qwen-manimator-1-grpo,AOS-GRPO,
,,1034,4ejpywei,qwen-manimator-1-grpo,AOS-GRPO,
,,1035,4ejpywei,qwen-manimator-1-grpo,AOS-GRPO,
,,1036,4ejpywei,qwen-manimator-1-grpo,AOS-GRPO,
,,1037,4ejpywei,qwen-manimator-1-grpo,AOS-GRPO,
,,1038,4ejpywei,qwen-manimator-1-grpo,AOS-GRPO,
,,1039,4ejpywei,qwen-manimator-1-grpo,AOS-GRPO,
,,1040,4ejpywei,qwen-manimator-1-grpo,AOS-GRPO,
,,1041,4ejpywei,qwen-manimator-1-grpo,AOS-GRPO,
,,1042,4ejpywei,qwen-manimator-1-grpo,AOS-GRPO,
,,1043,4ejpywei,qwen-manimator-1-grpo,AOS-GRPO,
,,1044,4ejpywei,qwen-manimator-1-grpo,AOS-GRPO,
,,1045,4ejpywei,qwen-manimator-1-grpo,AOS-GRPO,
,,1046,4ejpywei,qwen-manimator-1-grpo,AOS-GRPO,
,,1047,4ejpywei,qwen-manimator-1-grpo,AOS-GRPO,
,,1048,4ejpywei,qwen-manimator-1-grpo,AOS-GRPO,
,,1049,4ejpywei,qwen-manimator-1-grpo,AOS-GRPO,
,,1050,4ejpywei,qwen-manimator-1-grpo,AOS-GRPO,
,,1051,4ejpywei,qwen-manimator-1-grpo,AOS-GRPO,
,,1052,4ejpywei,qwen-manimator-1-grpo,AOS-GRPO,
,,1053,4ejpywei,qwen-manimator-1-grpo,AOS-GRPO,
,,1054,4ejpywei,qwen-manimator-1-grpo,AOS-GRPO,
,,1055,4ejpywei,qwen-manimator-1-grpo,AOS-GRPO,
,,1056,4ejpywei,qwen-manimator-1-grpo,AOS-GRPO,
,,1057,4ejpywei,qwen-manimator-1-grpo,AOS-GRPO,
,,1058,4ejpywei,qwen-manimator-1-grpo,AOS-GRPO,
,,1059,4ejpywei,qwen-manimator-1-grpo,AOS-GRPO,
,,1060,4ejpywei,qwen-manimator-1-grpo,AOS-GRPO,
,,1061,4ejpywei,qwen-manimator-1-grpo,AOS-GRPO,
,,1062,4ejpywei,qwen-manimator-1-grpo,AOS-GRPO,
,,1063,4ejpywei,qwen-manimator-1-grpo,AOS-GRPO,
5.775193798449613e-06,0.0,1064,4ejpywei,qwen-manimator-1-grpo,AOS-GRPO,
,,1065,4ejpywei,qwen-manimator-1-grpo,AOS-GRPO,
,,1066,4ejpywei,qwen-manimator-1-grpo,AOS-GRPO,
,,1067,4ejpywei,qwen-manimator-1-grpo,AOS-GRPO,
,,1068,4ejpywei,qwen-manimator-1-grpo,AOS-GRPO,
,,1069,4ejpywei,qwen-manimator-1-grpo,AOS-GRPO,
,,1070,4ejpywei,qwen-manimator-1-grpo,AOS-GRPO,
,,1071,4ejpywei,qwen-manimator-1-grpo,AOS-GRPO,
,,1072,4ejpywei,qwen-manimator-1-grpo,AOS-GRPO,
,,1073,4ejpywei,qwen-manimator-1-grpo,AOS-GRPO,
,,1074,4ejpywei,qwen-manimator-1-grpo,AOS-GRPO,
,,1075,4ejpywei,qwen-manimator-1-grpo,AOS-GRPO,
,,1076,4ejpywei,qwen-manimator-1-grpo,AOS-GRPO,
,,1077,4ejpywei,qwen-manimator-1-grpo,AOS-GRPO,
,,1078,4ejpywei,qwen-manimator-1-grpo,AOS-GRPO,
,,1079,4ejpywei,qwen-manimator-1-grpo,AOS-GRPO,
,,1080,4ejpywei,qwen-manimator-1-grpo,AOS-GRPO,
,,1081,4ejpywei,qwen-manimator-1-grpo,AOS-GRPO,
,,1082,4ejpywei,qwen-manimator-1-grpo,AOS-GRPO,
,,1083,4ejpywei,qwen-manimator-1-grpo,AOS-GRPO,
,,1084,4ejpywei,qwen-manimator-1-grpo,AOS-GRPO,
,,1085,4ejpywei,qwen-manimator-1-grpo,AOS-GRPO,
,,1086,4ejpywei,qwen-manimator-1-grpo,AOS-GRPO,
,,0,mm44yczd,qwen-manimator-1-grpo,AOS-GRPO,
,,1,mm44yczd,qwen-manimator-1-grpo,AOS-GRPO,
,,2,mm44yczd,qwen-manimator-1-grpo,AOS-GRPO,
,,3,mm44yczd,qwen-manimator-1-grpo,AOS-GRPO,
,,4,mm44yczd,qwen-manimator-1-grpo,AOS-GRPO,
,,5,mm44yczd,qwen-manimator-1-grpo,AOS-GRPO,
,,6,mm44yczd,qwen-manimator-1-grpo,AOS-GRPO,
,,7,mm44yczd,qwen-manimator-1-grpo,AOS-GRPO,
,,8,mm44yczd,qwen-manimator-1-grpo,AOS-GRPO,
,,9,mm44yczd,qwen-manimator-1-grpo,AOS-GRPO,
,,10,mm44yczd,qwen-manimator-1-grpo,AOS-GRPO,
,,11,mm44yczd,qwen-manimator-1-grpo,AOS-GRPO,
,,12,mm44yczd,qwen-manimator-1-grpo,AOS-GRPO,
,,13,mm44yczd,qwen-manimator-1-grpo,AOS-GRPO,
,,14,mm44yczd,qwen-manimator-1-grpo,AOS-GRPO,
,,15,mm44yczd,qwen-manimator-1-grpo,AOS-GRPO,
,,16,mm44yczd,qwen-manimator-1-grpo,AOS-GRPO,
,,17,mm44yczd,qwen-manimator-1-grpo,AOS-GRPO,
,,18,mm44yczd,qwen-manimator-1-grpo,AOS-GRPO,
,,19,mm44yczd,qwen-manimator-1-grpo,AOS-GRPO,
,,20,mm44yczd,qwen-manimator-1-grpo,AOS-GRPO,
,,21,mm44yczd,qwen-manimator-1-grpo,AOS-GRPO,
,,22,mm44yczd,qwen-manimator-1-grpo,AOS-GRPO,
,,23,mm44yczd,qwen-manimator-1-grpo,AOS-GRPO,
,,24,mm44yczd,qwen-manimator-1-grpo,AOS-GRPO,
,,25,mm44yczd,qwen-manimator-1-grpo,AOS-GRPO,
,,26,mm44yczd,qwen-manimator-1-grpo,AOS-GRPO,
,,27,mm44yczd,qwen-manimator-1-grpo,AOS-GRPO,
,,28,mm44yczd,qwen-manimator-1-grpo,AOS-GRPO,
,,29,mm44yczd,qwen-manimator-1-grpo,AOS-GRPO,
,,30,mm44yczd,qwen-manimator-1-grpo,AOS-GRPO,
,,31,mm44yczd,qwen-manimator-1-grpo,AOS-GRPO,
,,32,mm44yczd,qwen-manimator-1-grpo,AOS-GRPO,
,,33,mm44yczd,qwen-manimator-1-grpo,AOS-GRPO,
,,34,mm44yczd,qwen-manimator-1-grpo,AOS-GRPO,
,,35,mm44yczd,qwen-manimator-1-grpo,AOS-GRPO,
,,36,mm44yczd,qwen-manimator-1-grpo,AOS-GRPO,
,,37,mm44yczd,qwen-manimator-1-grpo,AOS-GRPO,
,,38,mm44yczd,qwen-manimator-1-grpo,AOS-GRPO,
,,39,mm44yczd,qwen-manimator-1-grpo,AOS-GRPO,
,,40,mm44yczd,qwen-manimator-1-grpo,AOS-GRPO,
,,41,mm44yczd,qwen-manimator-1-grpo,AOS-GRPO,
,,42,mm44yczd,qwen-manimator-1-grpo,AOS-GRPO,
,,43,mm44yczd,qwen-manimator-1-grpo,AOS-GRPO,
,,44,mm44yczd,qwen-manimator-1-grpo,AOS-GRPO,
,,45,mm44yczd,qwen-manimator-1-grpo,AOS-GRPO,
,,46,mm44yczd,qwen-manimator-1-grpo,AOS-GRPO,
,,47,mm44yczd,qwen-manimator-1-grpo,AOS-GRPO,
,,48,mm44yczd,qwen-manimator-1-grpo,AOS-GRPO,
,,49,mm44yczd,qwen-manimator-1-grpo,AOS-GRPO,
,,50,mm44yczd,qwen-manimator-1-grpo,AOS-GRPO,
,,51,mm44yczd,qwen-manimator-1-grpo,AOS-GRPO,
,,52,mm44yczd,qwen-manimator-1-grpo,AOS-GRPO,
,,53,mm44yczd,qwen-manimator-1-grpo,AOS-GRPO,
,,54,mm44yczd,qwen-manimator-1-grpo,AOS-GRPO,
,,55,mm44yczd,qwen-manimator-1-grpo,AOS-GRPO,
,,56,mm44yczd,qwen-manimator-1-grpo,AOS-GRPO,
,,57,mm44yczd,qwen-manimator-1-grpo,AOS-GRPO,
,,58,mm44yczd,qwen-manimator-1-grpo,AOS-GRPO,
,,59,mm44yczd,qwen-manimator-1-grpo,AOS-GRPO,
,,60,mm44yczd,qwen-manimator-1-grpo,AOS-GRPO,
,,61,mm44yczd,qwen-manimator-1-grpo,AOS-GRPO,
,,62,mm44yczd,qwen-manimator-1-grpo,AOS-GRPO,
,,63,mm44yczd,qwen-manimator-1-grpo,AOS-GRPO,
,,64,mm44yczd,qwen-manimator-1-grpo,AOS-GRPO,
,,65,mm44yczd,qwen-manimator-1-grpo,AOS-GRPO,
,,66,mm44yczd,qwen-manimator-1-grpo,AOS-GRPO,
,,67,mm44yczd,qwen-manimator-1-grpo,AOS-GRPO,
,,68,mm44yczd,qwen-manimator-1-grpo,AOS-GRPO,
,,69,mm44yczd,qwen-manimator-1-grpo,AOS-GRPO,
3.4883720930232557e-07,0.0,70,mm44yczd,qwen-manimator-1-grpo,AOS-GRPO,
,,71,mm44yczd,qwen-manimator-1-grpo,AOS-GRPO,
,,72,mm44yczd,qwen-manimator-1-grpo,AOS-GRPO,
,,73,mm44yczd,qwen-manimator-1-grpo,AOS-GRPO,
,,74,mm44yczd,qwen-manimator-1-grpo,AOS-GRPO,
,,75,mm44yczd,qwen-manimator-1-grpo,AOS-GRPO,
,,76,mm44yczd,qwen-manimator-1-grpo,AOS-GRPO,
,,77,mm44yczd,qwen-manimator-1-grpo,AOS-GRPO,
,,78,mm44yczd,qwen-manimator-1-grpo,AOS-GRPO,
,,79,mm44yczd,qwen-manimator-1-grpo,AOS-GRPO,
,,80,mm44yczd,qwen-manimator-1-grpo,AOS-GRPO,
,,81,mm44yczd,qwen-manimator-1-grpo,AOS-GRPO,
,,82,mm44yczd,qwen-manimator-1-grpo,AOS-GRPO,
,,83,mm44yczd,qwen-manimator-1-grpo,AOS-GRPO,
,,84,mm44yczd,qwen-manimator-1-grpo,AOS-GRPO,
,,85,mm44yczd,qwen-manimator-1-grpo,AOS-GRPO,
,,86,mm44yczd,qwen-manimator-1-grpo,AOS-GRPO,
,,87,mm44yczd,qwen-manimator-1-grpo,AOS-GRPO,
,,88,mm44yczd,qwen-manimator-1-grpo,AOS-GRPO,
,,89,mm44yczd,qwen-manimator-1-grpo,AOS-GRPO,
,,90,mm44yczd,qwen-manimator-1-grpo,AOS-GRPO,
,,91,mm44yczd,qwen-manimator-1-grpo,AOS-GRPO,
,,0,jvqnjr59,qwen-manimator-1-grpo,AOS-GRPO,
,,1,jvqnjr59,qwen-manimator-1-grpo,AOS-GRPO,
,,2,jvqnjr59,qwen-manimator-1-grpo,AOS-GRPO,
,,3,jvqnjr59,qwen-manimator-1-grpo,AOS-GRPO,
,,4,jvqnjr59,qwen-manimator-1-grpo,AOS-GRPO,
,,5,jvqnjr59,qwen-manimator-1-grpo,AOS-GRPO,
,,6,jvqnjr59,qwen-manimator-1-grpo,AOS-GRPO,
,,7,jvqnjr59,qwen-manimator-1-grpo,AOS-GRPO,
,,8,jvqnjr59,qwen-manimator-1-grpo,AOS-GRPO,
,,9,jvqnjr59,qwen-manimator-1-grpo,AOS-GRPO,
,,10,jvqnjr59,qwen-manimator-1-grpo,AOS-GRPO,
,,11,jvqnjr59,qwen-manimator-1-grpo,AOS-GRPO,
,,12,jvqnjr59,qwen-manimator-1-grpo,AOS-GRPO,
,,13,jvqnjr59,qwen-manimator-1-grpo,AOS-GRPO,
3.875968992248062e-08,0.0,14,jvqnjr59,qwen-manimator-1-grpo,AOS-GRPO,
,,15,jvqnjr59,qwen-manimator-1-grpo,AOS-GRPO,
,,16,jvqnjr59,qwen-manimator-1-grpo,AOS-GRPO,
,,17,jvqnjr59,qwen-manimator-1-grpo,AOS-GRPO,
,,18,jvqnjr59,qwen-manimator-1-grpo,AOS-GRPO,
,,19,jvqnjr59,qwen-manimator-1-grpo,AOS-GRPO,
,,20,jvqnjr59,qwen-manimator-1-grpo,AOS-GRPO,
,,21,jvqnjr59,qwen-manimator-1-grpo,AOS-GRPO,
,,22,jvqnjr59,qwen-manimator-1-grpo,AOS-GRPO,
,,23,jvqnjr59,qwen-manimator-1-grpo,AOS-GRPO,
,,24,jvqnjr59,qwen-manimator-1-grpo,AOS-GRPO,
,,25,jvqnjr59,qwen-manimator-1-grpo,AOS-GRPO,
,,26,jvqnjr59,qwen-manimator-1-grpo,AOS-GRPO,
,,27,jvqnjr59,qwen-manimator-1-grpo,AOS-GRPO,
,,28,jvqnjr59,qwen-manimator-1-grpo,AOS-GRPO,
1.1627906976744187e-07,0.0,29,jvqnjr59,qwen-manimator-1-grpo,AOS-GRPO,
,,30,jvqnjr59,qwen-manimator-1-grpo,AOS-GRPO,
,,31,jvqnjr59,qwen-manimator-1-grpo,AOS-GRPO,
,,32,jvqnjr59,qwen-manimator-1-grpo,AOS-GRPO,
,,33,jvqnjr59,qwen-manimator-1-grpo,AOS-GRPO,
,,34,jvqnjr59,qwen-manimator-1-grpo,AOS-GRPO,
,,35,jvqnjr59,qwen-manimator-1-grpo,AOS-GRPO,
,,36,jvqnjr59,qwen-manimator-1-grpo,AOS-GRPO,
,,37,jvqnjr59,qwen-manimator-1-grpo,AOS-GRPO,
,,38,jvqnjr59,qwen-manimator-1-grpo,AOS-GRPO,
,,39,jvqnjr59,qwen-manimator-1-grpo,AOS-GRPO,
,,40,jvqnjr59,qwen-manimator-1-grpo,AOS-GRPO,
,,41,jvqnjr59,qwen-manimator-1-grpo,AOS-GRPO,
,,42,jvqnjr59,qwen-manimator-1-grpo,AOS-GRPO,
,,43,jvqnjr59,qwen-manimator-1-grpo,AOS-GRPO,
1.9379844961240311e-07,0.0,44,jvqnjr59,qwen-manimator-1-grpo,AOS-GRPO,
,,45,jvqnjr59,qwen-manimator-1-grpo,AOS-GRPO,
,,46,jvqnjr59,qwen-manimator-1-grpo,AOS-GRPO,
,,47,jvqnjr59,qwen-manimator-1-grpo,AOS-GRPO,
,,48,jvqnjr59,qwen-manimator-1-grpo,AOS-GRPO,
,,49,jvqnjr59,qwen-manimator-1-grpo,AOS-GRPO,
,,50,jvqnjr59,qwen-manimator-1-grpo,AOS-GRPO,
,,51,jvqnjr59,qwen-manimator-1-grpo,AOS-GRPO,
,,52,jvqnjr59,qwen-manimator-1-grpo,AOS-GRPO,
,,53,jvqnjr59,qwen-manimator-1-grpo,AOS-GRPO,
,,54,jvqnjr59,qwen-manimator-1-grpo,AOS-GRPO,
,,55,jvqnjr59,qwen-manimator-1-grpo,AOS-GRPO,
,,56,jvqnjr59,qwen-manimator-1-grpo,AOS-GRPO,
,,57,jvqnjr59,qwen-manimator-1-grpo,AOS-GRPO,
,,58,jvqnjr59,qwen-manimator-1-grpo,AOS-GRPO,
2.7131782945736437e-07,0.0,59,jvqnjr59,qwen-manimator-1-grpo,AOS-GRPO,
,,60,jvqnjr59,qwen-manimator-1-grpo,AOS-GRPO,
,,61,jvqnjr59,qwen-manimator-1-grpo,AOS-GRPO,
,,62,jvqnjr59,qwen-manimator-1-grpo,AOS-GRPO,
,,63,jvqnjr59,qwen-manimator-1-grpo,AOS-GRPO,
,,64,jvqnjr59,qwen-manimator-1-grpo,AOS-GRPO,
,,65,jvqnjr59,qwen-manimator-1-grpo,AOS-GRPO,
,,66,jvqnjr59,qwen-manimator-1-grpo,AOS-GRPO,
,,67,jvqnjr59,qwen-manimator-1-grpo,AOS-GRPO,
,,68,jvqnjr59,qwen-manimator-1-grpo,AOS-GRPO,
,,69,jvqnjr59,qwen-manimator-1-grpo,AOS-GRPO,
,,70,jvqnjr59,qwen-manimator-1-grpo,AOS-GRPO,
,,71,jvqnjr59,qwen-manimator-1-grpo,AOS-GRPO,
,,72,jvqnjr59,qwen-manimator-1-grpo,AOS-GRPO,
,,73,jvqnjr59,qwen-manimator-1-grpo,AOS-GRPO,
3.4883720930232557e-07,0.0,74,jvqnjr59,qwen-manimator-1-grpo,AOS-GRPO,
,,75,jvqnjr59,qwen-manimator-1-grpo,AOS-GRPO,
,,76,jvqnjr59,qwen-manimator-1-grpo,AOS-GRPO,
,,77,jvqnjr59,qwen-manimator-1-grpo,AOS-GRPO,
,,78,jvqnjr59,qwen-manimator-1-grpo,AOS-GRPO,
,,79,jvqnjr59,qwen-manimator-1-grpo,AOS-GRPO,
,,80,jvqnjr59,qwen-manimator-1-grpo,AOS-GRPO,
,,81,jvqnjr59,qwen-manimator-1-grpo,AOS-GRPO,
,,82,jvqnjr59,qwen-manimator-1-grpo,AOS-GRPO,
,,83,jvqnjr59,qwen-manimator-1-grpo,AOS-GRPO,
,,84,jvqnjr59,qwen-manimator-1-grpo,AOS-GRPO,
,,85,jvqnjr59,qwen-manimator-1-grpo,AOS-GRPO,
,,86,jvqnjr59,qwen-manimator-1-grpo,AOS-GRPO,
,,87,jvqnjr59,qwen-manimator-1-grpo,AOS-GRPO,
,,88,jvqnjr59,qwen-manimator-1-grpo,AOS-GRPO,
4.2635658914728683e-07,0.0,89,jvqnjr59,qwen-manimator-1-grpo,AOS-GRPO,
,,90,jvqnjr59,qwen-manimator-1-grpo,AOS-GRPO,
,,91,jvqnjr59,qwen-manimator-1-grpo,AOS-GRPO,
,,92,jvqnjr59,qwen-manimator-1-grpo,AOS-GRPO,
,,93,jvqnjr59,qwen-manimator-1-grpo,AOS-GRPO,
,,94,jvqnjr59,qwen-manimator-1-grpo,AOS-GRPO,
,,95,jvqnjr59,qwen-manimator-1-grpo,AOS-GRPO,
,,96,jvqnjr59,qwen-manimator-1-grpo,AOS-GRPO,
,,97,jvqnjr59,qwen-manimator-1-grpo,AOS-GRPO,
,,98,jvqnjr59,qwen-manimator-1-grpo,AOS-GRPO,
,,99,jvqnjr59,qwen-manimator-1-grpo,AOS-GRPO,
,,100,jvqnjr59,qwen-manimator-1-grpo,AOS-GRPO,
,,101,jvqnjr59,qwen-manimator-1-grpo,AOS-GRPO,
,,102,jvqnjr59,qwen-manimator-1-grpo,AOS-GRPO,
,,103,jvqnjr59,qwen-manimator-1-grpo,AOS-GRPO,
5.038759689922481e-07,0.0018,104,jvqnjr59,qwen-manimator-1-grpo,AOS-GRPO,
,,105,jvqnjr59,qwen-manimator-1-grpo,AOS-GRPO,
,,106,jvqnjr59,qwen-manimator-1-grpo,AOS-GRPO,
,,107,jvqnjr59,qwen-manimator-1-grpo,AOS-GRPO,
,,108,jvqnjr59,qwen-manimator-1-grpo,AOS-GRPO,
,,109,jvqnjr59,qwen-manimator-1-grpo,AOS-GRPO,
,,110,jvqnjr59,qwen-manimator-1-grpo,AOS-GRPO,
,,111,jvqnjr59,qwen-manimator-1-grpo,AOS-GRPO,
,,112,jvqnjr59,qwen-manimator-1-grpo,AOS-GRPO,
,,113,jvqnjr59,qwen-manimator-1-grpo,AOS-GRPO,
,,114,jvqnjr59,qwen-manimator-1-grpo,AOS-GRPO,
,,115,jvqnjr59,qwen-manimator-1-grpo,AOS-GRPO,
,,116,jvqnjr59,qwen-manimator-1-grpo,AOS-GRPO,
,,117,jvqnjr59,qwen-manimator-1-grpo,AOS-GRPO,
,,118,jvqnjr59,qwen-manimator-1-grpo,AOS-GRPO,
5.813953488372093e-07,0.0,119,jvqnjr59,qwen-manimator-1-grpo,AOS-GRPO,
,,120,jvqnjr59,qwen-manimator-1-grpo,AOS-GRPO,
,,121,jvqnjr59,qwen-manimator-1-grpo,AOS-GRPO,
,,122,jvqnjr59,qwen-manimator-1-grpo,AOS-GRPO,
,,123,jvqnjr59,qwen-manimator-1-grpo,AOS-GRPO,
,,124,jvqnjr59,qwen-manimator-1-grpo,AOS-GRPO,
,,125,jvqnjr59,qwen-manimator-1-grpo,AOS-GRPO,
,,126,jvqnjr59,qwen-manimator-1-grpo,AOS-GRPO,
,,127,jvqnjr59,qwen-manimator-1-grpo,AOS-GRPO,
,,128,jvqnjr59,qwen-manimator-1-grpo,AOS-GRPO,
,,129,jvqnjr59,qwen-manimator-1-grpo,AOS-GRPO,
,,130,jvqnjr59,qwen-manimator-1-grpo,AOS-GRPO,
,,131,jvqnjr59,qwen-manimator-1-grpo,AOS-GRPO,
,,132,jvqnjr59,qwen-manimator-1-grpo,AOS-GRPO,
,,133,jvqnjr59,qwen-manimator-1-grpo,AOS-GRPO,
6.589147286821706e-07,0.0,134,jvqnjr59,qwen-manimator-1-grpo,AOS-GRPO,
,,135,jvqnjr59,qwen-manimator-1-grpo,AOS-GRPO,
,,136,jvqnjr59,qwen-manimator-1-grpo,AOS-GRPO,
,,137,jvqnjr59,qwen-manimator-1-grpo,AOS-GRPO,
,,138,jvqnjr59,qwen-manimator-1-grpo,AOS-GRPO,
,,139,jvqnjr59,qwen-manimator-1-grpo,AOS-GRPO,
,,140,jvqnjr59,qwen-manimator-1-grpo,AOS-GRPO,
,,141,jvqnjr59,qwen-manimator-1-grpo,AOS-GRPO,
,,142,jvqnjr59,qwen-manimator-1-grpo,AOS-GRPO,
,,143,jvqnjr59,qwen-manimator-1-grpo,AOS-GRPO,
,,144,jvqnjr59,qwen-manimator-1-grpo,AOS-GRPO,
,,145,jvqnjr59,qwen-manimator-1-grpo,AOS-GRPO,
,,146,jvqnjr59,qwen-manimator-1-grpo,AOS-GRPO,
,,147,jvqnjr59,qwen-manimator-1-grpo,AOS-GRPO,
,,148,jvqnjr59,qwen-manimator-1-grpo,AOS-GRPO,
7.364341085271318e-07,0.0,149,jvqnjr59,qwen-manimator-1-grpo,AOS-GRPO,
,,150,jvqnjr59,qwen-manimator-1-grpo,AOS-GRPO,
,,151,jvqnjr59,qwen-manimator-1-grpo,AOS-GRPO,
,,152,jvqnjr59,qwen-manimator-1-grpo,AOS-GRPO,
,,153,jvqnjr59,qwen-manimator-1-grpo,AOS-GRPO,
,,154,jvqnjr59,qwen-manimator-1-grpo,AOS-GRPO,
,,155,jvqnjr59,qwen-manimator-1-grpo,AOS-GRPO,
,,156,jvqnjr59,qwen-manimator-1-grpo,AOS-GRPO,
,,157,jvqnjr59,qwen-manimator-1-grpo,AOS-GRPO,
,,158,jvqnjr59,qwen-manimator-1-grpo,AOS-GRPO,
,,159,jvqnjr59,qwen-manimator-1-grpo,AOS-GRPO,
,,160,jvqnjr59,qwen-manimator-1-grpo,AOS-GRPO,
,,161,jvqnjr59,qwen-manimator-1-grpo,AOS-GRPO,
,,162,jvqnjr59,qwen-manimator-1-grpo,AOS-GRPO,
,,163,jvqnjr59,qwen-manimator-1-grpo,AOS-GRPO,
8.13953488372093e-07,0.0,164,jvqnjr59,qwen-manimator-1-grpo,AOS-GRPO,
,,165,jvqnjr59,qwen-manimator-1-grpo,AOS-GRPO,
,,166,jvqnjr59,qwen-manimator-1-grpo,AOS-GRPO,
,,167,jvqnjr59,qwen-manimator-1-grpo,AOS-GRPO,
,,168,jvqnjr59,qwen-manimator-1-grpo,AOS-GRPO,
,,169,jvqnjr59,qwen-manimator-1-grpo,AOS-GRPO,
,,170,jvqnjr59,qwen-manimator-1-grpo,AOS-GRPO,
,,171,jvqnjr59,qwen-manimator-1-grpo,AOS-GRPO,
,,172,jvqnjr59,qwen-manimator-1-grpo,AOS-GRPO,
,,173,jvqnjr59,qwen-manimator-1-grpo,AOS-GRPO,
,,174,jvqnjr59,qwen-manimator-1-grpo,AOS-GRPO,
,,175,jvqnjr59,qwen-manimator-1-grpo,AOS-GRPO,
,,176,jvqnjr59,qwen-manimator-1-grpo,AOS-GRPO,
,,177,jvqnjr59,qwen-manimator-1-grpo,AOS-GRPO,
,,178,jvqnjr59,qwen-manimator-1-grpo,AOS-GRPO,
8.914728682170543e-07,0.0,179,jvqnjr59,qwen-manimator-1-grpo,AOS-GRPO,
,,180,jvqnjr59,qwen-manimator-1-grpo,AOS-GRPO,
,,181,jvqnjr59,qwen-manimator-1-grpo,AOS-GRPO,
,,182,jvqnjr59,qwen-manimator-1-grpo,AOS-GRPO,
,,183,jvqnjr59,qwen-manimator-1-grpo,AOS-GRPO,
,,184,jvqnjr59,qwen-manimator-1-grpo,AOS-GRPO,
,,185,jvqnjr59,qwen-manimator-1-grpo,AOS-GRPO,
,,186,jvqnjr59,qwen-manimator-1-grpo,AOS-GRPO,
,,187,jvqnjr59,qwen-manimator-1-grpo,AOS-GRPO,
,,188,jvqnjr59,qwen-manimator-1-grpo,AOS-GRPO,
,,189,jvqnjr59,qwen-manimator-1-grpo,AOS-GRPO,
,,190,jvqnjr59,qwen-manimator-1-grpo,AOS-GRPO,
,,191,jvqnjr59,qwen-manimator-1-grpo,AOS-GRPO,
,,192,jvqnjr59,qwen-manimator-1-grpo,AOS-GRPO,
,,193,jvqnjr59,qwen-manimator-1-grpo,AOS-GRPO,
9.689922480620155e-07,0.0,194,jvqnjr59,qwen-manimator-1-grpo,AOS-GRPO,
,,195,jvqnjr59,qwen-manimator-1-grpo,AOS-GRPO,
,,196,jvqnjr59,qwen-manimator-1-grpo,AOS-GRPO,
,,197,jvqnjr59,qwen-manimator-1-grpo,AOS-GRPO,
,,198,jvqnjr59,qwen-manimator-1-grpo,AOS-GRPO,
,,199,jvqnjr59,qwen-manimator-1-grpo,AOS-GRPO,
,,200,jvqnjr59,qwen-manimator-1-grpo,AOS-GRPO,
,,201,jvqnjr59,qwen-manimator-1-grpo,AOS-GRPO,
,,202,jvqnjr59,qwen-manimator-1-grpo,AOS-GRPO,
,,203,jvqnjr59,qwen-manimator-1-grpo,AOS-GRPO,
,,204,jvqnjr59,qwen-manimator-1-grpo,AOS-GRPO,
,,205,jvqnjr59,qwen-manimator-1-grpo,AOS-GRPO,
,,206,jvqnjr59,qwen-manimator-1-grpo,AOS-GRPO,
,,207,jvqnjr59,qwen-manimator-1-grpo,AOS-GRPO,
,,208,jvqnjr59,qwen-manimator-1-grpo,AOS-GRPO,
1.0465116279069768e-06,0.0,209,jvqnjr59,qwen-manimator-1-grpo,AOS-GRPO,
,,210,jvqnjr59,qwen-manimator-1-grpo,AOS-GRPO,
,,211,jvqnjr59,qwen-manimator-1-grpo,AOS-GRPO,
,,212,jvqnjr59,qwen-manimator-1-grpo,AOS-GRPO,
,,213,jvqnjr59,qwen-manimator-1-grpo,AOS-GRPO,
,,214,jvqnjr59,qwen-manimator-1-grpo,AOS-GRPO,
,,215,jvqnjr59,qwen-manimator-1-grpo,AOS-GRPO,
,,216,jvqnjr59,qwen-manimator-1-grpo,AOS-GRPO,
,,217,jvqnjr59,qwen-manimator-1-grpo,AOS-GRPO,
,,218,jvqnjr59,qwen-manimator-1-grpo,AOS-GRPO,
,,219,jvqnjr59,qwen-manimator-1-grpo,AOS-GRPO,
,,220,jvqnjr59,qwen-manimator-1-grpo,AOS-GRPO,
,,221,jvqnjr59,qwen-manimator-1-grpo,AOS-GRPO,
,,222,jvqnjr59,qwen-manimator-1-grpo,AOS-GRPO,
,,223,jvqnjr59,qwen-manimator-1-grpo,AOS-GRPO,
1.124031007751938e-06,0.0,224,jvqnjr59,qwen-manimator-1-grpo,AOS-GRPO,
,,225,jvqnjr59,qwen-manimator-1-grpo,AOS-GRPO,
,,226,jvqnjr59,qwen-manimator-1-grpo,AOS-GRPO,
,,227,jvqnjr59,qwen-manimator-1-grpo,AOS-GRPO,
,,228,jvqnjr59,qwen-manimator-1-grpo,AOS-GRPO,
,,229,jvqnjr59,qwen-manimator-1-grpo,AOS-GRPO,
,,230,jvqnjr59,qwen-manimator-1-grpo,AOS-GRPO,
,,231,jvqnjr59,qwen-manimator-1-grpo,AOS-GRPO,
,,232,jvqnjr59,qwen-manimator-1-grpo,AOS-GRPO,
,,233,jvqnjr59,qwen-manimator-1-grpo,AOS-GRPO,
,,234,jvqnjr59,qwen-manimator-1-grpo,AOS-GRPO,
,,235,jvqnjr59,qwen-manimator-1-grpo,AOS-GRPO,
,,236,jvqnjr59,qwen-manimator-1-grpo,AOS-GRPO,
,,237,jvqnjr59,qwen-manimator-1-grpo,AOS-GRPO,
,,238,jvqnjr59,qwen-manimator-1-grpo,AOS-GRPO,
1.2015503875968992e-06,0.0,239,jvqnjr59,qwen-manimator-1-grpo,AOS-GRPO,
,,240,jvqnjr59,qwen-manimator-1-grpo,AOS-GRPO,
,,241,jvqnjr59,qwen-manimator-1-grpo,AOS-GRPO,
,,242,jvqnjr59,qwen-manimator-1-grpo,AOS-GRPO,
,,243,jvqnjr59,qwen-manimator-1-grpo,AOS-GRPO,
,,244,jvqnjr59,qwen-manimator-1-grpo,AOS-GRPO,
,,245,jvqnjr59,qwen-manimator-1-grpo,AOS-GRPO,
,,246,jvqnjr59,qwen-manimator-1-grpo,AOS-GRPO,
,,247,jvqnjr59,qwen-manimator-1-grpo,AOS-GRPO,
,,248,jvqnjr59,qwen-manimator-1-grpo,AOS-GRPO,
,,249,jvqnjr59,qwen-manimator-1-grpo,AOS-GRPO,
,,250,jvqnjr59,qwen-manimator-1-grpo,AOS-GRPO,
,,251,jvqnjr59,qwen-manimator-1-grpo,AOS-GRPO,
,,252,jvqnjr59,qwen-manimator-1-grpo,AOS-GRPO,
,,253,jvqnjr59,qwen-manimator-1-grpo,AOS-GRPO,
1.2790697674418605e-06,0.0,254,jvqnjr59,qwen-manimator-1-grpo,AOS-GRPO,
,,255,jvqnjr59,qwen-manimator-1-grpo,AOS-GRPO,
,,256,jvqnjr59,qwen-manimator-1-grpo,AOS-GRPO,
,,257,jvqnjr59,qwen-manimator-1-grpo,AOS-GRPO,
,,258,jvqnjr59,qwen-manimator-1-grpo,AOS-GRPO,
,,259,jvqnjr59,qwen-manimator-1-grpo,AOS-GRPO,
,,260,jvqnjr59,qwen-manimator-1-grpo,AOS-GRPO,
,,261,jvqnjr59,qwen-manimator-1-grpo,AOS-GRPO,
,,262,jvqnjr59,qwen-manimator-1-grpo,AOS-GRPO,
,,263,jvqnjr59,qwen-manimator-1-grpo,AOS-GRPO,
,,264,jvqnjr59,qwen-manimator-1-grpo,AOS-GRPO,
,,265,jvqnjr59,qwen-manimator-1-grpo,AOS-GRPO,
,,266,jvqnjr59,qwen-manimator-1-grpo,AOS-GRPO,
,,267,jvqnjr59,qwen-manimator-1-grpo,AOS-GRPO,
,,268,jvqnjr59,qwen-manimator-1-grpo,AOS-GRPO,
1.3565891472868218e-06,0.0,269,jvqnjr59,qwen-manimator-1-grpo,AOS-GRPO,
,,270,jvqnjr59,qwen-manimator-1-grpo,AOS-GRPO,
,,271,jvqnjr59,qwen-manimator-1-grpo,AOS-GRPO,
,,272,jvqnjr59,qwen-manimator-1-grpo,AOS-GRPO,
,,273,jvqnjr59,qwen-manimator-1-grpo,AOS-GRPO,
,,274,jvqnjr59,qwen-manimator-1-grpo,AOS-GRPO,
,,275,jvqnjr59,qwen-manimator-1-grpo,AOS-GRPO,
,,276,jvqnjr59,qwen-manimator-1-grpo,AOS-GRPO,
,,277,jvqnjr59,qwen-manimator-1-grpo,AOS-GRPO,
,,278,jvqnjr59,qwen-manimator-1-grpo,AOS-GRPO,
,,279,jvqnjr59,qwen-manimator-1-grpo,AOS-GRPO,
,,280,jvqnjr59,qwen-manimator-1-grpo,AOS-GRPO,
,,281,jvqnjr59,qwen-manimator-1-grpo,AOS-GRPO,
,,282,jvqnjr59,qwen-manimator-1-grpo,AOS-GRPO,
,,283,jvqnjr59,qwen-manimator-1-grpo,AOS-GRPO,
1.434108527131783e-06,0.0,284,jvqnjr59,qwen-manimator-1-grpo,AOS-GRPO,
,,285,jvqnjr59,qwen-manimator-1-grpo,AOS-GRPO,
,,286,jvqnjr59,qwen-manimator-1-grpo,AOS-GRPO,
,,287,jvqnjr59,qwen-manimator-1-grpo,AOS-GRPO,
,,288,jvqnjr59,qwen-manimator-1-grpo,AOS-GRPO,
,,289,jvqnjr59,qwen-manimator-1-grpo,AOS-GRPO,
,,290,jvqnjr59,qwen-manimator-1-grpo,AOS-GRPO,
,,291,jvqnjr59,qwen-manimator-1-grpo,AOS-GRPO,
,,292,jvqnjr59,qwen-manimator-1-grpo,AOS-GRPO,
,,293,jvqnjr59,qwen-manimator-1-grpo,AOS-GRPO,
,,294,jvqnjr59,qwen-manimator-1-grpo,AOS-GRPO,
,,295,jvqnjr59,qwen-manimator-1-grpo,AOS-GRPO,
,,296,jvqnjr59,qwen-manimator-1-grpo,AOS-GRPO,
,,297,jvqnjr59,qwen-manimator-1-grpo,AOS-GRPO,
,,298,jvqnjr59,qwen-manimator-1-grpo,AOS-GRPO,
1.5116279069767443e-06,0.0,299,jvqnjr59,qwen-manimator-1-grpo,AOS-GRPO,
,,300,jvqnjr59,qwen-manimator-1-grpo,AOS-GRPO,
,,301,jvqnjr59,qwen-manimator-1-grpo,AOS-GRPO,
,,302,jvqnjr59,qwen-manimator-1-grpo,AOS-GRPO,
,,303,jvqnjr59,qwen-manimator-1-grpo,AOS-GRPO,
,,304,jvqnjr59,qwen-manimator-1-grpo,AOS-GRPO,
,,305,jvqnjr59,qwen-manimator-1-grpo,AOS-GRPO,
,,306,jvqnjr59,qwen-manimator-1-grpo,AOS-GRPO,
,,307,jvqnjr59,qwen-manimator-1-grpo,AOS-GRPO,
,,308,jvqnjr59,qwen-manimator-1-grpo,AOS-GRPO,
,,309,jvqnjr59,qwen-manimator-1-grpo,AOS-GRPO,
,,310,jvqnjr59,qwen-manimator-1-grpo,AOS-GRPO,
,,311,jvqnjr59,qwen-manimator-1-grpo,AOS-GRPO,
,,312,jvqnjr59,qwen-manimator-1-grpo,AOS-GRPO,
,,313,jvqnjr59,qwen-manimator-1-grpo,AOS-GRPO,
1.5891472868217056e-06,0.0,314,jvqnjr59,qwen-manimator-1-grpo,AOS-GRPO,
,,315,jvqnjr59,qwen-manimator-1-grpo,AOS-GRPO,
,,316,jvqnjr59,qwen-manimator-1-grpo,AOS-GRPO,
,,317,jvqnjr59,qwen-manimator-1-grpo,AOS-GRPO,
,,318,jvqnjr59,qwen-manimator-1-grpo,AOS-GRPO,
,,319,jvqnjr59,qwen-manimator-1-grpo,AOS-GRPO,
,,320,jvqnjr59,qwen-manimator-1-grpo,AOS-GRPO,
,,321,jvqnjr59,qwen-manimator-1-grpo,AOS-GRPO,
,,322,jvqnjr59,qwen-manimator-1-grpo,AOS-GRPO,
,,323,jvqnjr59,qwen-manimator-1-grpo,AOS-GRPO,
,,324,jvqnjr59,qwen-manimator-1-grpo,AOS-GRPO,
,,325,jvqnjr59,qwen-manimator-1-grpo,AOS-GRPO,
,,326,jvqnjr59,qwen-manimator-1-grpo,AOS-GRPO,
,,327,jvqnjr59,qwen-manimator-1-grpo,AOS-GRPO,
,,328,jvqnjr59,qwen-manimator-1-grpo,AOS-GRPO,
1.6666666666666667e-06,0.0,329,jvqnjr59,qwen-manimator-1-grpo,AOS-GRPO,
,,330,jvqnjr59,qwen-manimator-1-grpo,AOS-GRPO,
,,331,jvqnjr59,qwen-manimator-1-grpo,AOS-GRPO,
,,332,jvqnjr59,qwen-manimator-1-grpo,AOS-GRPO,
,,333,jvqnjr59,qwen-manimator-1-grpo,AOS-GRPO,
,,334,jvqnjr59,qwen-manimator-1-grpo,AOS-GRPO,
,,335,jvqnjr59,qwen-manimator-1-grpo,AOS-GRPO,
,,336,jvqnjr59,qwen-manimator-1-grpo,AOS-GRPO,
,,337,jvqnjr59,qwen-manimator-1-grpo,AOS-GRPO,
,,338,jvqnjr59,qwen-manimator-1-grpo,AOS-GRPO,
,,339,jvqnjr59,qwen-manimator-1-grpo,AOS-GRPO,
,,340,jvqnjr59,qwen-manimator-1-grpo,AOS-GRPO,
,,341,jvqnjr59,qwen-manimator-1-grpo,AOS-GRPO,
,,342,jvqnjr59,qwen-manimator-1-grpo,AOS-GRPO,
,,343,jvqnjr59,qwen-manimator-1-grpo,AOS-GRPO,
1.744186046511628e-06,0.0,344,jvqnjr59,qwen-manimator-1-grpo,AOS-GRPO,
,,345,jvqnjr59,qwen-manimator-1-grpo,AOS-GRPO,
,,346,jvqnjr59,qwen-manimator-1-grpo,AOS-GRPO,
,,347,jvqnjr59,qwen-manimator-1-grpo,AOS-GRPO,
,,348,jvqnjr59,qwen-manimator-1-grpo,AOS-GRPO,
,,349,jvqnjr59,qwen-manimator-1-grpo,AOS-GRPO,
,,350,jvqnjr59,qwen-manimator-1-grpo,AOS-GRPO,
,,351,jvqnjr59,qwen-manimator-1-grpo,AOS-GRPO,
,,352,jvqnjr59,qwen-manimator-1-grpo,AOS-GRPO,
,,353,jvqnjr59,qwen-manimator-1-grpo,AOS-GRPO,
,,354,jvqnjr59,qwen-manimator-1-grpo,AOS-GRPO,
,,355,jvqnjr59,qwen-manimator-1-grpo,AOS-GRPO,
,,356,jvqnjr59,qwen-manimator-1-grpo,AOS-GRPO,
,,357,jvqnjr59,qwen-manimator-1-grpo,AOS-GRPO,
,,358,jvqnjr59,qwen-manimator-1-grpo,AOS-GRPO,
1.8217054263565893e-06,0.0,359,jvqnjr59,qwen-manimator-1-grpo,AOS-GRPO,
,,360,jvqnjr59,qwen-manimator-1-grpo,AOS-GRPO,
,,361,jvqnjr59,qwen-manimator-1-grpo,AOS-GRPO,
,,362,jvqnjr59,qwen-manimator-1-grpo,AOS-GRPO,
,,363,jvqnjr59,qwen-manimator-1-grpo,AOS-GRPO,
,,364,jvqnjr59,qwen-manimator-1-grpo,AOS-GRPO,
,,365,jvqnjr59,qwen-manimator-1-grpo,AOS-GRPO,
,,366,jvqnjr59,qwen-manimator-1-grpo,AOS-GRPO,
,,367,jvqnjr59,qwen-manimator-1-grpo,AOS-GRPO,
,,368,jvqnjr59,qwen-manimator-1-grpo,AOS-GRPO,
,,369,jvqnjr59,qwen-manimator-1-grpo,AOS-GRPO,
,,370,jvqnjr59,qwen-manimator-1-grpo,AOS-GRPO,
,,371,jvqnjr59,qwen-manimator-1-grpo,AOS-GRPO,
,,372,jvqnjr59,qwen-manimator-1-grpo,AOS-GRPO,
,,373,jvqnjr59,qwen-manimator-1-grpo,AOS-GRPO,
1.8992248062015504e-06,0.0,374,jvqnjr59,qwen-manimator-1-grpo,AOS-GRPO,
,,375,jvqnjr59,qwen-manimator-1-grpo,AOS-GRPO,
,,376,jvqnjr59,qwen-manimator-1-grpo,AOS-GRPO,
,,377,jvqnjr59,qwen-manimator-1-grpo,AOS-GRPO,
,,378,jvqnjr59,qwen-manimator-1-grpo,AOS-GRPO,
,,379,jvqnjr59,qwen-manimator-1-grpo,AOS-GRPO,
,,380,jvqnjr59,qwen-manimator-1-grpo,AOS-GRPO,
,,381,jvqnjr59,qwen-manimator-1-grpo,AOS-GRPO,
,,382,jvqnjr59,qwen-manimator-1-grpo,AOS-GRPO,
,,383,jvqnjr59,qwen-manimator-1-grpo,AOS-GRPO,
,,384,jvqnjr59,qwen-manimator-1-grpo,AOS-GRPO,
,,385,jvqnjr59,qwen-manimator-1-grpo,AOS-GRPO,
,,386,jvqnjr59,qwen-manimator-1-grpo,AOS-GRPO,
,,387,jvqnjr59,qwen-manimator-1-grpo,AOS-GRPO,
,,388,jvqnjr59,qwen-manimator-1-grpo,AOS-GRPO,
1.976744186046512e-06,0.0,389,jvqnjr59,qwen-manimator-1-grpo,AOS-GRPO,
,,390,jvqnjr59,qwen-manimator-1-grpo,AOS-GRPO,
,,391,jvqnjr59,qwen-manimator-1-grpo,AOS-GRPO,
,,392,jvqnjr59,qwen-manimator-1-grpo,AOS-GRPO,
,,393,jvqnjr59,qwen-manimator-1-grpo,AOS-GRPO,
,,394,jvqnjr59,qwen-manimator-1-grpo,AOS-GRPO,
,,395,jvqnjr59,qwen-manimator-1-grpo,AOS-GRPO,
,,396,jvqnjr59,qwen-manimator-1-grpo,AOS-GRPO,
,,397,jvqnjr59,qwen-manimator-1-grpo,AOS-GRPO,
,,398,jvqnjr59,qwen-manimator-1-grpo,AOS-GRPO,
,,399,jvqnjr59,qwen-manimator-1-grpo,AOS-GRPO,
,,400,jvqnjr59,qwen-manimator-1-grpo,AOS-GRPO,
,,401,jvqnjr59,qwen-manimator-1-grpo,AOS-GRPO,
,,402,jvqnjr59,qwen-manimator-1-grpo,AOS-GRPO,
,,403,jvqnjr59,qwen-manimator-1-grpo,AOS-GRPO,
2.0542635658914728e-06,0.0,404,jvqnjr59,qwen-manimator-1-grpo,AOS-GRPO,
,,405,jvqnjr59,qwen-manimator-1-grpo,AOS-GRPO,
,,406,jvqnjr59,qwen-manimator-1-grpo,AOS-GRPO,
,,407,jvqnjr59,qwen-manimator-1-grpo,AOS-GRPO,
,,408,jvqnjr59,qwen-manimator-1-grpo,AOS-GRPO,
,,409,jvqnjr59,qwen-manimator-1-grpo,AOS-GRPO,
,,410,jvqnjr59,qwen-manimator-1-grpo,AOS-GRPO,
,,411,jvqnjr59,qwen-manimator-1-grpo,AOS-GRPO,
,,412,jvqnjr59,qwen-manimator-1-grpo,AOS-GRPO,
,,413,jvqnjr59,qwen-manimator-1-grpo,AOS-GRPO,
,,414,jvqnjr59,qwen-manimator-1-grpo,AOS-GRPO,
,,415,jvqnjr59,qwen-manimator-1-grpo,AOS-GRPO,
,,416,jvqnjr59,qwen-manimator-1-grpo,AOS-GRPO,
,,417,jvqnjr59,qwen-manimator-1-grpo,AOS-GRPO,
,,418,jvqnjr59,qwen-manimator-1-grpo,AOS-GRPO,
2.131782945736434e-06,0.0,419,jvqnjr59,qwen-manimator-1-grpo,AOS-GRPO,
,,420,jvqnjr59,qwen-manimator-1-grpo,AOS-GRPO,
,,421,jvqnjr59,qwen-manimator-1-grpo,AOS-GRPO,
,,422,jvqnjr59,qwen-manimator-1-grpo,AOS-GRPO,
,,423,jvqnjr59,qwen-manimator-1-grpo,AOS-GRPO,
,,424,jvqnjr59,qwen-manimator-1-grpo,AOS-GRPO,
,,425,jvqnjr59,qwen-manimator-1-grpo,AOS-GRPO,
,,426,jvqnjr59,qwen-manimator-1-grpo,AOS-GRPO,
,,427,jvqnjr59,qwen-manimator-1-grpo,AOS-GRPO,
,,428,jvqnjr59,qwen-manimator-1-grpo,AOS-GRPO,
,,429,jvqnjr59,qwen-manimator-1-grpo,AOS-GRPO,
,,430,jvqnjr59,qwen-manimator-1-grpo,AOS-GRPO,
,,431,jvqnjr59,qwen-manimator-1-grpo,AOS-GRPO,
,,432,jvqnjr59,qwen-manimator-1-grpo,AOS-GRPO,
,,433,jvqnjr59,qwen-manimator-1-grpo,AOS-GRPO,
2.2093023255813954e-06,0.0,434,jvqnjr59,qwen-manimator-1-grpo,AOS-GRPO,
,,435,jvqnjr59,qwen-manimator-1-grpo,AOS-GRPO,
,,436,jvqnjr59,qwen-manimator-1-grpo,AOS-GRPO,
,,437,jvqnjr59,qwen-manimator-1-grpo,AOS-GRPO,
,,438,jvqnjr59,qwen-manimator-1-grpo,AOS-GRPO,
,,439,jvqnjr59,qwen-manimator-1-grpo,AOS-GRPO,
,,440,jvqnjr59,qwen-manimator-1-grpo,AOS-GRPO,
,,441,jvqnjr59,qwen-manimator-1-grpo,AOS-GRPO,
,,442,jvqnjr59,qwen-manimator-1-grpo,AOS-GRPO,
,,443,jvqnjr59,qwen-manimator-1-grpo,AOS-GRPO,
,,444,jvqnjr59,qwen-manimator-1-grpo,AOS-GRPO,
,,445,jvqnjr59,qwen-manimator-1-grpo,AOS-GRPO,
,,446,jvqnjr59,qwen-manimator-1-grpo,AOS-GRPO,
,,447,jvqnjr59,qwen-manimator-1-grpo,AOS-GRPO,
,,448,jvqnjr59,qwen-manimator-1-grpo,AOS-GRPO,
2.2868217054263567e-06,0.0,449,jvqnjr59,qwen-manimator-1-grpo,AOS-GRPO,
,,450,jvqnjr59,qwen-manimator-1-grpo,AOS-GRPO,
,,451,jvqnjr59,qwen-manimator-1-grpo,AOS-GRPO,
,,452,jvqnjr59,qwen-manimator-1-grpo,AOS-GRPO,
,,453,jvqnjr59,qwen-manimator-1-grpo,AOS-GRPO,
,,454,jvqnjr59,qwen-manimator-1-grpo,AOS-GRPO,
,,455,jvqnjr59,qwen-manimator-1-grpo,AOS-GRPO,
,,456,jvqnjr59,qwen-manimator-1-grpo,AOS-GRPO,
,,457,jvqnjr59,qwen-manimator-1-grpo,AOS-GRPO,
,,458,jvqnjr59,qwen-manimator-1-grpo,AOS-GRPO,
,,459,jvqnjr59,qwen-manimator-1-grpo,AOS-GRPO,
,,460,jvqnjr59,qwen-manimator-1-grpo,AOS-GRPO,
,,461,jvqnjr59,qwen-manimator-1-grpo,AOS-GRPO,
,,462,jvqnjr59,qwen-manimator-1-grpo,AOS-GRPO,
,,463,jvqnjr59,qwen-manimator-1-grpo,AOS-GRPO,
2.364341085271318e-06,0.0,464,jvqnjr59,qwen-manimator-1-grpo,AOS-GRPO,
,,465,jvqnjr59,qwen-manimator-1-grpo,AOS-GRPO,
,,466,jvqnjr59,qwen-manimator-1-grpo,AOS-GRPO,
,,467,jvqnjr59,qwen-manimator-1-grpo,AOS-GRPO,
,,468,jvqnjr59,qwen-manimator-1-grpo,AOS-GRPO,
,,469,jvqnjr59,qwen-manimator-1-grpo,AOS-GRPO,
,,470,jvqnjr59,qwen-manimator-1-grpo,AOS-GRPO,
,,471,jvqnjr59,qwen-manimator-1-grpo,AOS-GRPO,
,,472,jvqnjr59,qwen-manimator-1-grpo,AOS-GRPO,
,,473,jvqnjr59,qwen-manimator-1-grpo,AOS-GRPO,
,,474,jvqnjr59,qwen-manimator-1-grpo,AOS-GRPO,
,,475,jvqnjr59,qwen-manimator-1-grpo,AOS-GRPO,
,,476,jvqnjr59,qwen-manimator-1-grpo,AOS-GRPO,
,,477,jvqnjr59,qwen-manimator-1-grpo,AOS-GRPO,
,,478,jvqnjr59,qwen-manimator-1-grpo,AOS-GRPO,
2.4418604651162793e-06,0.0,479,jvqnjr59,qwen-manimator-1-grpo,AOS-GRPO,
,,480,jvqnjr59,qwen-manimator-1-grpo,AOS-GRPO,
,,481,jvqnjr59,qwen-manimator-1-grpo,AOS-GRPO,
,,482,jvqnjr59,qwen-manimator-1-grpo,AOS-GRPO,
,,483,jvqnjr59,qwen-manimator-1-grpo,AOS-GRPO,
,,484,jvqnjr59,qwen-manimator-1-grpo,AOS-GRPO,
,,485,jvqnjr59,qwen-manimator-1-grpo,AOS-GRPO,
,,486,jvqnjr59,qwen-manimator-1-grpo,AOS-GRPO,
,,487,jvqnjr59,qwen-manimator-1-grpo,AOS-GRPO,
,,488,jvqnjr59,qwen-manimator-1-grpo,AOS-GRPO,
,,489,jvqnjr59,qwen-manimator-1-grpo,AOS-GRPO,
,,490,jvqnjr59,qwen-manimator-1-grpo,AOS-GRPO,
,,491,jvqnjr59,qwen-manimator-1-grpo,AOS-GRPO,
,,492,jvqnjr59,qwen-manimator-1-grpo,AOS-GRPO,
,,493,jvqnjr59,qwen-manimator-1-grpo,AOS-GRPO,
2.5193798449612402e-06,0.0,494,jvqnjr59,qwen-manimator-1-grpo,AOS-GRPO,
,,495,jvqnjr59,qwen-manimator-1-grpo,AOS-GRPO,
,,496,jvqnjr59,qwen-manimator-1-grpo,AOS-GRPO,
,,497,jvqnjr59,qwen-manimator-1-grpo,AOS-GRPO,
,,498,jvqnjr59,qwen-manimator-1-grpo,AOS-GRPO,
,,499,jvqnjr59,qwen-manimator-1-grpo,AOS-GRPO,
,,500,jvqnjr59,qwen-manimator-1-grpo,AOS-GRPO,
,,501,jvqnjr59,qwen-manimator-1-grpo,AOS-GRPO,
,,502,jvqnjr59,qwen-manimator-1-grpo,AOS-GRPO,
,,503,jvqnjr59,qwen-manimator-1-grpo,AOS-GRPO,
,,504,jvqnjr59,qwen-manimator-1-grpo,AOS-GRPO,
,,505,jvqnjr59,qwen-manimator-1-grpo,AOS-GRPO,
,,506,jvqnjr59,qwen-manimator-1-grpo,AOS-GRPO,
,,507,jvqnjr59,qwen-manimator-1-grpo,AOS-GRPO,
,,508,jvqnjr59,qwen-manimator-1-grpo,AOS-GRPO,
2.5968992248062015e-06,0.0,509,jvqnjr59,qwen-manimator-1-grpo,AOS-GRPO,
,,510,jvqnjr59,qwen-manimator-1-grpo,AOS-GRPO,
,,511,jvqnjr59,qwen-manimator-1-grpo,AOS-GRPO,
,,512,jvqnjr59,qwen-manimator-1-grpo,AOS-GRPO,
,,513,jvqnjr59,qwen-manimator-1-grpo,AOS-GRPO,
,,514,jvqnjr59,qwen-manimator-1-grpo,AOS-GRPO,
,,515,jvqnjr59,qwen-manimator-1-grpo,AOS-GRPO,
,,516,jvqnjr59,qwen-manimator-1-grpo,AOS-GRPO,
,,517,jvqnjr59,qwen-manimator-1-grpo,AOS-GRPO,
,,518,jvqnjr59,qwen-manimator-1-grpo,AOS-GRPO,
,,519,jvqnjr59,qwen-manimator-1-grpo,AOS-GRPO,
,,520,jvqnjr59,qwen-manimator-1-grpo,AOS-GRPO,
,,521,jvqnjr59,qwen-manimator-1-grpo,AOS-GRPO,
,,522,jvqnjr59,qwen-manimator-1-grpo,AOS-GRPO,
,,523,jvqnjr59,qwen-manimator-1-grpo,AOS-GRPO,
2.674418604651163e-06,0.0,524,jvqnjr59,qwen-manimator-1-grpo,AOS-GRPO,
,,525,jvqnjr59,qwen-manimator-1-grpo,AOS-GRPO,
,,526,jvqnjr59,qwen-manimator-1-grpo,AOS-GRPO,
,,527,jvqnjr59,qwen-manimator-1-grpo,AOS-GRPO,
,,528,jvqnjr59,qwen-manimator-1-grpo,AOS-GRPO,
,,529,jvqnjr59,qwen-manimator-1-grpo,AOS-GRPO,
,,530,jvqnjr59,qwen-manimator-1-grpo,AOS-GRPO,
,,531,jvqnjr59,qwen-manimator-1-grpo,AOS-GRPO,
,,532,jvqnjr59,qwen-manimator-1-grpo,AOS-GRPO,
,,533,jvqnjr59,qwen-manimator-1-grpo,AOS-GRPO,
,,534,jvqnjr59,qwen-manimator-1-grpo,AOS-GRPO,
,,535,jvqnjr59,qwen-manimator-1-grpo,AOS-GRPO,
,,536,jvqnjr59,qwen-manimator-1-grpo,AOS-GRPO,
,,537,jvqnjr59,qwen-manimator-1-grpo,AOS-GRPO,
,,538,jvqnjr59,qwen-manimator-1-grpo,AOS-GRPO,
2.751937984496124e-06,0.0,539,jvqnjr59,qwen-manimator-1-grpo,AOS-GRPO,
,,540,jvqnjr59,qwen-manimator-1-grpo,AOS-GRPO,
,,541,jvqnjr59,qwen-manimator-1-grpo,AOS-GRPO,
,,542,jvqnjr59,qwen-manimator-1-grpo,AOS-GRPO,
,,543,jvqnjr59,qwen-manimator-1-grpo,AOS-GRPO,
,,544,jvqnjr59,qwen-manimator-1-grpo,AOS-GRPO,
,,545,jvqnjr59,qwen-manimator-1-grpo,AOS-GRPO,
,,546,jvqnjr59,qwen-manimator-1-grpo,AOS-GRPO,
,,547,jvqnjr59,qwen-manimator-1-grpo,AOS-GRPO,
,,548,jvqnjr59,qwen-manimator-1-grpo,AOS-GRPO,
,,549,jvqnjr59,qwen-manimator-1-grpo,AOS-GRPO,
,,550,jvqnjr59,qwen-manimator-1-grpo,AOS-GRPO,
,,551,jvqnjr59,qwen-manimator-1-grpo,AOS-GRPO,
,,552,jvqnjr59,qwen-manimator-1-grpo,AOS-GRPO,
,,553,jvqnjr59,qwen-manimator-1-grpo,AOS-GRPO,
2.8294573643410855e-06,0.0,554,jvqnjr59,qwen-manimator-1-grpo,AOS-GRPO,
,,555,jvqnjr59,qwen-manimator-1-grpo,AOS-GRPO,
,,556,jvqnjr59,qwen-manimator-1-grpo,AOS-GRPO,
,,557,jvqnjr59,qwen-manimator-1-grpo,AOS-GRPO,
,,558,jvqnjr59,qwen-manimator-1-grpo,AOS-GRPO,
,,559,jvqnjr59,qwen-manimator-1-grpo,AOS-GRPO,
,,560,jvqnjr59,qwen-manimator-1-grpo,AOS-GRPO,
,,561,jvqnjr59,qwen-manimator-1-grpo,AOS-GRPO,
,,562,jvqnjr59,qwen-manimator-1-grpo,AOS-GRPO,
,,563,jvqnjr59,qwen-manimator-1-grpo,AOS-GRPO,
,,564,jvqnjr59,qwen-manimator-1-grpo,AOS-GRPO,
,,565,jvqnjr59,qwen-manimator-1-grpo,AOS-GRPO,
,,566,jvqnjr59,qwen-manimator-1-grpo,AOS-GRPO,
,,567,jvqnjr59,qwen-manimator-1-grpo,AOS-GRPO,
,,568,jvqnjr59,qwen-manimator-1-grpo,AOS-GRPO,
2.9069767441860468e-06,0.0,569,jvqnjr59,qwen-manimator-1-grpo,AOS-GRPO,
,,570,jvqnjr59,qwen-manimator-1-grpo,AOS-GRPO,
,,571,jvqnjr59,qwen-manimator-1-grpo,AOS-GRPO,
,,572,jvqnjr59,qwen-manimator-1-grpo,AOS-GRPO,
,,573,jvqnjr59,qwen-manimator-1-grpo,AOS-GRPO,
,,574,jvqnjr59,qwen-manimator-1-grpo,AOS-GRPO,
,,575,jvqnjr59,qwen-manimator-1-grpo,AOS-GRPO,
,,576,jvqnjr59,qwen-manimator-1-grpo,AOS-GRPO,
,,577,jvqnjr59,qwen-manimator-1-grpo,AOS-GRPO,
,,578,jvqnjr59,qwen-manimator-1-grpo,AOS-GRPO,
,,579,jvqnjr59,qwen-manimator-1-grpo,AOS-GRPO,
,,580,jvqnjr59,qwen-manimator-1-grpo,AOS-GRPO,
,,581,jvqnjr59,qwen-manimator-1-grpo,AOS-GRPO,
,,582,jvqnjr59,qwen-manimator-1-grpo,AOS-GRPO,
,,583,jvqnjr59,qwen-manimator-1-grpo,AOS-GRPO,
2.9844961240310076e-06,0.0,584,jvqnjr59,qwen-manimator-1-grpo,AOS-GRPO,
,,585,jvqnjr59,qwen-manimator-1-grpo,AOS-GRPO,
,,586,jvqnjr59,qwen-manimator-1-grpo,AOS-GRPO,
,,587,jvqnjr59,qwen-manimator-1-grpo,AOS-GRPO,
,,588,jvqnjr59,qwen-manimator-1-grpo,AOS-GRPO,
,,589,jvqnjr59,qwen-manimator-1-grpo,AOS-GRPO,
,,590,jvqnjr59,qwen-manimator-1-grpo,AOS-GRPO,
,,591,jvqnjr59,qwen-manimator-1-grpo,AOS-GRPO,
,,592,jvqnjr59,qwen-manimator-1-grpo,AOS-GRPO,
,,593,jvqnjr59,qwen-manimator-1-grpo,AOS-GRPO,
,,594,jvqnjr59,qwen-manimator-1-grpo,AOS-GRPO,
,,595,jvqnjr59,qwen-manimator-1-grpo,AOS-GRPO,
,,596,jvqnjr59,qwen-manimator-1-grpo,AOS-GRPO,
,,597,jvqnjr59,qwen-manimator-1-grpo,AOS-GRPO,
,,598,jvqnjr59,qwen-manimator-1-grpo,AOS-GRPO,
3.062015503875969e-06,0.0,599,jvqnjr59,qwen-manimator-1-grpo,AOS-GRPO,
,,600,jvqnjr59,qwen-manimator-1-grpo,AOS-GRPO,
,,601,jvqnjr59,qwen-manimator-1-grpo,AOS-GRPO,
,,602,jvqnjr59,qwen-manimator-1-grpo,AOS-GRPO,
,,603,jvqnjr59,qwen-manimator-1-grpo,AOS-GRPO,
,,604,jvqnjr59,qwen-manimator-1-grpo,AOS-GRPO,
,,605,jvqnjr59,qwen-manimator-1-grpo,AOS-GRPO,
,,606,jvqnjr59,qwen-manimator-1-grpo,AOS-GRPO,
,,607,jvqnjr59,qwen-manimator-1-grpo,AOS-GRPO,
,,608,jvqnjr59,qwen-manimator-1-grpo,AOS-GRPO,
,,609,jvqnjr59,qwen-manimator-1-grpo,AOS-GRPO,
,,610,jvqnjr59,qwen-manimator-1-grpo,AOS-GRPO,
,,611,jvqnjr59,qwen-manimator-1-grpo,AOS-GRPO,
,,612,jvqnjr59,qwen-manimator-1-grpo,AOS-GRPO,
,,613,jvqnjr59,qwen-manimator-1-grpo,AOS-GRPO,
3.1395348837209307e-06,0.0,614,jvqnjr59,qwen-manimator-1-grpo,AOS-GRPO,
,,615,jvqnjr59,qwen-manimator-1-grpo,AOS-GRPO,
,,616,jvqnjr59,qwen-manimator-1-grpo,AOS-GRPO,
,,617,jvqnjr59,qwen-manimator-1-grpo,AOS-GRPO,
,,618,jvqnjr59,qwen-manimator-1-grpo,AOS-GRPO,
,,619,jvqnjr59,qwen-manimator-1-grpo,AOS-GRPO,
,,620,jvqnjr59,qwen-manimator-1-grpo,AOS-GRPO,
,,621,jvqnjr59,qwen-manimator-1-grpo,AOS-GRPO,
,,0,kezpoynl,qwen-manimator-1-grpo-100step,AOS-GRPO,
,,1,kezpoynl,qwen-manimator-1-grpo-100step,AOS-GRPO,
,,2,kezpoynl,qwen-manimator-1-grpo-100step,AOS-GRPO,
,,3,kezpoynl,qwen-manimator-1-grpo-100step,AOS-GRPO,
,,4,kezpoynl,qwen-manimator-1-grpo-100step,AOS-GRPO,
,,5,kezpoynl,qwen-manimator-1-grpo-100step,AOS-GRPO,
,,6,kezpoynl,qwen-manimator-1-grpo-100step,AOS-GRPO,
,,7,kezpoynl,qwen-manimator-1-grpo-100step,AOS-GRPO,
,,8,kezpoynl,qwen-manimator-1-grpo-100step,AOS-GRPO,
,,9,kezpoynl,qwen-manimator-1-grpo-100step,AOS-GRPO,
,,10,kezpoynl,qwen-manimator-1-grpo-100step,AOS-GRPO,
,,11,kezpoynl,qwen-manimator-1-grpo-100step,AOS-GRPO,
,,12,kezpoynl,qwen-manimator-1-grpo-100step,AOS-GRPO,
,,13,kezpoynl,qwen-manimator-1-grpo-100step,AOS-GRPO,
1e-05,0.0039,14,kezpoynl,qwen-manimator-1-grpo-100step,AOS-GRPO,
,,15,kezpoynl,qwen-manimator-1-grpo-100step,AOS-GRPO,
,,16,kezpoynl,qwen-manimator-1-grpo-100step,AOS-GRPO,
,,17,kezpoynl,qwen-manimator-1-grpo-100step,AOS-GRPO,
,,18,kezpoynl,qwen-manimator-1-grpo-100step,AOS-GRPO,
,,19,kezpoynl,qwen-manimator-1-grpo-100step,AOS-GRPO,
,,20,kezpoynl,qwen-manimator-1-grpo-100step,AOS-GRPO,
,,21,kezpoynl,qwen-manimator-1-grpo-100step,AOS-GRPO,
,,22,kezpoynl,qwen-manimator-1-grpo-100step,AOS-GRPO,
,,23,kezpoynl,qwen-manimator-1-grpo-100step,AOS-GRPO,
,,24,kezpoynl,qwen-manimator-1-grpo-100step,AOS-GRPO,
,,25,kezpoynl,qwen-manimator-1-grpo-100step,AOS-GRPO,
,,26,kezpoynl,qwen-manimator-1-grpo-100step,AOS-GRPO,
,,27,kezpoynl,qwen-manimator-1-grpo-100step,AOS-GRPO,
,,28,kezpoynl,qwen-manimator-1-grpo-100step,AOS-GRPO,
3e-05,0.003,29,kezpoynl,qwen-manimator-1-grpo-100step,AOS-GRPO,
,,30,kezpoynl,qwen-manimator-1-grpo-100step,AOS-GRPO,
,,31,kezpoynl,qwen-manimator-1-grpo-100step,AOS-GRPO,
,,32,kezpoynl,qwen-manimator-1-grpo-100step,AOS-GRPO,
,,33,kezpoynl,qwen-manimator-1-grpo-100step,AOS-GRPO,
,,34,kezpoynl,qwen-manimator-1-grpo-100step,AOS-GRPO,
,,35,kezpoynl,qwen-manimator-1-grpo-100step,AOS-GRPO,
,,36,kezpoynl,qwen-manimator-1-grpo-100step,AOS-GRPO,
,,37,kezpoynl,qwen-manimator-1-grpo-100step,AOS-GRPO,
,,38,kezpoynl,qwen-manimator-1-grpo-100step,AOS-GRPO,
,,39,kezpoynl,qwen-manimator-1-grpo-100step,AOS-GRPO,
,,40,kezpoynl,qwen-manimator-1-grpo-100step,AOS-GRPO,
,,41,kezpoynl,qwen-manimator-1-grpo-100step,AOS-GRPO,
,,42,kezpoynl,qwen-manimator-1-grpo-100step,AOS-GRPO,
,,43,kezpoynl,qwen-manimator-1-grpo-100step,AOS-GRPO,
5e-05,0.0099,44,kezpoynl,qwen-manimator-1-grpo-100step,AOS-GRPO,
,,45,kezpoynl,qwen-manimator-1-grpo-100step,AOS-GRPO,
,,46,kezpoynl,qwen-manimator-1-grpo-100step,AOS-GRPO,
,,47,kezpoynl,qwen-manimator-1-grpo-100step,AOS-GRPO,
,,48,kezpoynl,qwen-manimator-1-grpo-100step,AOS-GRPO,
,,49,kezpoynl,qwen-manimator-1-grpo-100step,AOS-GRPO,
,,50,kezpoynl,qwen-manimator-1-grpo-100step,AOS-GRPO,
,,51,kezpoynl,qwen-manimator-1-grpo-100step,AOS-GRPO,
,,52,kezpoynl,qwen-manimator-1-grpo-100step,AOS-GRPO,
,,53,kezpoynl,qwen-manimator-1-grpo-100step,AOS-GRPO,
,,54,kezpoynl,qwen-manimator-1-grpo-100step,AOS-GRPO,
,,55,kezpoynl,qwen-manimator-1-grpo-100step,AOS-GRPO,
,,56,kezpoynl,qwen-manimator-1-grpo-100step,AOS-GRPO,
,,57,kezpoynl,qwen-manimator-1-grpo-100step,AOS-GRPO,
,,58,kezpoynl,qwen-manimator-1-grpo-100step,AOS-GRPO,
7e-05,0.0455,59,kezpoynl,qwen-manimator-1-grpo-100step,AOS-GRPO,
,,60,kezpoynl,qwen-manimator-1-grpo-100step,AOS-GRPO,
,,61,kezpoynl,qwen-manimator-1-grpo-100step,AOS-GRPO,
,,62,kezpoynl,qwen-manimator-1-grpo-100step,AOS-GRPO,
,,63,kezpoynl,qwen-manimator-1-grpo-100step,AOS-GRPO,
,,64,kezpoynl,qwen-manimator-1-grpo-100step,AOS-GRPO,
,,65,kezpoynl,qwen-manimator-1-grpo-100step,AOS-GRPO,
,,66,kezpoynl,qwen-manimator-1-grpo-100step,AOS-GRPO,
,,67,kezpoynl,qwen-manimator-1-grpo-100step,AOS-GRPO,
,,68,kezpoynl,qwen-manimator-1-grpo-100step,AOS-GRPO,
,,69,kezpoynl,qwen-manimator-1-grpo-100step,AOS-GRPO,
,,70,kezpoynl,qwen-manimator-1-grpo-100step,AOS-GRPO,
,,71,kezpoynl,qwen-manimator-1-grpo-100step,AOS-GRPO,
,,72,kezpoynl,qwen-manimator-1-grpo-100step,AOS-GRPO,
,,73,kezpoynl,qwen-manimator-1-grpo-100step,AOS-GRPO,
9e-05,0.0177,74,kezpoynl,qwen-manimator-1-grpo-100step,AOS-GRPO,
,,75,kezpoynl,qwen-manimator-1-grpo-100step,AOS-GRPO,
,,76,kezpoynl,qwen-manimator-1-grpo-100step,AOS-GRPO,
,,77,kezpoynl,qwen-manimator-1-grpo-100step,AOS-GRPO,
,,78,kezpoynl,qwen-manimator-1-grpo-100step,AOS-GRPO,
,,79,kezpoynl,qwen-manimator-1-grpo-100step,AOS-GRPO,
,,80,kezpoynl,qwen-manimator-1-grpo-100step,AOS-GRPO,
,,81,kezpoynl,qwen-manimator-1-grpo-100step,AOS-GRPO,
,,82,kezpoynl,qwen-manimator-1-grpo-100step,AOS-GRPO,
,,83,kezpoynl,qwen-manimator-1-grpo-100step,AOS-GRPO,
,,84,kezpoynl,qwen-manimator-1-grpo-100step,AOS-GRPO,
,,85,kezpoynl,qwen-manimator-1-grpo-100step,AOS-GRPO,
,,86,kezpoynl,qwen-manimator-1-grpo-100step,AOS-GRPO,
,,87,kezpoynl,qwen-manimator-1-grpo-100step,AOS-GRPO,
,,88,kezpoynl,qwen-manimator-1-grpo-100step,AOS-GRPO,
9.888888888888889e-05,0.0158,89,kezpoynl,qwen-manimator-1-grpo-100step,AOS-GRPO,
,,90,kezpoynl,qwen-manimator-1-grpo-100step,AOS-GRPO,
,,91,kezpoynl,qwen-manimator-1-grpo-100step,AOS-GRPO,
,,92,kezpoynl,qwen-manimator-1-grpo-100step,AOS-GRPO,
,,93,kezpoynl,qwen-manimator-1-grpo-100step,AOS-GRPO,
,,94,kezpoynl,qwen-manimator-1-grpo-100step,AOS-GRPO,
,,95,kezpoynl,qwen-manimator-1-grpo-100step,AOS-GRPO,
,,96,kezpoynl,qwen-manimator-1-grpo-100step,AOS-GRPO,
,,97,kezpoynl,qwen-manimator-1-grpo-100step,AOS-GRPO,
,,98,kezpoynl,qwen-manimator-1-grpo-100step,AOS-GRPO,
,,99,kezpoynl,qwen-manimator-1-grpo-100step,AOS-GRPO,
,,100,kezpoynl,qwen-manimator-1-grpo-100step,AOS-GRPO,
,,101,kezpoynl,qwen-manimator-1-grpo-100step,AOS-GRPO,
,,102,kezpoynl,qwen-manimator-1-grpo-100step,AOS-GRPO,
,,103,kezpoynl,qwen-manimator-1-grpo-100step,AOS-GRPO,
9.666666666666667e-05,0.0623,104,kezpoynl,qwen-manimator-1-grpo-100step,AOS-GRPO,
,,105,kezpoynl,qwen-manimator-1-grpo-100step,AOS-GRPO,
,,106,kezpoynl,qwen-manimator-1-grpo-100step,AOS-GRPO,
,,107,kezpoynl,qwen-manimator-1-grpo-100step,AOS-GRPO,
,,108,kezpoynl,qwen-manimator-1-grpo-100step,AOS-GRPO,
,,109,kezpoynl,qwen-manimator-1-grpo-100step,AOS-GRPO,
,,110,kezpoynl,qwen-manimator-1-grpo-100step,AOS-GRPO,
,,111,kezpoynl,qwen-manimator-1-grpo-100step,AOS-GRPO,
,,112,kezpoynl,qwen-manimator-1-grpo-100step,AOS-GRPO,
,,113,kezpoynl,qwen-manimator-1-grpo-100step,AOS-GRPO,
,,114,kezpoynl,qwen-manimator-1-grpo-100step,AOS-GRPO,
,,115,kezpoynl,qwen-manimator-1-grpo-100step,AOS-GRPO,
,,116,kezpoynl,qwen-manimator-1-grpo-100step,AOS-GRPO,
,,117,kezpoynl,qwen-manimator-1-grpo-100step,AOS-GRPO,
,,118,kezpoynl,qwen-manimator-1-grpo-100step,AOS-GRPO,
9.444444444444444e-05,0.0742,119,kezpoynl,qwen-manimator-1-grpo-100step,AOS-GRPO,
,,120,kezpoynl,qwen-manimator-1-grpo-100step,AOS-GRPO,
,,121,kezpoynl,qwen-manimator-1-grpo-100step,AOS-GRPO,
,,122,kezpoynl,qwen-manimator-1-grpo-100step,AOS-GRPO,
,,123,kezpoynl,qwen-manimator-1-grpo-100step,AOS-GRPO,
,,124,kezpoynl,qwen-manimator-1-grpo-100step,AOS-GRPO,
,,125,kezpoynl,qwen-manimator-1-grpo-100step,AOS-GRPO,
,,126,kezpoynl,qwen-manimator-1-grpo-100step,AOS-GRPO,
,,127,kezpoynl,qwen-manimator-1-grpo-100step,AOS-GRPO,
,,128,kezpoynl,qwen-manimator-1-grpo-100step,AOS-GRPO,
,,129,kezpoynl,qwen-manimator-1-grpo-100step,AOS-GRPO,
,,130,kezpoynl,qwen-manimator-1-grpo-100step,AOS-GRPO,
,,131,kezpoynl,qwen-manimator-1-grpo-100step,AOS-GRPO,
,,132,kezpoynl,qwen-manimator-1-grpo-100step,AOS-GRPO,
,,133,kezpoynl,qwen-manimator-1-grpo-100step,AOS-GRPO,
9.222222222222223e-05,0.0356,134,kezpoynl,qwen-manimator-1-grpo-100step,AOS-GRPO,
,,135,kezpoynl,qwen-manimator-1-grpo-100step,AOS-GRPO,
,,136,kezpoynl,qwen-manimator-1-grpo-100step,AOS-GRPO,
,,137,kezpoynl,qwen-manimator-1-grpo-100step,AOS-GRPO,
,,138,kezpoynl,qwen-manimator-1-grpo-100step,AOS-GRPO,
,,139,kezpoynl,qwen-manimator-1-grpo-100step,AOS-GRPO,
,,140,kezpoynl,qwen-manimator-1-grpo-100step,AOS-GRPO,
,,141,kezpoynl,qwen-manimator-1-grpo-100step,AOS-GRPO,
,,142,kezpoynl,qwen-manimator-1-grpo-100step,AOS-GRPO,
,,143,kezpoynl,qwen-manimator-1-grpo-100step,AOS-GRPO,
,,144,kezpoynl,qwen-manimator-1-grpo-100step,AOS-GRPO,
,,145,kezpoynl,qwen-manimator-1-grpo-100step,AOS-GRPO,
,,146,kezpoynl,qwen-manimator-1-grpo-100step,AOS-GRPO,
,,147,kezpoynl,qwen-manimator-1-grpo-100step,AOS-GRPO,
,,148,kezpoynl,qwen-manimator-1-grpo-100step,AOS-GRPO,
9e-05,-0.0516,149,kezpoynl,qwen-manimator-1-grpo-100step,AOS-GRPO,
,,150,kezpoynl,qwen-manimator-1-grpo-100step,AOS-GRPO,
,,151,kezpoynl,qwen-manimator-1-grpo-100step,AOS-GRPO,
,,152,kezpoynl,qwen-manimator-1-grpo-100step,AOS-GRPO,
,,153,kezpoynl,qwen-manimator-1-grpo-100step,AOS-GRPO,
,,154,kezpoynl,qwen-manimator-1-grpo-100step,AOS-GRPO,
,,155,kezpoynl,qwen-manimator-1-grpo-100step,AOS-GRPO,
,,156,kezpoynl,qwen-manimator-1-grpo-100step,AOS-GRPO,
,,157,kezpoynl,qwen-manimator-1-grpo-100step,AOS-GRPO,
,,158,kezpoynl,qwen-manimator-1-grpo-100step,AOS-GRPO,
,,159,kezpoynl,qwen-manimator-1-grpo-100step,AOS-GRPO,
,,160,kezpoynl,qwen-manimator-1-grpo-100step,AOS-GRPO,
,,161,kezpoynl,qwen-manimator-1-grpo-100step,AOS-GRPO,
,,162,kezpoynl,qwen-manimator-1-grpo-100step,AOS-GRPO,
,,163,kezpoynl,qwen-manimator-1-grpo-100step,AOS-GRPO,
8.777777777777778e-05,-0.039,164,kezpoynl,qwen-manimator-1-grpo-100step,AOS-GRPO,
,,165,kezpoynl,qwen-manimator-1-grpo-100step,AOS-GRPO,
,,166,kezpoynl,qwen-manimator-1-grpo-100step,AOS-GRPO,
,,167,kezpoynl,qwen-manimator-1-grpo-100step,AOS-GRPO,
,,168,kezpoynl,qwen-manimator-1-grpo-100step,AOS-GRPO,
,,169,kezpoynl,qwen-manimator-1-grpo-100step,AOS-GRPO,
,,170,kezpoynl,qwen-manimator-1-grpo-100step,AOS-GRPO,
,,171,kezpoynl,qwen-manimator-1-grpo-100step,AOS-GRPO,
,,172,kezpoynl,qwen-manimator-1-grpo-100step,AOS-GRPO,
,,173,kezpoynl,qwen-manimator-1-grpo-100step,AOS-GRPO,
,,174,kezpoynl,qwen-manimator-1-grpo-100step,AOS-GRPO,
,,175,kezpoynl,qwen-manimator-1-grpo-100step,AOS-GRPO,
,,176,kezpoynl,qwen-manimator-1-grpo-100step,AOS-GRPO,
,,177,kezpoynl,qwen-manimator-1-grpo-100step,AOS-GRPO,
,,178,kezpoynl,qwen-manimator-1-grpo-100step,AOS-GRPO,
8.555555555555556e-05,-0.0571,179,kezpoynl,qwen-manimator-1-grpo-100step,AOS-GRPO,
,,180,kezpoynl,qwen-manimator-1-grpo-100step,AOS-GRPO,
,,181,kezpoynl,qwen-manimator-1-grpo-100step,AOS-GRPO,
,,182,kezpoynl,qwen-manimator-1-grpo-100step,AOS-GRPO,
,,183,kezpoynl,qwen-manimator-1-grpo-100step,AOS-GRPO,
,,184,kezpoynl,qwen-manimator-1-grpo-100step,AOS-GRPO,
,,185,kezpoynl,qwen-manimator-1-grpo-100step,AOS-GRPO,
,,186,kezpoynl,qwen-manimator-1-grpo-100step,AOS-GRPO,
,,187,kezpoynl,qwen-manimator-1-grpo-100step,AOS-GRPO,
,,188,kezpoynl,qwen-manimator-1-grpo-100step,AOS-GRPO,
,,189,kezpoynl,qwen-manimator-1-grpo-100step,AOS-GRPO,
,,190,kezpoynl,qwen-manimator-1-grpo-100step,AOS-GRPO,
,,191,kezpoynl,qwen-manimator-1-grpo-100step,AOS-GRPO,
,,192,kezpoynl,qwen-manimator-1-grpo-100step,AOS-GRPO,
,,193,kezpoynl,qwen-manimator-1-grpo-100step,AOS-GRPO,
8.333333333333334e-05,0.0136,194,kezpoynl,qwen-manimator-1-grpo-100step,AOS-GRPO,
,,195,kezpoynl,qwen-manimator-1-grpo-100step,AOS-GRPO,
,,196,kezpoynl,qwen-manimator-1-grpo-100step,AOS-GRPO,
,,197,kezpoynl,qwen-manimator-1-grpo-100step,AOS-GRPO,
,,198,kezpoynl,qwen-manimator-1-grpo-100step,AOS-GRPO,
,,199,kezpoynl,qwen-manimator-1-grpo-100step,AOS-GRPO,
,,200,kezpoynl,qwen-manimator-1-grpo-100step,AOS-GRPO,
,,201,kezpoynl,qwen-manimator-1-grpo-100step,AOS-GRPO,
,,202,kezpoynl,qwen-manimator-1-grpo-100step,AOS-GRPO,
,,203,kezpoynl,qwen-manimator-1-grpo-100step,AOS-GRPO,
,,204,kezpoynl,qwen-manimator-1-grpo-100step,AOS-GRPO,
,,205,kezpoynl,qwen-manimator-1-grpo-100step,AOS-GRPO,
,,206,kezpoynl,qwen-manimator-1-grpo-100step,AOS-GRPO,
,,207,kezpoynl,qwen-manimator-1-grpo-100step,AOS-GRPO,
,,208,kezpoynl,qwen-manimator-1-grpo-100step,AOS-GRPO,
8.111111111111112e-05,0.0076,209,kezpoynl,qwen-manimator-1-grpo-100step,AOS-GRPO,
,,210,kezpoynl,qwen-manimator-1-grpo-100step,AOS-GRPO,
,,211,kezpoynl,qwen-manimator-1-grpo-100step,AOS-GRPO,
,,212,kezpoynl,qwen-manimator-1-grpo-100step,AOS-GRPO,
,,213,kezpoynl,qwen-manimator-1-grpo-100step,AOS-GRPO,
,,214,kezpoynl,qwen-manimator-1-grpo-100step,AOS-GRPO,
,,215,kezpoynl,qwen-manimator-1-grpo-100step,AOS-GRPO,
,,216,kezpoynl,qwen-manimator-1-grpo-100step,AOS-GRPO,
,,217,kezpoynl,qwen-manimator-1-grpo-100step,AOS-GRPO,
,,218,kezpoynl,qwen-manimator-1-grpo-100step,AOS-GRPO,
,,219,kezpoynl,qwen-manimator-1-grpo-100step,AOS-GRPO,
,,220,kezpoynl,qwen-manimator-1-grpo-100step,AOS-GRPO,
,,221,kezpoynl,qwen-manimator-1-grpo-100step,AOS-GRPO,
,,222,kezpoynl,qwen-manimator-1-grpo-100step,AOS-GRPO,
,,223,kezpoynl,qwen-manimator-1-grpo-100step,AOS-GRPO,
7.88888888888889e-05,-0.0107,224,kezpoynl,qwen-manimator-1-grpo-100step,AOS-GRPO,
,,225,kezpoynl,qwen-manimator-1-grpo-100step,AOS-GRPO,
,,226,kezpoynl,qwen-manimator-1-grpo-100step,AOS-GRPO,
,,227,kezpoynl,qwen-manimator-1-grpo-100step,AOS-GRPO,
,,228,kezpoynl,qwen-manimator-1-grpo-100step,AOS-GRPO,
,,229,kezpoynl,qwen-manimator-1-grpo-100step,AOS-GRPO,
,,230,kezpoynl,qwen-manimator-1-grpo-100step,AOS-GRPO,
,,231,kezpoynl,qwen-manimator-1-grpo-100step,AOS-GRPO,
,,232,kezpoynl,qwen-manimator-1-grpo-100step,AOS-GRPO,
,,233,kezpoynl,qwen-manimator-1-grpo-100step,AOS-GRPO,
,,234,kezpoynl,qwen-manimator-1-grpo-100step,AOS-GRPO,
,,235,kezpoynl,qwen-manimator-1-grpo-100step,AOS-GRPO,
,,236,kezpoynl,qwen-manimator-1-grpo-100step,AOS-GRPO,
,,237,kezpoynl,qwen-manimator-1-grpo-100step,AOS-GRPO,
,,238,kezpoynl,qwen-manimator-1-grpo-100step,AOS-GRPO,
7.666666666666667e-05,-0.1173,239,kezpoynl,qwen-manimator-1-grpo-100step,AOS-GRPO,
,,240,kezpoynl,qwen-manimator-1-grpo-100step,AOS-GRPO,
,,241,kezpoynl,qwen-manimator-1-grpo-100step,AOS-GRPO,
,,242,kezpoynl,qwen-manimator-1-grpo-100step,AOS-GRPO,
,,243,kezpoynl,qwen-manimator-1-grpo-100step,AOS-GRPO,
,,244,kezpoynl,qwen-manimator-1-grpo-100step,AOS-GRPO,
,,245,kezpoynl,qwen-manimator-1-grpo-100step,AOS-GRPO,
,,246,kezpoynl,qwen-manimator-1-grpo-100step,AOS-GRPO,
,,247,kezpoynl,qwen-manimator-1-grpo-100step,AOS-GRPO,
,,248,kezpoynl,qwen-manimator-1-grpo-100step,AOS-GRPO,
,,249,kezpoynl,qwen-manimator-1-grpo-100step,AOS-GRPO,
,,250,kezpoynl,qwen-manimator-1-grpo-100step,AOS-GRPO,
,,251,kezpoynl,qwen-manimator-1-grpo-100step,AOS-GRPO,
,,252,kezpoynl,qwen-manimator-1-grpo-100step,AOS-GRPO,
,,253,kezpoynl,qwen-manimator-1-grpo-100step,AOS-GRPO,
7.444444444444444e-05,-0.1258,254,kezpoynl,qwen-manimator-1-grpo-100step,AOS-GRPO,
,,255,kezpoynl,qwen-manimator-1-grpo-100step,AOS-GRPO,
,,256,kezpoynl,qwen-manimator-1-grpo-100step,AOS-GRPO,
,,257,kezpoynl,qwen-manimator-1-grpo-100step,AOS-GRPO,
,,258,kezpoynl,qwen-manimator-1-grpo-100step,AOS-GRPO,
,,259,kezpoynl,qwen-manimator-1-grpo-100step,AOS-GRPO,
,,260,kezpoynl,qwen-manimator-1-grpo-100step,AOS-GRPO,
,,261,kezpoynl,qwen-manimator-1-grpo-100step,AOS-GRPO,
,,262,kezpoynl,qwen-manimator-1-grpo-100step,AOS-GRPO,
,,263,kezpoynl,qwen-manimator-1-grpo-100step,AOS-GRPO,
,,264,kezpoynl,qwen-manimator-1-grpo-100step,AOS-GRPO,
,,265,kezpoynl,qwen-manimator-1-grpo-100step,AOS-GRPO,
,,266,kezpoynl,qwen-manimator-1-grpo-100step,AOS-GRPO,
,,267,kezpoynl,qwen-manimator-1-grpo-100step,AOS-GRPO,
,,268,kezpoynl,qwen-manimator-1-grpo-100step,AOS-GRPO,
7.222222222222222e-05,0.0094,269,kezpoynl,qwen-manimator-1-grpo-100step,AOS-GRPO,
,,270,kezpoynl,qwen-manimator-1-grpo-100step,AOS-GRPO,
,,271,kezpoynl,qwen-manimator-1-grpo-100step,AOS-GRPO,
,,272,kezpoynl,qwen-manimator-1-grpo-100step,AOS-GRPO,
,,273,kezpoynl,qwen-manimator-1-grpo-100step,AOS-GRPO,
,,274,kezpoynl,qwen-manimator-1-grpo-100step,AOS-GRPO,
,,275,kezpoynl,qwen-manimator-1-grpo-100step,AOS-GRPO,
,,276,kezpoynl,qwen-manimator-1-grpo-100step,AOS-GRPO,
,,277,kezpoynl,qwen-manimator-1-grpo-100step,AOS-GRPO,
,,278,kezpoynl,qwen-manimator-1-grpo-100step,AOS-GRPO,
,,279,kezpoynl,qwen-manimator-1-grpo-100step,AOS-GRPO,
,,280,kezpoynl,qwen-manimator-1-grpo-100step,AOS-GRPO,
,,281,kezpoynl,qwen-manimator-1-grpo-100step,AOS-GRPO,
,,282,kezpoynl,qwen-manimator-1-grpo-100step,AOS-GRPO,
,,283,kezpoynl,qwen-manimator-1-grpo-100step,AOS-GRPO,
7e-05,0.0647,284,kezpoynl,qwen-manimator-1-grpo-100step,AOS-GRPO,
,,285,kezpoynl,qwen-manimator-1-grpo-100step,AOS-GRPO,
,,286,kezpoynl,qwen-manimator-1-grpo-100step,AOS-GRPO,
,,287,kezpoynl,qwen-manimator-1-grpo-100step,AOS-GRPO,
,,288,kezpoynl,qwen-manimator-1-grpo-100step,AOS-GRPO,
,,289,kezpoynl,qwen-manimator-1-grpo-100step,AOS-GRPO,
,,290,kezpoynl,qwen-manimator-1-grpo-100step,AOS-GRPO,
,,291,kezpoynl,qwen-manimator-1-grpo-100step,AOS-GRPO,
,,292,kezpoynl,qwen-manimator-1-grpo-100step,AOS-GRPO,
,,293,kezpoynl,qwen-manimator-1-grpo-100step,AOS-GRPO,
,,294,kezpoynl,qwen-manimator-1-grpo-100step,AOS-GRPO,
,,295,kezpoynl,qwen-manimator-1-grpo-100step,AOS-GRPO,
,,296,kezpoynl,qwen-manimator-1-grpo-100step,AOS-GRPO,
,,297,kezpoynl,qwen-manimator-1-grpo-100step,AOS-GRPO,
,,298,kezpoynl,qwen-manimator-1-grpo-100step,AOS-GRPO,
6.777777777777778e-05,0.007,299,kezpoynl,qwen-manimator-1-grpo-100step,AOS-GRPO,
,,300,kezpoynl,qwen-manimator-1-grpo-100step,AOS-GRPO,
,,301,kezpoynl,qwen-manimator-1-grpo-100step,AOS-GRPO,
,,302,kezpoynl,qwen-manimator-1-grpo-100step,AOS-GRPO,
,,303,kezpoynl,qwen-manimator-1-grpo-100step,AOS-GRPO,
,,304,kezpoynl,qwen-manimator-1-grpo-100step,AOS-GRPO,
,,305,kezpoynl,qwen-manimator-1-grpo-100step,AOS-GRPO,
,,306,kezpoynl,qwen-manimator-1-grpo-100step,AOS-GRPO,
,,307,kezpoynl,qwen-manimator-1-grpo-100step,AOS-GRPO,
,,308,kezpoynl,qwen-manimator-1-grpo-100step,AOS-GRPO,
,,309,kezpoynl,qwen-manimator-1-grpo-100step,AOS-GRPO,
,,310,kezpoynl,qwen-manimator-1-grpo-100step,AOS-GRPO,
,,311,kezpoynl,qwen-manimator-1-grpo-100step,AOS-GRPO,
,,312,kezpoynl,qwen-manimator-1-grpo-100step,AOS-GRPO,
,,313,kezpoynl,qwen-manimator-1-grpo-100step,AOS-GRPO,
6.555555555555556e-05,0.0426,314,kezpoynl,qwen-manimator-1-grpo-100step,AOS-GRPO,
,,315,kezpoynl,qwen-manimator-1-grpo-100step,AOS-GRPO,
,,316,kezpoynl,qwen-manimator-1-grpo-100step,AOS-GRPO,
,,317,kezpoynl,qwen-manimator-1-grpo-100step,AOS-GRPO,
,,318,kezpoynl,qwen-manimator-1-grpo-100step,AOS-GRPO,
,,319,kezpoynl,qwen-manimator-1-grpo-100step,AOS-GRPO,
,,320,kezpoynl,qwen-manimator-1-grpo-100step,AOS-GRPO,
,,321,kezpoynl,qwen-manimator-1-grpo-100step,AOS-GRPO,
,,322,kezpoynl,qwen-manimator-1-grpo-100step,AOS-GRPO,
,,323,kezpoynl,qwen-manimator-1-grpo-100step,AOS-GRPO,
,,324,kezpoynl,qwen-manimator-1-grpo-100step,AOS-GRPO,
,,325,kezpoynl,qwen-manimator-1-grpo-100step,AOS-GRPO,
,,326,kezpoynl,qwen-manimator-1-grpo-100step,AOS-GRPO,
,,327,kezpoynl,qwen-manimator-1-grpo-100step,AOS-GRPO,
,,328,kezpoynl,qwen-manimator-1-grpo-100step,AOS-GRPO,
6.333333333333333e-05,0.0688,329,kezpoynl,qwen-manimator-1-grpo-100step,AOS-GRPO,
,,330,kezpoynl,qwen-manimator-1-grpo-100step,AOS-GRPO,
,,331,kezpoynl,qwen-manimator-1-grpo-100step,AOS-GRPO,
,,332,kezpoynl,qwen-manimator-1-grpo-100step,AOS-GRPO,
,,333,kezpoynl,qwen-manimator-1-grpo-100step,AOS-GRPO,
,,334,kezpoynl,qwen-manimator-1-grpo-100step,AOS-GRPO,
,,335,kezpoynl,qwen-manimator-1-grpo-100step,AOS-GRPO,
,,336,kezpoynl,qwen-manimator-1-grpo-100step,AOS-GRPO,
,,337,kezpoynl,qwen-manimator-1-grpo-100step,AOS-GRPO,
,,338,kezpoynl,qwen-manimator-1-grpo-100step,AOS-GRPO,
,,339,kezpoynl,qwen-manimator-1-grpo-100step,AOS-GRPO,
,,340,kezpoynl,qwen-manimator-1-grpo-100step,AOS-GRPO,
,,341,kezpoynl,qwen-manimator-1-grpo-100step,AOS-GRPO,
,,342,kezpoynl,qwen-manimator-1-grpo-100step,AOS-GRPO,
,,343,kezpoynl,qwen-manimator-1-grpo-100step,AOS-GRPO,
6.111111111111112e-05,-0.068,344,kezpoynl,qwen-manimator-1-grpo-100step,AOS-GRPO,
,,345,kezpoynl,qwen-manimator-1-grpo-100step,AOS-GRPO,
,,346,kezpoynl,qwen-manimator-1-grpo-100step,AOS-GRPO,
,,347,kezpoynl,qwen-manimator-1-grpo-100step,AOS-GRPO,
,,348,kezpoynl,qwen-manimator-1-grpo-100step,AOS-GRPO,
,,349,kezpoynl,qwen-manimator-1-grpo-100step,AOS-GRPO,
,,350,kezpoynl,qwen-manimator-1-grpo-100step,AOS-GRPO,
,,351,kezpoynl,qwen-manimator-1-grpo-100step,AOS-GRPO,
,,352,kezpoynl,qwen-manimator-1-grpo-100step,AOS-GRPO,
,,353,kezpoynl,qwen-manimator-1-grpo-100step,AOS-GRPO,
,,354,kezpoynl,qwen-manimator-1-grpo-100step,AOS-GRPO,
,,355,kezpoynl,qwen-manimator-1-grpo-100step,AOS-GRPO,
,,356,kezpoynl,qwen-manimator-1-grpo-100step,AOS-GRPO,
,,357,kezpoynl,qwen-manimator-1-grpo-100step,AOS-GRPO,
,,358,kezpoynl,qwen-manimator-1-grpo-100step,AOS-GRPO,
5.8888888888888896e-05,0.0608,359,kezpoynl,qwen-manimator-1-grpo-100step,AOS-GRPO,
,,360,kezpoynl,qwen-manimator-1-grpo-100step,AOS-GRPO,
,,361,kezpoynl,qwen-manimator-1-grpo-100step,AOS-GRPO,
,,362,kezpoynl,qwen-manimator-1-grpo-100step,AOS-GRPO,
,,363,kezpoynl,qwen-manimator-1-grpo-100step,AOS-GRPO,
,,364,kezpoynl,qwen-manimator-1-grpo-100step,AOS-GRPO,
,,365,kezpoynl,qwen-manimator-1-grpo-100step,AOS-GRPO,
,,366,kezpoynl,qwen-manimator-1-grpo-100step,AOS-GRPO,
,,367,kezpoynl,qwen-manimator-1-grpo-100step,AOS-GRPO,
,,368,kezpoynl,qwen-manimator-1-grpo-100step,AOS-GRPO,
,,369,kezpoynl,qwen-manimator-1-grpo-100step,AOS-GRPO,
,,370,kezpoynl,qwen-manimator-1-grpo-100step,AOS-GRPO,
,,371,kezpoynl,qwen-manimator-1-grpo-100step,AOS-GRPO,
,,372,kezpoynl,qwen-manimator-1-grpo-100step,AOS-GRPO,
,,373,kezpoynl,qwen-manimator-1-grpo-100step,AOS-GRPO,
5.666666666666667e-05,-0.1162,374,kezpoynl,qwen-manimator-1-grpo-100step,AOS-GRPO,
,,375,kezpoynl,qwen-manimator-1-grpo-100step,AOS-GRPO,
,,376,kezpoynl,qwen-manimator-1-grpo-100step,AOS-GRPO,
,,377,kezpoynl,qwen-manimator-1-grpo-100step,AOS-GRPO,
,,378,kezpoynl,qwen-manimator-1-grpo-100step,AOS-GRPO,
,,379,kezpoynl,qwen-manimator-1-grpo-100step,AOS-GRPO,
,,380,kezpoynl,qwen-manimator-1-grpo-100step,AOS-GRPO,
,,381,kezpoynl,qwen-manimator-1-grpo-100step,AOS-GRPO,
,,382,kezpoynl,qwen-manimator-1-grpo-100step,AOS-GRPO,
,,383,kezpoynl,qwen-manimator-1-grpo-100step,AOS-GRPO,
,,384,kezpoynl,qwen-manimator-1-grpo-100step,AOS-GRPO,
,,385,kezpoynl,qwen-manimator-1-grpo-100step,AOS-GRPO,
,,386,kezpoynl,qwen-manimator-1-grpo-100step,AOS-GRPO,
,,387,kezpoynl,qwen-manimator-1-grpo-100step,AOS-GRPO,
,,388,kezpoynl,qwen-manimator-1-grpo-100step,AOS-GRPO,
5.4444444444444446e-05,-0.0347,389,kezpoynl,qwen-manimator-1-grpo-100step,AOS-GRPO,
,,390,kezpoynl,qwen-manimator-1-grpo-100step,AOS-GRPO,
,,391,kezpoynl,qwen-manimator-1-grpo-100step,AOS-GRPO,
,,392,kezpoynl,qwen-manimator-1-grpo-100step,AOS-GRPO,
,,393,kezpoynl,qwen-manimator-1-grpo-100step,AOS-GRPO,
,,394,kezpoynl,qwen-manimator-1-grpo-100step,AOS-GRPO,
,,395,kezpoynl,qwen-manimator-1-grpo-100step,AOS-GRPO,
,,396,kezpoynl,qwen-manimator-1-grpo-100step,AOS-GRPO,
,,397,kezpoynl,qwen-manimator-1-grpo-100step,AOS-GRPO,
,,398,kezpoynl,qwen-manimator-1-grpo-100step,AOS-GRPO,
,,399,kezpoynl,qwen-manimator-1-grpo-100step,AOS-GRPO,
,,400,kezpoynl,qwen-manimator-1-grpo-100step,AOS-GRPO,
,,401,kezpoynl,qwen-manimator-1-grpo-100step,AOS-GRPO,
,,402,kezpoynl,qwen-manimator-1-grpo-100step,AOS-GRPO,
,,403,kezpoynl,qwen-manimator-1-grpo-100step,AOS-GRPO,
5.222222222222223e-05,-0.1099,404,kezpoynl,qwen-manimator-1-grpo-100step,AOS-GRPO,
,,405,kezpoynl,qwen-manimator-1-grpo-100step,AOS-GRPO,
,,406,kezpoynl,qwen-manimator-1-grpo-100step,AOS-GRPO,
,,407,kezpoynl,qwen-manimator-1-grpo-100step,AOS-GRPO,
,,408,kezpoynl,qwen-manimator-1-grpo-100step,AOS-GRPO,
,,409,kezpoynl,qwen-manimator-1-grpo-100step,AOS-GRPO,
,,410,kezpoynl,qwen-manimator-1-grpo-100step,AOS-GRPO,
,,411,kezpoynl,qwen-manimator-1-grpo-100step,AOS-GRPO,
,,412,kezpoynl,qwen-manimator-1-grpo-100step,AOS-GRPO,
,,413,kezpoynl,qwen-manimator-1-grpo-100step,AOS-GRPO,
,,414,kezpoynl,qwen-manimator-1-grpo-100step,AOS-GRPO,
,,415,kezpoynl,qwen-manimator-1-grpo-100step,AOS-GRPO,
,,416,kezpoynl,qwen-manimator-1-grpo-100step,AOS-GRPO,
,,417,kezpoynl,qwen-manimator-1-grpo-100step,AOS-GRPO,
,,418,kezpoynl,qwen-manimator-1-grpo-100step,AOS-GRPO,
5e-05,0.0248,419,kezpoynl,qwen-manimator-1-grpo-100step,AOS-GRPO,
,,420,kezpoynl,qwen-manimator-1-grpo-100step,AOS-GRPO,
,,421,kezpoynl,qwen-manimator-1-grpo-100step,AOS-GRPO,
,,422,kezpoynl,qwen-manimator-1-grpo-100step,AOS-GRPO,
,,423,kezpoynl,qwen-manimator-1-grpo-100step,AOS-GRPO,
,,424,kezpoynl,qwen-manimator-1-grpo-100step,AOS-GRPO,
,,425,kezpoynl,qwen-manimator-1-grpo-100step,AOS-GRPO,
,,426,kezpoynl,qwen-manimator-1-grpo-100step,AOS-GRPO,
,,427,kezpoynl,qwen-manimator-1-grpo-100step,AOS-GRPO,
,,428,kezpoynl,qwen-manimator-1-grpo-100step,AOS-GRPO,
,,429,kezpoynl,qwen-manimator-1-grpo-100step,AOS-GRPO,
,,430,kezpoynl,qwen-manimator-1-grpo-100step,AOS-GRPO,
,,431,kezpoynl,qwen-manimator-1-grpo-100step,AOS-GRPO,
,,432,kezpoynl,qwen-manimator-1-grpo-100step,AOS-GRPO,
,,433,kezpoynl,qwen-manimator-1-grpo-100step,AOS-GRPO,
4.7777777777777784e-05,0.0399,434,kezpoynl,qwen-manimator-1-grpo-100step,AOS-GRPO,
,,435,kezpoynl,qwen-manimator-1-grpo-100step,AOS-GRPO,
,,436,kezpoynl,qwen-manimator-1-grpo-100step,AOS-GRPO,
,,437,kezpoynl,qwen-manimator-1-grpo-100step,AOS-GRPO,
,,438,kezpoynl,qwen-manimator-1-grpo-100step,AOS-GRPO,
,,439,kezpoynl,qwen-manimator-1-grpo-100step,AOS-GRPO,
,,440,kezpoynl,qwen-manimator-1-grpo-100step,AOS-GRPO,
,,441,kezpoynl,qwen-manimator-1-grpo-100step,AOS-GRPO,
,,442,kezpoynl,qwen-manimator-1-grpo-100step,AOS-GRPO,
,,443,kezpoynl,qwen-manimator-1-grpo-100step,AOS-GRPO,
,,444,kezpoynl,qwen-manimator-1-grpo-100step,AOS-GRPO,
,,445,kezpoynl,qwen-manimator-1-grpo-100step,AOS-GRPO,
,,446,kezpoynl,qwen-manimator-1-grpo-100step,AOS-GRPO,
,,447,kezpoynl,qwen-manimator-1-grpo-100step,AOS-GRPO,
,,448,kezpoynl,qwen-manimator-1-grpo-100step,AOS-GRPO,
4.555555555555556e-05,-0.0383,449,kezpoynl,qwen-manimator-1-grpo-100step,AOS-GRPO,
,,450,kezpoynl,qwen-manimator-1-grpo-100step,AOS-GRPO,
,,451,kezpoynl,qwen-manimator-1-grpo-100step,AOS-GRPO,
,,452,kezpoynl,qwen-manimator-1-grpo-100step,AOS-GRPO,
,,453,kezpoynl,qwen-manimator-1-grpo-100step,AOS-GRPO,
,,454,kezpoynl,qwen-manimator-1-grpo-100step,AOS-GRPO,
,,455,kezpoynl,qwen-manimator-1-grpo-100step,AOS-GRPO,
,,456,kezpoynl,qwen-manimator-1-grpo-100step,AOS-GRPO,
,,457,kezpoynl,qwen-manimator-1-grpo-100step,AOS-GRPO,
,,458,kezpoynl,qwen-manimator-1-grpo-100step,AOS-GRPO,
,,459,kezpoynl,qwen-manimator-1-grpo-100step,AOS-GRPO,
,,460,kezpoynl,qwen-manimator-1-grpo-100step,AOS-GRPO,
,,461,kezpoynl,qwen-manimator-1-grpo-100step,AOS-GRPO,
,,462,kezpoynl,qwen-manimator-1-grpo-100step,AOS-GRPO,
,,463,kezpoynl,qwen-manimator-1-grpo-100step,AOS-GRPO,
4.3333333333333334e-05,0.1666,464,kezpoynl,qwen-manimator-1-grpo-100step,AOS-GRPO,
,,465,kezpoynl,qwen-manimator-1-grpo-100step,AOS-GRPO,
,,466,kezpoynl,qwen-manimator-1-grpo-100step,AOS-GRPO,
,,467,kezpoynl,qwen-manimator-1-grpo-100step,AOS-GRPO,
,,468,kezpoynl,qwen-manimator-1-grpo-100step,AOS-GRPO,
,,469,kezpoynl,qwen-manimator-1-grpo-100step,AOS-GRPO,
,,470,kezpoynl,qwen-manimator-1-grpo-100step,AOS-GRPO,
,,471,kezpoynl,qwen-manimator-1-grpo-100step,AOS-GRPO,
,,472,kezpoynl,qwen-manimator-1-grpo-100step,AOS-GRPO,
,,473,kezpoynl,qwen-manimator-1-grpo-100step,AOS-GRPO,
,,474,kezpoynl,qwen-manimator-1-grpo-100step,AOS-GRPO,
,,475,kezpoynl,qwen-manimator-1-grpo-100step,AOS-GRPO,
,,476,kezpoynl,qwen-manimator-1-grpo-100step,AOS-GRPO,
,,477,kezpoynl,qwen-manimator-1-grpo-100step,AOS-GRPO,
,,478,kezpoynl,qwen-manimator-1-grpo-100step,AOS-GRPO,
4.111111111111111e-05,0.0276,479,kezpoynl,qwen-manimator-1-grpo-100step,AOS-GRPO,
,,480,kezpoynl,qwen-manimator-1-grpo-100step,AOS-GRPO,
,,481,kezpoynl,qwen-manimator-1-grpo-100step,AOS-GRPO,
,,482,kezpoynl,qwen-manimator-1-grpo-100step,AOS-GRPO,
,,483,kezpoynl,qwen-manimator-1-grpo-100step,AOS-GRPO,
,,484,kezpoynl,qwen-manimator-1-grpo-100step,AOS-GRPO,
,,485,kezpoynl,qwen-manimator-1-grpo-100step,AOS-GRPO,
,,486,kezpoynl,qwen-manimator-1-grpo-100step,AOS-GRPO,
,,487,kezpoynl,qwen-manimator-1-grpo-100step,AOS-GRPO,
,,488,kezpoynl,qwen-manimator-1-grpo-100step,AOS-GRPO,
,,489,kezpoynl,qwen-manimator-1-grpo-100step,AOS-GRPO,
,,490,kezpoynl,qwen-manimator-1-grpo-100step,AOS-GRPO,
,,491,kezpoynl,qwen-manimator-1-grpo-100step,AOS-GRPO,
,,492,kezpoynl,qwen-manimator-1-grpo-100step,AOS-GRPO,
,,493,kezpoynl,qwen-manimator-1-grpo-100step,AOS-GRPO,
3.888888888888889e-05,-0.0814,494,kezpoynl,qwen-manimator-1-grpo-100step,AOS-GRPO,
,,495,kezpoynl,qwen-manimator-1-grpo-100step,AOS-GRPO,
,,496,kezpoynl,qwen-manimator-1-grpo-100step,AOS-GRPO,
,,497,kezpoynl,qwen-manimator-1-grpo-100step,AOS-GRPO,
,,498,kezpoynl,qwen-manimator-1-grpo-100step,AOS-GRPO,
,,499,kezpoynl,qwen-manimator-1-grpo-100step,AOS-GRPO,
,,500,kezpoynl,qwen-manimator-1-grpo-100step,AOS-GRPO,
,,501,kezpoynl,qwen-manimator-1-grpo-100step,AOS-GRPO,
,,502,kezpoynl,qwen-manimator-1-grpo-100step,AOS-GRPO,
,,503,kezpoynl,qwen-manimator-1-grpo-100step,AOS-GRPO,
,,504,kezpoynl,qwen-manimator-1-grpo-100step,AOS-GRPO,
,,505,kezpoynl,qwen-manimator-1-grpo-100step,AOS-GRPO,
,,506,kezpoynl,qwen-manimator-1-grpo-100step,AOS-GRPO,
,,507,kezpoynl,qwen-manimator-1-grpo-100step,AOS-GRPO,
,,508,kezpoynl,qwen-manimator-1-grpo-100step,AOS-GRPO,
3.6666666666666666e-05,0.0222,509,kezpoynl,qwen-manimator-1-grpo-100step,AOS-GRPO,
,,510,kezpoynl,qwen-manimator-1-grpo-100step,AOS-GRPO,
,,511,kezpoynl,qwen-manimator-1-grpo-100step,AOS-GRPO,
,,512,kezpoynl,qwen-manimator-1-grpo-100step,AOS-GRPO,
,,513,kezpoynl,qwen-manimator-1-grpo-100step,AOS-GRPO,
,,514,kezpoynl,qwen-manimator-1-grpo-100step,AOS-GRPO,
,,515,kezpoynl,qwen-manimator-1-grpo-100step,AOS-GRPO,
,,516,kezpoynl,qwen-manimator-1-grpo-100step,AOS-GRPO,
,,517,kezpoynl,qwen-manimator-1-grpo-100step,AOS-GRPO,
,,518,kezpoynl,qwen-manimator-1-grpo-100step,AOS-GRPO,
,,519,kezpoynl,qwen-manimator-1-grpo-100step,AOS-GRPO,
,,520,kezpoynl,qwen-manimator-1-grpo-100step,AOS-GRPO,
,,521,kezpoynl,qwen-manimator-1-grpo-100step,AOS-GRPO,
,,522,kezpoynl,qwen-manimator-1-grpo-100step,AOS-GRPO,
,,523,kezpoynl,qwen-manimator-1-grpo-100step,AOS-GRPO,
3.444444444444445e-05,0.0647,524,kezpoynl,qwen-manimator-1-grpo-100step,AOS-GRPO,
,,525,kezpoynl,qwen-manimator-1-grpo-100step,AOS-GRPO,
,,526,kezpoynl,qwen-manimator-1-grpo-100step,AOS-GRPO,
,,527,kezpoynl,qwen-manimator-1-grpo-100step,AOS-GRPO,
,,528,kezpoynl,qwen-manimator-1-grpo-100step,AOS-GRPO,
,,529,kezpoynl,qwen-manimator-1-grpo-100step,AOS-GRPO,
,,530,kezpoynl,qwen-manimator-1-grpo-100step,AOS-GRPO,
,,531,kezpoynl,qwen-manimator-1-grpo-100step,AOS-GRPO,
,,532,kezpoynl,qwen-manimator-1-grpo-100step,AOS-GRPO,
,,533,kezpoynl,qwen-manimator-1-grpo-100step,AOS-GRPO,
,,534,kezpoynl,qwen-manimator-1-grpo-100step,AOS-GRPO,
,,535,kezpoynl,qwen-manimator-1-grpo-100step,AOS-GRPO,
,,536,kezpoynl,qwen-manimator-1-grpo-100step,AOS-GRPO,
,,537,kezpoynl,qwen-manimator-1-grpo-100step,AOS-GRPO,
,,538,kezpoynl,qwen-manimator-1-grpo-100step,AOS-GRPO,
3.222222222222223e-05,-0.0835,539,kezpoynl,qwen-manimator-1-grpo-100step,AOS-GRPO,
,,540,kezpoynl,qwen-manimator-1-grpo-100step,AOS-GRPO,
,,541,kezpoynl,qwen-manimator-1-grpo-100step,AOS-GRPO,
,,542,kezpoynl,qwen-manimator-1-grpo-100step,AOS-GRPO,
,,543,kezpoynl,qwen-manimator-1-grpo-100step,AOS-GRPO,
,,544,kezpoynl,qwen-manimator-1-grpo-100step,AOS-GRPO,
,,545,kezpoynl,qwen-manimator-1-grpo-100step,AOS-GRPO,
,,546,kezpoynl,qwen-manimator-1-grpo-100step,AOS-GRPO,
,,547,kezpoynl,qwen-manimator-1-grpo-100step,AOS-GRPO,
,,548,kezpoynl,qwen-manimator-1-grpo-100step,AOS-GRPO,
,,549,kezpoynl,qwen-manimator-1-grpo-100step,AOS-GRPO,
,,550,kezpoynl,qwen-manimator-1-grpo-100step,AOS-GRPO,
,,551,kezpoynl,qwen-manimator-1-grpo-100step,AOS-GRPO,
,,552,kezpoynl,qwen-manimator-1-grpo-100step,AOS-GRPO,
,,553,kezpoynl,qwen-manimator-1-grpo-100step,AOS-GRPO,
3e-05,0.0236,554,kezpoynl,qwen-manimator-1-grpo-100step,AOS-GRPO,
,,555,kezpoynl,qwen-manimator-1-grpo-100step,AOS-GRPO,
,,556,kezpoynl,qwen-manimator-1-grpo-100step,AOS-GRPO,
,,557,kezpoynl,qwen-manimator-1-grpo-100step,AOS-GRPO,
,,558,kezpoynl,qwen-manimator-1-grpo-100step,AOS-GRPO,
,,559,kezpoynl,qwen-manimator-1-grpo-100step,AOS-GRPO,
,,560,kezpoynl,qwen-manimator-1-grpo-100step,AOS-GRPO,
,,561,kezpoynl,qwen-manimator-1-grpo-100step,AOS-GRPO,
,,562,kezpoynl,qwen-manimator-1-grpo-100step,AOS-GRPO,
,,563,kezpoynl,qwen-manimator-1-grpo-100step,AOS-GRPO,
,,564,kezpoynl,qwen-manimator-1-grpo-100step,AOS-GRPO,
,,565,kezpoynl,qwen-manimator-1-grpo-100step,AOS-GRPO,
,,566,kezpoynl,qwen-manimator-1-grpo-100step,AOS-GRPO,
,,567,kezpoynl,qwen-manimator-1-grpo-100step,AOS-GRPO,
,,568,kezpoynl,qwen-manimator-1-grpo-100step,AOS-GRPO,
2.777777777777778e-05,0.0326,569,kezpoynl,qwen-manimator-1-grpo-100step,AOS-GRPO,
,,570,kezpoynl,qwen-manimator-1-grpo-100step,AOS-GRPO,
,,571,kezpoynl,qwen-manimator-1-grpo-100step,AOS-GRPO,
,,572,kezpoynl,qwen-manimator-1-grpo-100step,AOS-GRPO,
,,573,kezpoynl,qwen-manimator-1-grpo-100step,AOS-GRPO,
,,574,kezpoynl,qwen-manimator-1-grpo-100step,AOS-GRPO,
,,575,kezpoynl,qwen-manimator-1-grpo-100step,AOS-GRPO,
,,576,kezpoynl,qwen-manimator-1-grpo-100step,AOS-GRPO,
,,577,kezpoynl,qwen-manimator-1-grpo-100step,AOS-GRPO,
,,578,kezpoynl,qwen-manimator-1-grpo-100step,AOS-GRPO,
,,579,kezpoynl,qwen-manimator-1-grpo-100step,AOS-GRPO,
,,580,kezpoynl,qwen-manimator-1-grpo-100step,AOS-GRPO,
,,581,kezpoynl,qwen-manimator-1-grpo-100step,AOS-GRPO,
,,582,kezpoynl,qwen-manimator-1-grpo-100step,AOS-GRPO,
,,583,kezpoynl,qwen-manimator-1-grpo-100step,AOS-GRPO,
2.5555555555555554e-05,-0.0403,584,kezpoynl,qwen-manimator-1-grpo-100step,AOS-GRPO,
,,585,kezpoynl,qwen-manimator-1-grpo-100step,AOS-GRPO,
,,586,kezpoynl,qwen-manimator-1-grpo-100step,AOS-GRPO,
,,587,kezpoynl,qwen-manimator-1-grpo-100step,AOS-GRPO,
,,588,kezpoynl,qwen-manimator-1-grpo-100step,AOS-GRPO,
,,589,kezpoynl,qwen-manimator-1-grpo-100step,AOS-GRPO,
,,590,kezpoynl,qwen-manimator-1-grpo-100step,AOS-GRPO,
,,591,kezpoynl,qwen-manimator-1-grpo-100step,AOS-GRPO,
,,592,kezpoynl,qwen-manimator-1-grpo-100step,AOS-GRPO,
,,593,kezpoynl,qwen-manimator-1-grpo-100step,AOS-GRPO,
,,594,kezpoynl,qwen-manimator-1-grpo-100step,AOS-GRPO,
,,595,kezpoynl,qwen-manimator-1-grpo-100step,AOS-GRPO,
,,596,kezpoynl,qwen-manimator-1-grpo-100step,AOS-GRPO,
,,597,kezpoynl,qwen-manimator-1-grpo-100step,AOS-GRPO,
,,598,kezpoynl,qwen-manimator-1-grpo-100step,AOS-GRPO,
2.3333333333333336e-05,-0.0871,599,kezpoynl,qwen-manimator-1-grpo-100step,AOS-GRPO,
,,600,kezpoynl,qwen-manimator-1-grpo-100step,AOS-GRPO,
,,601,kezpoynl,qwen-manimator-1-grpo-100step,AOS-GRPO,
,,602,kezpoynl,qwen-manimator-1-grpo-100step,AOS-GRPO,
,,603,kezpoynl,qwen-manimator-1-grpo-100step,AOS-GRPO,
,,604,kezpoynl,qwen-manimator-1-grpo-100step,AOS-GRPO,
,,605,kezpoynl,qwen-manimator-1-grpo-100step,AOS-GRPO,
,,606,kezpoynl,qwen-manimator-1-grpo-100step,AOS-GRPO,
,,607,kezpoynl,qwen-manimator-1-grpo-100step,AOS-GRPO,
,,608,kezpoynl,qwen-manimator-1-grpo-100step,AOS-GRPO,
,,609,kezpoynl,qwen-manimator-1-grpo-100step,AOS-GRPO,
,,610,kezpoynl,qwen-manimator-1-grpo-100step,AOS-GRPO,
,,611,kezpoynl,qwen-manimator-1-grpo-100step,AOS-GRPO,
,,612,kezpoynl,qwen-manimator-1-grpo-100step,AOS-GRPO,
,,613,kezpoynl,qwen-manimator-1-grpo-100step,AOS-GRPO,
2.111111111111111e-05,-0.0035,614,kezpoynl,qwen-manimator-1-grpo-100step,AOS-GRPO,
,,615,kezpoynl,qwen-manimator-1-grpo-100step,AOS-GRPO,
,,616,kezpoynl,qwen-manimator-1-grpo-100step,AOS-GRPO,
,,617,kezpoynl,qwen-manimator-1-grpo-100step,AOS-GRPO,
,,618,kezpoynl,qwen-manimator-1-grpo-100step,AOS-GRPO,
,,619,kezpoynl,qwen-manimator-1-grpo-100step,AOS-GRPO,
,,620,kezpoynl,qwen-manimator-1-grpo-100step,AOS-GRPO,
,,621,kezpoynl,qwen-manimator-1-grpo-100step,AOS-GRPO,
,,622,kezpoynl,qwen-manimator-1-grpo-100step,AOS-GRPO,
,,623,kezpoynl,qwen-manimator-1-grpo-100step,AOS-GRPO,
,,624,kezpoynl,qwen-manimator-1-grpo-100step,AOS-GRPO,
,,625,kezpoynl,qwen-manimator-1-grpo-100step,AOS-GRPO,
,,626,kezpoynl,qwen-manimator-1-grpo-100step,AOS-GRPO,
,,627,kezpoynl,qwen-manimator-1-grpo-100step,AOS-GRPO,
,,628,kezpoynl,qwen-manimator-1-grpo-100step,AOS-GRPO,
1.888888888888889e-05,0.0042,629,kezpoynl,qwen-manimator-1-grpo-100step,AOS-GRPO,
,,630,kezpoynl,qwen-manimator-1-grpo-100step,AOS-GRPO,
,,631,kezpoynl,qwen-manimator-1-grpo-100step,AOS-GRPO,
,,632,kezpoynl,qwen-manimator-1-grpo-100step,AOS-GRPO,
,,633,kezpoynl,qwen-manimator-1-grpo-100step,AOS-GRPO,
,,634,kezpoynl,qwen-manimator-1-grpo-100step,AOS-GRPO,
,,635,kezpoynl,qwen-manimator-1-grpo-100step,AOS-GRPO,
,,636,kezpoynl,qwen-manimator-1-grpo-100step,AOS-GRPO,
,,637,kezpoynl,qwen-manimator-1-grpo-100step,AOS-GRPO,
,,638,kezpoynl,qwen-manimator-1-grpo-100step,AOS-GRPO,
,,639,kezpoynl,qwen-manimator-1-grpo-100step,AOS-GRPO,
,,640,kezpoynl,qwen-manimator-1-grpo-100step,AOS-GRPO,
,,641,kezpoynl,qwen-manimator-1-grpo-100step,AOS-GRPO,
,,642,kezpoynl,qwen-manimator-1-grpo-100step,AOS-GRPO,
,,643,kezpoynl,qwen-manimator-1-grpo-100step,AOS-GRPO,
1.6666666666666667e-05,0.0526,644,kezpoynl,qwen-manimator-1-grpo-100step,AOS-GRPO,
,,645,kezpoynl,qwen-manimator-1-grpo-100step,AOS-GRPO,
,,646,kezpoynl,qwen-manimator-1-grpo-100step,AOS-GRPO,
,,647,kezpoynl,qwen-manimator-1-grpo-100step,AOS-GRPO,
,,648,kezpoynl,qwen-manimator-1-grpo-100step,AOS-GRPO,
,,649,kezpoynl,qwen-manimator-1-grpo-100step,AOS-GRPO,
,,650,kezpoynl,qwen-manimator-1-grpo-100step,AOS-GRPO,
,,651,kezpoynl,qwen-manimator-1-grpo-100step,AOS-GRPO,
,,652,kezpoynl,qwen-manimator-1-grpo-100step,AOS-GRPO,
,,653,kezpoynl,qwen-manimator-1-grpo-100step,AOS-GRPO,
,,654,kezpoynl,qwen-manimator-1-grpo-100step,AOS-GRPO,
,,655,kezpoynl,qwen-manimator-1-grpo-100step,AOS-GRPO,
,,656,kezpoynl,qwen-manimator-1-grpo-100step,AOS-GRPO,
,,657,kezpoynl,qwen-manimator-1-grpo-100step,AOS-GRPO,
,,658,kezpoynl,qwen-manimator-1-grpo-100step,AOS-GRPO,
1.4444444444444444e-05,0.0228,659,kezpoynl,qwen-manimator-1-grpo-100step,AOS-GRPO,
,,660,kezpoynl,qwen-manimator-1-grpo-100step,AOS-GRPO,
,,661,kezpoynl,qwen-manimator-1-grpo-100step,AOS-GRPO,
,,662,kezpoynl,qwen-manimator-1-grpo-100step,AOS-GRPO,
,,663,kezpoynl,qwen-manimator-1-grpo-100step,AOS-GRPO,
,,664,kezpoynl,qwen-manimator-1-grpo-100step,AOS-GRPO,
,,665,kezpoynl,qwen-manimator-1-grpo-100step,AOS-GRPO,
,,666,kezpoynl,qwen-manimator-1-grpo-100step,AOS-GRPO,
,,667,kezpoynl,qwen-manimator-1-grpo-100step,AOS-GRPO,
,,668,kezpoynl,qwen-manimator-1-grpo-100step,AOS-GRPO,
,,669,kezpoynl,qwen-manimator-1-grpo-100step,AOS-GRPO,
,,670,kezpoynl,qwen-manimator-1-grpo-100step,AOS-GRPO,
,,671,kezpoynl,qwen-manimator-1-grpo-100step,AOS-GRPO,
,,672,kezpoynl,qwen-manimator-1-grpo-100step,AOS-GRPO,
,,673,kezpoynl,qwen-manimator-1-grpo-100step,AOS-GRPO,
1.2222222222222222e-05,0.0769,674,kezpoynl,qwen-manimator-1-grpo-100step,AOS-GRPO,
,,675,kezpoynl,qwen-manimator-1-grpo-100step,AOS-GRPO,
,,676,kezpoynl,qwen-manimator-1-grpo-100step,AOS-GRPO,
,,677,kezpoynl,qwen-manimator-1-grpo-100step,AOS-GRPO,
,,678,kezpoynl,qwen-manimator-1-grpo-100step,AOS-GRPO,
,,679,kezpoynl,qwen-manimator-1-grpo-100step,AOS-GRPO,
,,680,kezpoynl,qwen-manimator-1-grpo-100step,AOS-GRPO,
,,681,kezpoynl,qwen-manimator-1-grpo-100step,AOS-GRPO,
,,682,kezpoynl,qwen-manimator-1-grpo-100step,AOS-GRPO,
